playerID,year,stint,tmID,lgID,GP,Min,W,L,T/OL,ENG,SHO,GA,SA,PostGP,PostMin,PostW,PostL,PostT,PostENG,PostSHO,PostGA,PostSA
abbotge01,1943,1,BOS,NHL,1.0,60.0,0.0,1.0,0.0,,0.0,7.0,,,,,,,,,,
abrahch01,1974,1,NEW,WHA,16.0,870.0,8.0,6.0,1.0,0.0,1.0,47.0,504.0,,,,,,,,,
abrahch01,1975,1,NEW,WHA,41.0,2385.0,18.0,18.0,2.0,1.0,2.0,136.0,1221.0,1.0,1.0,0.0,0.0,,0.0,0.0,0.0,
abrahch01,1976,1,NEW,WHA,45.0,2484.0,15.0,22.0,4.0,0.0,0.0,159.0,1438.0,2.0,90.0,0.0,1.0,,0.0,0.0,5.0,51.0
adamsjo02,1972,1,BOS,NHL,14.0,780.0,9.0,3.0,1.0,0.0,1.0,39.0,,,,,,,,,,
adamsjo02,1974,1,WAS,NHL,8.0,400.0,0.0,7.0,0.0,0.0,0.0,46.0,,,,,,,,,,
aebisda01,2000,1,COL,NHL,26.0,1393.0,12.0,7.0,3.0,3.0,3.0,52.0,538.0,1.0,1.0,0.0,0.0,,0.0,0.0,0.0,0.0
aebisda01,2001,1,COL,NHL,21.0,1184.0,13.0,6.0,0.0,4.0,2.0,37.0,538.0,1.0,34.0,0.0,0.0,,0.0,0.0,1.0,14.0
aebisda01,2002,1,COL,NHL,22.0,1235.0,7.0,12.0,0.0,4.0,1.0,50.0,593.0,,,,,,,,,
aebisda01,2003,1,COL,NHL,62.0,3703.0,32.0,19.0,9.0,5.0,4.0,129.0,1703.0,11.0,662.0,6.0,5.0,,1.0,1.0,23.0,295.0
aebisda01,2005,1,COL,NHL,43.0,2477.0,25.0,14.0,2.0,2.0,3.0,123.0,1233.0,,,,,,,,,
aebisda01,2005,2,MTL,NHL,7.0,418.0,4.0,3.0,0.0,1.0,0.0,26.0,240.0,,,,,,,,,
aebisda01,2006,1,MTL,NHL,32.0,1760.0,13.0,12.0,3.0,4.0,0.0,93.0,929.0,,,,,,,,,
aebisda01,2007,1,PHO,NHL,1.0,60.0,0.0,1.0,0.0,0.0,0.0,3.0,33.0,,,,,,,,,
aikendo01,1957,1,MTL,NHL,1.0,34.0,0.0,1.0,0.0,,0.0,6.0,,,,,,,,,,
aitkean01,1932,1,NYR,NHL,48.0,2970.0,23.0,17.0,8.0,,3.0,107.0,,8.0,488.0,6.0,1.0,1.0,,2.0,13.0,
aitkean01,1933,1,NYR,NHL,48.0,2990.0,21.0,19.0,8.0,,7.0,113.0,,2.0,120.0,0.0,1.0,1.0,,1.0,2.0,
aitkean01,1934,1,NYR,NHL,10.0,610.0,3.0,7.0,0.0,,1.0,37.0,,,,,,,,,,
almasre01,1946,1,DET,NHL,1.0,60.0,0.0,1.0,0.0,,0.0,5.0,,5.0,263.0,1.0,3.0,,,0.0,13.0,
almasre01,1950,1,CHI,NHL,1.0,60.0,0.0,1.0,0.0,,0.0,5.0,,,,,,,,,,
almasre01,1952,1,DET,NHL,1.0,60.0,0.0,0.0,1.0,,0.0,3.0,,,,,,,,,,
andercr01,2002,1,CHI,NHL,6.0,270.0,0.0,3.0,2.0,0.0,0.0,18.0,125.0,,,,,,,,,
andercr01,2003,1,CHI,NHL,21.0,1205.0,6.0,14.0,0.0,4.0,1.0,57.0,602.0,,,,,,,,,
andercr01,2005,1,CHI,NHL,29.0,1553.0,6.0,12.0,4.0,2.0,1.0,86.0,757.0,,,,,,,,,
andercr01,2006,1,FLO,NHL,5.0,217.0,1.0,1.0,1.0,0.0,0.0,8.0,116.0,,,,,,,,,
andercr01,2007,1,FLO,NHL,17.0,935.0,8.0,6.0,1.0,0.0,2.0,35.0,535.0,,,,,,,,,
andercr01,2008,1,FLO,NHL,31.0,1636.0,15.0,7.0,5.0,0.0,3.0,74.0,977.0,,,,,,,,,
andercr01,2009,1,COL,NHL,71.0,4235.0,38.0,25.0,7.0,6.0,7.0,186.0,2233.0,6.0,366.0,2.0,4.0,,2.0,1.0,16.0,239.0
anderlo01,1951,1,NYR,NHL,3.0,180.0,1.0,2.0,0.0,,0.0,18.0,,,,,,,,,,
archayv01,1972,1,PHB,WHA,6.0,260.0,1.0,3.0,0.0,0.0,0.0,17.0,122.0,3.0,153.0,0.0,2.0,,0.0,0.0,11.0,66.0
archayv01,1973,1,VAB,WHA,5.0,263.0,1.0,4.0,0.0,0.0,0.0,27.0,183.0,,,,,,,,,
askeyto01,1997,1,ANA,NHL,7.0,273.0,0.0,1.0,2.0,2.0,0.0,12.0,113.0,,,,,,,,,
askeyto01,1998,1,ANA,NHL,,,,,,,,,,1.0,30.0,0.0,1.0,,0.0,0.0,2.0,11.0
astroha01,1977,1,NYR,NHL,4.0,240.0,2.0,2.0,0.0,0.0,0.0,14.0,,,,,,,,,,
astroha01,1979,1,COR,NHL,49.0,2574.0,9.0,27.0,6.0,3.0,0.0,161.0,,,,,,,,,,
astroha01,1980,1,COR,NHL,30.0,1642.0,6.0,15.0,6.0,3.0,0.0,103.0,,,,,,,,,,
aubinje01,1998,1,PIT,NHL,17.0,756.0,4.0,3.0,6.0,0.0,2.0,28.0,304.0,,,,,,,,,
aubinje01,1999,1,PIT,NHL,51.0,2789.0,23.0,21.0,3.0,3.0,2.0,120.0,1392.0,,,,,,,,,
aubinje01,2000,1,PIT,NHL,36.0,2050.0,20.0,14.0,1.0,5.0,0.0,107.0,973.0,1.0,1.0,0.0,0.0,,0.0,0.0,0.0,0.0
aubinje01,2001,1,PIT,NHL,21.0,1094.0,3.0,12.0,1.0,3.0,0.0,65.0,537.0,,,,,,,,,
aubinje01,2002,1,PIT,NHL,21.0,1132.0,6.0,13.0,0.0,3.0,1.0,59.0,589.0,,,,,,,,,
aubinje01,2003,1,PIT,NHL,22.0,1067.0,7.0,9.0,0.0,4.0,1.0,53.0,574.0,,,,,,,,,
aubinje01,2005,1,TOR,NHL,11.0,677.0,9.0,0.0,2.0,0.0,1.0,25.0,330.0,,,,,,,,,
aubinje01,2006,1,TOR,NHL,20.0,804.0,3.0,5.0,2.0,1.0,0.0,46.0,371.0,,,,,,,,,
aubinje01,2007,1,LAK,NHL,19.0,828.0,5.0,6.0,1.0,3.0,0.0,44.0,385.0,,,,,,,,,
aubryse01,1972,1,QUN,WHA,52.0,3036.0,25.0,22.0,3.0,0.0,1.0,182.0,1781.0,,,,,,,,,
aubryse01,1973,1,QUN,WHA,26.0,1395.0,11.0,11.0,2.0,1.0,1.0,90.0,751.0,,,,,,,,,
aubryse01,1974,1,QUN,WHA,31.0,1762.0,17.0,11.0,0.0,0.0,0.0,109.0,959.0,,,,,,,,,
aubryse01,1975,1,CIN,WHA,12.0,549.0,6.0,4.0,0.0,0.0,1.0,38.0,267.0,,,,,,,,,
aubryse01,1976,1,QUN,WHA,21.0,769.0,6.0,5.0,0.0,2.0,1.0,51.0,369.0,3.0,18.0,0.0,0.0,,0.0,0.0,1.0,10.0
auldal01,2001,1,VAN,NHL,1.0,60.0,1.0,0.0,0.0,0.0,0.0,2.0,22.0,,,,,,,,,
auldal01,2002,1,VAN,NHL,7.0,382.0,3.0,3.0,0.0,0.0,1.0,10.0,165.0,1.0,20.0,0.0,0.0,,0.0,0.0,1.0,5.0
auldal01,2003,1,VAN,NHL,6.0,349.0,2.0,2.0,2.0,0.0,0.0,12.0,168.0,3.0,222.0,1.0,2.0,,0.0,0.0,9.0,88.0
auldal01,2005,1,VAN,NHL,67.0,3859.0,33.0,26.0,6.0,3.0,0.0,189.0,1938.0,,,,,,,,,
auldal01,2006,1,FLO,NHL,27.0,1471.0,7.0,13.0,5.0,5.0,1.0,82.0,729.0,,,,,,,,,
auldal01,2007,1,PHO,NHL,9.0,509.0,3.0,6.0,0.0,2.0,1.0,30.0,249.0,,,,,,,,,
auldal01,2007,2,BOS,NHL,23.0,1213.0,9.0,7.0,5.0,3.0,2.0,47.0,578.0,,,,,,,,,
auldal01,2008,1,OTT,NHL,43.0,2449.0,16.0,18.0,7.0,7.0,1.0,101.0,1141.0,,,,,,,,,
auldal01,2009,1,DAL,NHL,21.0,1181.0,9.0,6.0,3.0,1.0,0.0,59.0,558.0,,,,,,,,,
auldal01,2009,2,NYR,NHL,3.0,119.0,0.0,1.0,0.0,0.0,0.0,5.0,52.0,,,,,,,,,
babarse01,1977,1,SOV,WHA,5.0,300.0,3.0,1.0,1.0,0.0,0.0,17.0,129.0,,,,,,,,,
babarse01,1978,1,SOV,WHA,2.0,63.0,1.0,0.0,0.0,0.0,0.0,3.0,,,,,,,,,,
bacasja01,2005,1,STL,NHL,19.0,966.0,4.0,10.0,1.0,5.0,0.0,52.0,515.0,,,,,,,,,
bacasja01,2006,1,STL,NHL,19.0,894.0,3.0,7.0,3.0,1.0,0.0,47.0,450.0,,,,,,,,,
bachry01,1998,1,LAK,NHL,3.0,108.0,0.0,3.0,0.0,0.0,0.0,8.0,66.0,,,,,,,,,
backljo01,2009,1,PHI,NHL,1.0,40.0,0.0,1.0,0.0,0.0,0.0,2.0,24.0,1.0,1.0,0.0,0.0,,0.0,0.0,0.0,0.0
backsni01,2006,1,MIN,NHL,41.0,2227.0,23.0,8.0,6.0,1.0,5.0,73.0,1028.0,5.0,297.0,1.0,4.0,,1.0,0.0,11.0,145.0
backsni01,2007,1,MIN,NHL,58.0,3409.0,33.0,13.0,8.0,2.0,4.0,131.0,1629.0,6.0,361.0,2.0,4.0,,0.0,0.0,17.0,170.0
backsni01,2008,1,MIN,NHL,71.0,4088.0,37.0,24.0,8.0,3.0,8.0,159.0,2059.0,,,,,,,,,
backsni01,2009,1,MIN,NHL,60.0,3489.0,26.0,23.0,8.0,6.0,2.0,158.0,1632.0,,,,,,,,,
bailesc01,1995,1,BOS,NHL,11.0,571.0,5.0,1.0,2.0,0.0,0.0,31.0,264.0,,,,,,,,,
bailesc01,1996,1,BOS,NHL,8.0,394.0,1.0,5.0,0.0,2.0,0.0,24.0,181.0,,,,,,,,,
bakerbi02,1909,1,MOS,NHA,2.0,120.0,0.0,2.0,0.0,,0.0,26.0,,,,,,,,,,
bakerst01,1979,1,NYR,NHL,27.0,1391.0,9.0,8.0,6.0,1.0,1.0,79.0,,,,,,,,,,
bakerst01,1980,1,NYR,NHL,21.0,1260.0,10.0,6.0,5.0,2.0,2.0,73.0,,14.0,826.0,7.0,7.0,,0.0,0.0,55.0,
bakerst01,1981,1,NYR,NHL,6.0,328.0,1.0,5.0,0.0,0.0,0.0,33.0,,,,,,,,,,
bakerst01,1982,1,NYR,NHL,3.0,102.0,0.0,1.0,0.0,2.0,0.0,5.0,44.0,,,,,,,,,
balesmi01,1992,1,BOS,NHL,1.0,25.0,0.0,0.0,0.0,1.0,0.0,1.0,10.0,,,,,,,,,
balesmi01,1994,1,OTT,NHL,1.0,3.0,0.0,0.0,0.0,0.0,0.0,0.0,1.0,,,,,,,,,
balesmi01,1995,1,OTT,NHL,20.0,1040.0,2.0,14.0,1.0,1.0,0.0,72.0,560.0,,,,,,,,,
balesmi01,1996,1,OTT,NHL,1.0,52.0,0.0,1.0,0.0,0.0,0.0,4.0,18.0,,,,,,,,,
bannemu01,1977,1,VAN,NHL,1.0,20.0,0.0,0.0,0.0,0.0,0.0,0.0,,,,,,,,,,
bannemu01,1980,1,CHI,NHL,15.0,865.0,2.0,10.0,2.0,2.0,0.0,62.0,,,,,,,,,,
bannemu01,1981,1,CHI,NHL,29.0,1671.0,11.0,12.0,4.0,2.0,1.0,116.0,,10.0,555.0,5.0,4.0,,0.0,0.0,35.0,
bannemu01,1982,1,CHI,NHL,41.0,2460.0,24.0,12.0,5.0,2.0,4.0,127.0,1283.0,8.0,480.0,4.0,4.0,,1.0,0.0,32.0,
bannemu01,1983,1,CHI,NHL,56.0,3335.0,23.0,29.0,4.0,4.0,2.0,188.0,1667.0,5.0,300.0,2.0,3.0,,1.0,0.0,17.0,171.0
bannemu01,1984,1,CHI,NHL,60.0,3371.0,27.0,25.0,4.0,3.0,0.0,215.0,1847.0,15.0,906.0,9.0,6.0,,3.0,0.0,72.0,547.0
bannemu01,1985,1,CHI,NHL,48.0,2689.0,20.0,19.0,6.0,2.0,1.0,201.0,1538.0,2.0,81.0,0.0,1.0,,0.0,0.0,9.0,40.0
bannemu01,1986,1,CHI,NHL,39.0,2059.0,9.0,18.0,8.0,2.0,0.0,142.0,1122.0,,,,,,,,,
baronma01,1979,1,BOS,NHL,1.0,40.0,0.0,0.0,0.0,0.0,0.0,2.0,,,,,,,,,,
baronma01,1980,1,BOS,NHL,10.0,507.0,3.0,4.0,1.0,1.0,0.0,24.0,,1.0,20.0,0.0,1.0,,0.0,0.0,3.0,
baronma01,1981,1,BOS,NHL,44.0,2515.0,22.0,16.0,4.0,3.0,1.0,144.0,,,,,,,,,,
baronma01,1982,1,BOS,NHL,9.0,516.0,6.0,3.0,0.0,1.0,0.0,33.0,233.0,,,,,,,,,
baronma01,1983,1,LAK,NHL,21.0,1211.0,3.0,14.0,4.0,5.0,0.0,87.0,633.0,,,,,,,,,
baronma01,1984,1,EDM,NHL,1.0,33.0,0.0,1.0,0.0,0.0,0.0,2.0,9.0,,,,,,,,,
barrato01,1983,1,BUF,NHL,42.0,2475.0,26.0,12.0,3.0,2.0,2.0,117.0,1098.0,3.0,139.0,0.0,2.0,,0.0,0.0,8.0,59.0
barrato01,1984,1,BUF,NHL,54.0,3248.0,25.0,18.0,10.0,4.0,5.0,144.0,1274.0,5.0,300.0,2.0,3.0,,0.0,0.0,22.0,151.0
barrato01,1985,1,BUF,NHL,60.0,3561.0,29.0,24.0,5.0,5.0,2.0,214.0,1778.0,,,,,,,,,
barrato01,1986,1,BUF,NHL,46.0,2501.0,17.0,23.0,2.0,4.0,2.0,152.0,1202.0,,,,,,,,,
barrato01,1987,1,BUF,NHL,54.0,3133.0,25.0,18.0,8.0,1.0,2.0,173.0,1658.0,4.0,224.0,1.0,3.0,,1.0,0.0,16.0,120.0
barrato01,1988,1,BUF,NHL,10.0,545.0,2.0,7.0,0.0,1.0,0.0,45.0,285.0,,,,,,,,,
barrato01,1988,2,PIT,NHL,44.0,2406.0,18.0,15.0,7.0,4.0,0.0,162.0,1445.0,11.0,631.0,7.0,4.0,,1.0,0.0,40.0,389.0
barrato01,1989,1,PIT,NHL,24.0,1294.0,7.0,12.0,3.0,2.0,0.0,101.0,748.0,,,,,,,,,
barrato01,1990,1,PIT,NHL,48.0,2754.0,27.0,16.0,3.0,2.0,1.0,165.0,1579.0,20.0,1175.0,12.0,7.0,,1.0,1.0,51.0,629.0
barrato01,1991,1,PIT,NHL,57.0,3329.0,25.0,22.0,9.0,2.0,1.0,196.0,1702.0,21.0,1233.0,16.0,5.0,,1.0,1.0,58.0,622.0
barrato01,1992,1,PIT,NHL,63.0,3702.0,43.0,14.0,5.0,2.0,4.0,186.0,1885.0,12.0,722.0,7.0,5.0,,2.0,2.0,35.0,370.0
barrato01,1993,1,PIT,NHL,44.0,2482.0,22.0,15.0,5.0,2.0,2.0,139.0,1304.0,6.0,356.0,2.0,4.0,,3.0,0.0,17.0,162.0
barrato01,1994,1,PIT,NHL,2.0,125.0,0.0,1.0,1.0,0.0,0.0,8.0,75.0,2.0,80.0,0.0,1.0,,0.0,0.0,8.0,41.0
barrato01,1995,1,PIT,NHL,49.0,2799.0,29.0,16.0,2.0,5.0,2.0,160.0,1626.0,10.0,558.0,4.0,5.0,,2.0,1.0,26.0,337.0
barrato01,1996,1,PIT,NHL,5.0,270.0,0.0,5.0,0.0,1.0,0.0,26.0,186.0,,,,,,,,,
barrato01,1997,1,PIT,NHL,63.0,3542.0,31.0,14.0,13.0,8.0,7.0,122.0,1556.0,6.0,376.0,2.0,4.0,,1.0,0.0,17.0,171.0
barrato01,1998,1,PIT,NHL,43.0,2306.0,19.0,16.0,3.0,4.0,4.0,98.0,993.0,13.0,787.0,6.0,7.0,,1.0,1.0,35.0,350.0
barrato01,1999,1,PIT,NHL,18.0,870.0,5.0,7.0,2.0,2.0,1.0,46.0,386.0,,,,,,,,,
barrato01,1999,2,OTT,NHL,7.0,418.0,3.0,4.0,0.0,0.0,0.0,22.0,182.0,6.0,372.0,2.0,4.0,,1.0,0.0,16.0,168.0
barrato01,2001,1,CAR,NHL,34.0,1908.0,13.0,12.0,5.0,2.0,2.0,83.0,886.0,,,,,,,,,
barrato01,2001,2,TOR,NHL,4.0,219.0,2.0,2.0,0.0,0.0,0.0,10.0,110.0,,,,,,,,,
barrato01,2002,1,STL,NHL,6.0,293.0,1.0,4.0,0.0,0.0,1.0,16.0,132.0,,,,,,,,,
basseha01,1954,1,CHI,NHL,21.0,1260.0,4.0,9.0,8.0,,0.0,63.0,,,,,,,,,,
basseha01,1955,1,CHI,NHL,12.0,720.0,2.0,9.0,1.0,,1.0,42.0,,,,,,,,,,
basseha01,1960,1,DET,NHL,35.0,2050.0,13.0,13.0,8.0,,0.0,102.0,,4.0,220.0,1.0,2.0,,,0.0,9.0,
basseha01,1961,1,DET,NHL,27.0,1620.0,9.0,12.0,6.0,,3.0,76.0,,,,,,,,,,
basseha01,1962,1,DET,NHL,16.0,960.0,6.0,5.0,5.0,,0.0,53.0,,,,,,,,,,
basseha01,1963,1,DET,NHL,1.0,60.0,0.0,1.0,0.0,0.0,0.0,4.0,,,,,,,,,,
basseha01,1965,1,DET,NHL,11.0,406.0,3.0,3.0,0.0,1.0,0.0,17.0,,1.0,54.0,0.0,1.0,,0.0,0.0,2.0,
basseha01,1966,1,DET,NHL,8.0,384.0,2.0,4.0,0.0,0.0,0.0,22.0,,,,,,,,,,
basseha01,1967,1,PIT,NHL,25.0,1299.0,7.0,10.0,3.0,2.0,1.0,62.0,,,,,,,,,,
bastiba01,1945,1,TOR,NHL,5.0,300.0,0.0,4.0,1.0,,0.0,20.0,,,,,,,,,,
baumaga01,1966,1,MTL,NHL,2.0,120.0,1.0,1.0,0.0,0.0,0.0,5.0,,,,,,,,,,
baumaga01,1967,1,MNS,NHL,26.0,1294.0,5.0,13.0,5.0,0.0,0.0,75.0,,,,,,,,,,
baumaga01,1968,1,MNS,NHL,7.0,304.0,0.0,4.0,1.0,0.0,0.0,22.0,,,,,,,,,,
beaupdo01,1980,1,MNS,NHL,44.0,2585.0,18.0,14.0,11.0,4.0,0.0,138.0,,6.0,360.0,4.0,2.0,,0.0,0.0,26.0,
beaupdo01,1981,1,MNS,NHL,29.0,1634.0,11.0,8.0,9.0,3.0,0.0,101.0,,2.0,60.0,0.0,1.0,,1.0,0.0,4.0,
beaupdo01,1982,1,MNS,NHL,36.0,2011.0,19.0,10.0,5.0,2.0,0.0,120.0,1048.0,4.0,245.0,2.0,2.0,,1.0,0.0,20.0,
beaupdo01,1983,1,MNS,NHL,33.0,1791.0,16.0,13.0,2.0,2.0,0.0,123.0,971.0,13.0,782.0,6.0,7.0,,0.0,1.0,40.0,380.0
beaupdo01,1984,1,MNS,NHL,31.0,1770.0,10.0,17.0,3.0,3.0,1.0,109.0,934.0,4.0,184.0,1.0,1.0,,1.0,0.0,12.0,80.0
beaupdo01,1985,1,MNS,NHL,52.0,3073.0,25.0,20.0,6.0,2.0,1.0,182.0,1690.0,5.0,300.0,2.0,3.0,,1.0,0.0,17.0,158.0
beaupdo01,1986,1,MNS,NHL,47.0,2622.0,17.0,20.0,6.0,4.0,1.0,174.0,1439.0,,,,,,,,,
beaupdo01,1987,1,MNS,NHL,43.0,2288.0,10.0,22.0,3.0,1.0,0.0,161.0,1257.0,,,,,,,,,
beaupdo01,1988,1,MNS,NHL,1.0,59.0,0.0,1.0,0.0,1.0,0.0,3.0,26.0,,,,,,,,,
beaupdo01,1988,2,WAS,NHL,11.0,578.0,5.0,4.0,0.0,1.0,1.0,28.0,269.0,,,,,,,,,
beaupdo01,1989,1,WAS,NHL,48.0,2793.0,23.0,18.0,5.0,3.0,2.0,150.0,1362.0,8.0,401.0,4.0,3.0,,1.0,0.0,18.0,187.0
beaupdo01,1990,1,WAS,NHL,45.0,2572.0,20.0,18.0,3.0,3.0,5.0,113.0,1095.0,11.0,624.0,5.0,5.0,,2.0,1.0,29.0,294.0
beaupdo01,1991,1,WAS,NHL,54.0,3108.0,29.0,17.0,6.0,2.0,1.0,166.0,1435.0,7.0,419.0,3.0,4.0,,3.0,0.0,22.0,212.0
beaupdo01,1992,1,WAS,NHL,58.0,3282.0,27.0,23.0,5.0,7.0,1.0,181.0,1530.0,2.0,119.0,1.0,1.0,,0.0,0.0,9.0,65.0
beaupdo01,1993,1,WAS,NHL,53.0,2853.0,24.0,16.0,8.0,3.0,2.0,135.0,1122.0,8.0,429.0,5.0,2.0,,0.0,1.0,21.0,191.0
beaupdo01,1994,1,OTT,NHL,38.0,2161.0,8.0,25.0,3.0,3.0,1.0,121.0,1167.0,,,,,,,,,
beaupdo01,1995,1,OTT,NHL,33.0,1770.0,6.0,23.0,0.0,9.0,1.0,110.0,892.0,,,,,,,,,
beaupdo01,1995,2,TOR,NHL,8.0,336.0,0.0,5.0,0.0,1.0,0.0,26.0,170.0,2.0,20.0,0.0,0.0,,0.0,0.0,2.0,13.0
beaupdo01,1996,1,TOR,NHL,3.0,110.0,0.0,3.0,0.0,1.0,0.0,10.0,60.0,,,,,,,,,
beaurst01,1989,1,WIN,NHL,19.0,1079.0,7.0,8.0,3.0,4.0,0.0,59.0,570.0,4.0,238.0,1.0,3.0,,0.0,0.0,12.0,105.0
beaurst01,1990,1,WIN,NHL,16.0,836.0,3.0,10.0,1.0,0.0,0.0,55.0,423.0,,,,,,,,,
beaurst01,1991,1,WIN,NHL,26.0,1267.0,6.0,8.0,6.0,1.0,2.0,61.0,611.0,,,,,,,,,
beaurst01,1992,1,PHI,NHL,16.0,802.0,3.0,9.0,0.0,1.0,0.0,59.0,405.0,,,,,,,,,
beaurst01,1993,1,WIN,NHL,13.0,418.0,0.0,4.0,1.0,0.0,0.0,34.0,211.0,,,,,,,,,
beckfch01,2007,1,STL,NHL,1.0,27.0,0.0,0.0,0.0,0.0,0.0,1.0,9.0,,,,,,,,,
bedarji01,1977,1,WAS,NHL,43.0,2492.0,11.0,23.0,7.0,4.0,1.0,152.0,,,,,,,,,,
bedarji01,1978,1,WAS,NHL,30.0,1740.0,6.0,17.0,6.0,1.0,0.0,126.0,,,,,,,,,,
behrema01,1983,1,WIN,NHL,6.0,351.0,2.0,4.0,0.0,0.0,0.0,32.0,184.0,2.0,121.0,0.0,2.0,,0.0,0.0,9.0,91.0
behrema01,1984,1,WIN,NHL,24.0,1218.0,8.0,10.0,3.0,1.0,1.0,93.0,624.0,4.0,179.0,1.0,1.0,,2.0,0.0,10.0,98.0
behrema01,1985,1,WIN,NHL,9.0,422.0,2.0,5.0,0.0,1.0,0.0,41.0,220.0,1.0,12.0,0.0,0.0,,0.0,0.0,0.0,7.0
belanyv01,1974,1,STL,NHL,11.0,640.0,6.0,3.0,2.0,0.0,1.0,29.0,,,,,,,,,,
belanyv01,1975,1,STL,NHL,31.0,1763.0,11.0,17.0,1.0,2.0,0.0,113.0,,,,,,,,,,
belanyv01,1976,1,STL,NHL,3.0,140.0,2.0,0.0,0.0,0.0,0.0,7.0,,,,,,,,,,
belanyv01,1977,1,STL,NHL,3.0,144.0,0.0,3.0,0.0,0.0,0.0,15.0,,,,,,,,,,
belanyv01,1977,2,ATF,NHL,17.0,937.0,7.0,8.0,0.0,1.0,1.0,55.0,,,,,,,,,,
belanyv01,1978,1,ATF,NHL,5.0,182.0,1.0,2.0,0.0,0.0,0.0,21.0,,,,,,,,,,
belanyv01,1979,1,BOS,NHL,8.0,328.0,2.0,0.0,3.0,0.0,0.0,19.0,,,,,,,,,,
belfoed01,1988,1,CHI,NHL,23.0,1148.0,4.0,12.0,3.0,1.0,0.0,74.0,605.0,,,,,,,,,
belfoed01,1989,1,CHI,NHL,,,,,,,,,,9.0,409.0,4.0,2.0,,0.0,0.0,17.0,200.0
belfoed01,1990,1,CHI,NHL,74.0,4127.0,43.0,19.0,7.0,3.0,4.0,170.0,1883.0,6.0,295.0,2.0,4.0,,0.0,0.0,20.0,183.0
belfoed01,1991,1,CHI,NHL,52.0,2928.0,21.0,18.0,10.0,4.0,5.0,132.0,1241.0,18.0,949.0,12.0,4.0,,0.0,1.0,39.0,398.0
belfoed01,1992,1,CHI,NHL,71.0,4106.0,41.0,18.0,11.0,1.0,7.0,177.0,1880.0,4.0,249.0,0.0,4.0,,0.0,0.0,13.0,97.0
belfoed01,1993,1,CHI,NHL,70.0,3998.0,37.0,24.0,6.0,0.0,7.0,178.0,1892.0,6.0,360.0,2.0,4.0,,0.0,0.0,15.0,191.0
belfoed01,1994,1,CHI,NHL,42.0,2450.0,22.0,15.0,3.0,4.0,5.0,93.0,990.0,16.0,1014.0,9.0,7.0,,1.0,1.0,37.0,479.0
belfoed01,1995,1,CHI,NHL,50.0,2956.0,22.0,17.0,10.0,3.0,1.0,135.0,1373.0,9.0,666.0,6.0,3.0,,0.0,1.0,23.0,323.0
belfoed01,1996,1,CHI,NHL,33.0,1966.0,11.0,15.0,6.0,4.0,1.0,88.0,946.0,,,,,,,,,
belfoed01,1996,2,SJS,NHL,13.0,757.0,3.0,9.0,0.0,1.0,1.0,43.0,371.0,,,,,,,,,
belfoed01,1997,1,DAL,NHL,61.0,3581.0,37.0,12.0,10.0,1.0,9.0,112.0,1335.0,17.0,1039.0,10.0,7.0,,1.0,1.0,31.0,399.0
belfoed01,1998,1,DAL,NHL,61.0,3536.0,35.0,15.0,9.0,0.0,5.0,117.0,1373.0,23.0,1544.0,16.0,7.0,,1.0,3.0,43.0,617.0
belfoed01,1999,1,DAL,NHL,62.0,3620.0,32.0,21.0,7.0,6.0,4.0,127.0,1571.0,23.0,1443.0,14.0,9.0,,0.0,4.0,45.0,651.0
belfoed01,2000,1,DAL,NHL,63.0,3687.0,35.0,20.0,7.0,2.0,8.0,144.0,1508.0,10.0,671.0,4.0,6.0,,1.0,0.0,25.0,277.0
belfoed01,2001,1,DAL,NHL,60.0,3467.0,21.0,27.0,11.0,3.0,1.0,153.0,1458.0,,,,,,,,,
belfoed01,2002,1,TOR,NHL,62.0,3738.0,37.0,20.0,5.0,4.0,7.0,141.0,1816.0,7.0,532.0,3.0,4.0,,0.0,0.0,24.0,282.0
belfoed01,2003,1,TOR,NHL,59.0,3444.0,34.0,19.0,6.0,2.0,10.0,122.0,1483.0,13.0,774.0,6.0,7.0,,0.0,3.0,27.0,379.0
belfoed01,2005,1,TOR,NHL,49.0,2897.0,22.0,22.0,4.0,2.0,0.0,159.0,1476.0,,,,,,,,,
belfoed01,2006,1,FLO,NHL,58.0,3289.0,27.0,17.0,10.0,2.0,1.0,152.0,1550.0,,,,,,,,,
belhumi01,1972,1,PHI,NHL,23.0,1117.0,9.0,7.0,3.0,0.0,0.0,60.0,,1.0,10.0,0.0,0.0,,0.0,0.0,1.0,
belhumi01,1974,1,WAS,NHL,35.0,1812.0,0.0,24.0,3.0,1.0,0.0,162.0,,,,,,,,,,
belhumi01,1975,1,WAS,NHL,7.0,377.0,0.0,5.0,1.0,1.0,0.0,32.0,,,,,,,,,,
bellgo01,1945,1,TOR,NHL,8.0,480.0,3.0,5.0,0.0,,0.0,31.0,,,,,,,,,,
bellgo01,1955,1,NYR,NHL,,,,,,,,,,2.0,120.0,1.0,1.0,,,0.0,9.0,
benedcl01,1912,1,OT1,NHA,4.0,215.0,2.0,1.0,0.0,,1.0,11.0,,,,,,,,,,
benedcl01,1913,1,OT1,NHA,9.0,474.0,5.0,3.0,0.0,,0.0,29.0,,,,,,,,,,
benedcl01,1914,1,OT1,NHA,20.0,1220.0,14.0,6.0,0.0,,0.0,64.0,,2.0,120.0,1.0,1.0,0.0,,1.0,1.0,
benedcl01,1915,1,OT1,NHA,24.0,1447.0,13.0,11.0,0.0,,2.0,72.0,,,,,,,,,,
benedcl01,1916,1,OT1,NHA,18.0,1096.0,14.0,4.0,0.0,,1.0,50.0,,2.0,120.0,1.0,1.0,0.0,,0.0,7.0,
benedcl01,1917,1,OTS,NHL,22.0,1337.0,9.0,13.0,0.0,,1.0,114.0,,,,,,,,,,
benedcl01,1918,1,OTS,NHL,18.0,1152.0,12.0,6.0,0.0,,2.0,53.0,,5.0,300.0,1.0,4.0,0.0,,0.0,26.0,
benedcl01,1919,1,OTS,NHL,24.0,1443.0,19.0,5.0,0.0,,5.0,64.0,,,,,,,,,,
benedcl01,1920,1,OTS,NHL,24.0,1462.0,14.0,10.0,0.0,,2.0,75.0,,2.0,120.0,2.0,0.0,0.0,,2.0,0.0,
benedcl01,1921,1,OTS,NHL,24.0,1510.0,14.0,8.0,2.0,,2.0,84.0,,2.0,120.0,0.0,1.0,1.0,,1.0,5.0,
benedcl01,1922,1,OTS,NHL,24.0,1486.0,14.0,9.0,1.0,,4.0,54.0,,2.0,120.0,1.0,1.0,0.0,,1.0,2.0,
benedcl01,1923,1,OTS,NHL,22.0,1356.0,15.0,7.0,0.0,,3.0,45.0,,2.0,120.0,0.0,2.0,0.0,,0.0,5.0,
benedcl01,1924,1,MTM,NHL,30.0,1843.0,9.0,19.0,2.0,,2.0,65.0,,,,,,,,,,
benedcl01,1925,1,MTM,NHL,36.0,2288.0,20.0,11.0,5.0,,6.0,73.0,,4.0,240.0,2.0,0.0,2.0,,1.0,5.0,
benedcl01,1926,1,MTM,NHL,43.0,2748.0,20.0,19.0,4.0,,13.0,65.0,,2.0,132.0,0.0,1.0,1.0,,0.0,2.0,
benedcl01,1927,1,MTM,NHL,44.0,2690.0,24.0,14.0,6.0,,6.0,76.0,,9.0,555.0,5.0,3.0,1.0,,4.0,8.0,
benedcl01,1928,1,MTM,NHL,37.0,2300.0,14.0,16.0,7.0,,11.0,57.0,,,,,,,,,,
benedcl01,1929,1,MTM,NHL,14.0,752.0,6.0,6.0,1.0,,0.0,38.0,,,,,,,,,,
benneha01,1944,1,BOS,NHL,25.0,1470.0,10.0,12.0,2.0,,0.0,103.0,,,,,,,,,,
bergeje01,1990,1,MTL,NHL,18.0,941.0,7.0,6.0,2.0,0.0,0.0,59.0,426.0,,,,,,,,,
bergeje01,1992,1,TBL,NHL,21.0,1163.0,8.0,10.0,1.0,3.0,0.0,71.0,574.0,,,,,,,,,
bergeje01,1993,1,TBL,NHL,3.0,134.0,1.0,1.0,1.0,0.0,0.0,7.0,69.0,,,,,,,,,
bergeje01,1994,1,TBL,NHL,17.0,883.0,3.0,9.0,1.0,1.0,1.0,49.0,374.0,,,,,,,,,
bergeje01,1995,1,TBL,NHL,12.0,595.0,2.0,6.0,2.0,2.0,0.0,42.0,250.0,,,,,,,,,
bergeje01,1996,1,LAK,NHL,1.0,56.0,0.0,1.0,0.0,0.0,0.0,4.0,35.0,,,,,,,,,
berglbi01,1973,1,NEW,WHA,3.0,1386.0,2.0,1.0,0.0,0.0,0.0,82.0,692.0,,,,,,,,,
berglbi01,1974,1,NEW,WHA,2.0,36.0,0.0,0.0,0.0,0.0,0.0,3.0,16.0,,,,,,,,,
berkhad01,2005,1,ATL,NHL,9.0,473.0,2.0,4.0,1.0,0.0,0.0,30.0,255.0,,,,,,,,,
bernhti01,1982,1,CAL,NHL,6.0,280.0,0.0,5.0,0.0,0.0,0.0,21.0,147.0,,,,,,,,,
bernhti01,1984,1,TOR,NHL,37.0,2182.0,13.0,19.0,4.0,2.0,0.0,136.0,1106.0,,,,,,,,,
bernhti01,1985,1,TOR,NHL,23.0,1266.0,4.0,12.0,3.0,0.0,0.0,107.0,727.0,,,,,,,,,
bernhti01,1986,1,TOR,NHL,1.0,20.0,0.0,0.0,0.0,0.0,0.0,3.0,7.0,,,,,,,,,
bernijo01,2007,1,LAK,NHL,4.0,238.0,1.0,3.0,0.0,2.0,0.0,16.0,118.0,,,,,,,,,
bernijo01,2009,1,LAK,NHL,3.0,185.0,3.0,0.0,0.0,0.0,1.0,4.0,94.0,,,,,,,,,
berthda01,1985,1,WIN,NHL,,,,,,,,,,1.0,68.0,0.0,1.0,,0.0,0.0,4.0,43.0
berthda01,1986,1,WIN,NHL,31.0,1758.0,18.0,7.0,3.0,1.0,1.0,93.0,810.0,8.0,439.0,4.0,4.0,,0.0,0.0,21.0,210.0
berthda01,1987,1,WIN,NHL,56.0,3010.0,22.0,19.0,7.0,0.0,2.0,176.0,1489.0,5.0,300.0,1.0,4.0,,0.0,0.0,25.0,154.0
berthda01,1988,1,WIN,NHL,9.0,443.0,0.0,8.0,0.0,2.0,0.0,44.0,255.0,,,,,,,,,
berthda01,1989,1,WIN,NHL,24.0,1387.0,10.0,11.0,3.0,2.0,1.0,86.0,667.0,,,,,,,,,
berthda01,1989,2,MNS,NHL,5.0,240.0,1.0,3.0,0.0,0.0,0.0,14.0,104.0,,,,,,,,,
berthda01,1990,1,LAK,NHL,37.0,2119.0,20.0,11.0,4.0,1.0,1.0,117.0,1086.0,,,,,,,,,
berthda01,1991,1,BOS,NHL,8.0,399.0,1.0,4.0,2.0,0.0,0.0,21.0,156.0,,,,,,,,,
berthda01,1991,2,LAK,NHL,19.0,979.0,7.0,10.0,1.0,2.0,0.0,66.0,541.0,,,,,,,,,
berthda01,1992,1,OTT,NHL,25.0,1326.0,2.0,17.0,1.0,3.0,0.0,95.0,739.0,,,,,,,,,
berthda01,1993,1,OTT,NHL,1.0,1.0,0.0,0.0,0.0,0.0,0.0,2.0,2.0,,,,,,,,,
besteal01,1983,1,TOR,NHL,32.0,1848.0,11.0,16.0,4.0,1.0,0.0,134.0,1144.0,,,,,,,,,
besteal01,1984,1,TOR,NHL,15.0,767.0,3.0,9.0,1.0,3.0,1.0,54.0,430.0,,,,,,,,,
besteal01,1985,1,TOR,NHL,1.0,20.0,0.0,0.0,0.0,0.0,0.0,2.0,5.0,,,,,,,,,
besteal01,1986,1,TOR,NHL,36.0,1808.0,10.0,14.0,3.0,3.0,2.0,110.0,991.0,1.0,39.0,0.0,0.0,,0.0,0.0,1.0,17.0
besteal01,1987,1,TOR,NHL,30.0,1607.0,8.0,12.0,5.0,1.0,2.0,102.0,879.0,5.0,253.0,2.0,3.0,,0.0,0.0,21.0,135.0
besteal01,1988,1,TOR,NHL,43.0,2460.0,17.0,20.0,3.0,5.0,2.0,156.0,1420.0,,,,,,,,,
besteal01,1989,1,TOR,NHL,42.0,2206.0,20.0,16.0,0.0,4.0,0.0,165.0,1296.0,4.0,196.0,0.0,3.0,,0.0,0.0,14.0,120.0
besteal01,1990,1,TOR,NHL,6.0,247.0,0.0,4.0,0.0,1.0,0.0,18.0,129.0,,,,,,,,,
besteal01,1990,2,DET,NHL,3.0,178.0,0.0,3.0,0.0,1.0,0.0,13.0,99.0,1.0,20.0,0.0,0.0,,0.0,0.0,1.0,12.0
besteal01,1991,1,DET,NHL,1.0,31.0,0.0,0.0,0.0,0.0,0.0,2.0,9.0,,,,,,,,,
besteal01,1995,1,DAL,NHL,10.0,601.0,4.0,5.0,1.0,3.0,0.0,30.0,297.0,,,,,,,,,
beverbi01,1929,1,DTC,NHL,39.0,2410.0,14.0,20.0,5.0,,2.0,109.0,,,,,,,,,,
beverbi01,1930,1,OTS,NHL,9.0,520.0,0.0,8.0,0.0,,0.0,32.0,,,,,,,,,,
beverbi01,1932,1,OTS,NHL,35.0,2195.0,7.0,19.0,8.0,,5.0,95.0,,,,,,,,,,
beverbi01,1933,1,OTS,NHL,48.0,3000.0,13.0,29.0,6.0,,3.0,143.0,,,,,,,,,,
beverbi01,1934,1,STE,NHL,48.0,2990.0,11.0,31.0,6.0,,3.0,144.0,,,,,,,,,,
beverbi01,1935,1,MTM,NHL,32.0,1970.0,14.0,13.0,5.0,,1.0,71.0,,,,,,,,,,
beverbi01,1936,1,MTM,NHL,21.0,1290.0,12.0,6.0,3.0,,1.0,47.0,,5.0,300.0,2.0,3.0,,,0.0,11.0,
beverbi01,1937,1,MTM,NHL,48.0,2980.0,12.0,30.0,6.0,,2.0,149.0,,,,,,,,,,
beverbi01,1942,1,NYR,NHL,17.0,1020.0,4.0,10.0,3.0,,1.0,89.0,,,,,,,,,,
bibeapa01,1940,1,MTL,NHL,4.0,210.0,1.0,2.0,0.0,,0.0,15.0,,,,,,,,,,
bibeapa01,1941,1,MTL,NHL,38.0,2380.0,17.0,19.0,2.0,,1.0,131.0,,3.0,180.0,1.0,2.0,,,1.0,8.0,
bibeapa01,1942,1,MTL,NHL,50.0,3010.0,19.0,19.0,12.0,,1.0,191.0,,5.0,320.0,1.0,4.0,,,1.0,18.0,
bibeapa01,1943,1,TOR,NHL,29.0,1740.0,13.0,14.0,2.0,,5.0,87.0,,5.0,300.0,1.0,4.0,,,0.0,23.0,
bibeapa01,1944,1,BOS,NHL,26.0,1530.0,6.0,18.0,2.0,,0.0,116.0,,7.0,437.0,3.0,4.0,,,0.0,22.0,
bibeapa01,1945,1,BOS,NHL,16.0,960.0,8.0,4.0,4.0,,2.0,45.0,,,,,,,,,,
bibeapa01,1945,2,MTL,NHL,10.0,600.0,4.0,6.0,0.0,,0.0,30.0,,,,,,,,,,
bibeapa01,1946,1,CHI,NHL,41.0,2460.0,13.0,25.0,3.0,,1.0,170.0,,,,,,,,,,
bierkza01,1997,1,TBL,NHL,13.0,433.0,1.0,4.0,1.0,0.0,0.0,30.0,210.0,,,,,,,,,
bierkza01,1998,1,TBL,NHL,1.0,59.0,0.0,1.0,0.0,0.0,0.0,2.0,21.0,,,,,,,,,
bierkza01,1999,1,TBL,NHL,12.0,509.0,4.0,4.0,1.0,0.0,0.0,31.0,308.0,,,,,,,,,
bierkza01,2000,1,MIN,NHL,1.0,60.0,0.0,1.0,0.0,0.0,0.0,6.0,27.0,,,,,,,,,
bierkza01,2002,1,PHO,NHL,16.0,884.0,4.0,9.0,1.0,3.0,1.0,32.0,471.0,,,,,,,,,
bierkza01,2003,1,PHO,NHL,4.0,190.0,0.0,1.0,2.0,0.0,0.0,12.0,108.0,,,,,,,,,
billicr01,1985,1,NJD,NHL,18.0,902.0,4.0,9.0,1.0,0.0,0.0,77.0,482.0,,,,,,,,,
billicr01,1986,1,NJD,NHL,22.0,1114.0,4.0,13.0,2.0,0.0,0.0,89.0,569.0,,,,,,,,,
billicr01,1988,1,NJD,NHL,3.0,140.0,1.0,1.0,0.0,0.0,0.0,11.0,65.0,,,,,,,,,
billicr01,1991,1,NJD,NHL,26.0,1363.0,13.0,7.0,1.0,2.0,2.0,69.0,637.0,,,,,,,,,
billicr01,1992,1,NJD,NHL,42.0,2389.0,21.0,16.0,4.0,0.0,2.0,146.0,1178.0,2.0,78.0,0.0,1.0,,0.0,0.0,5.0,39.0
billicr01,1993,1,OTT,NHL,63.0,3319.0,11.0,41.0,4.0,6.0,0.0,254.0,1801.0,,,,,,,,,
billicr01,1994,1,OTT,NHL,9.0,472.0,0.0,6.0,2.0,2.0,0.0,32.0,240.0,,,,,,,,,
billicr01,1994,2,BOS,NHL,8.0,373.0,5.0,1.0,0.0,0.0,0.0,19.0,140.0,1.0,25.0,0.0,0.0,,0.0,0.0,1.0,10.0
billicr01,1995,1,BOS,NHL,27.0,1380.0,10.0,13.0,3.0,2.0,1.0,79.0,594.0,1.0,60.0,0.0,1.0,,0.0,0.0,6.0,28.0
billicr01,1996,1,COL,NHL,23.0,1200.0,11.0,8.0,2.0,2.0,1.0,53.0,584.0,1.0,20.0,0.0,0.0,,0.0,0.0,1.0,13.0
billicr01,1997,1,COL,NHL,23.0,1162.0,8.0,7.0,4.0,2.0,1.0,45.0,588.0,1.0,1.0,0.0,0.0,,0.0,0.0,0.0,0.0
billicr01,1998,1,COL,NHL,21.0,1086.0,11.0,8.0,1.0,1.0,0.0,52.0,492.0,1.0,9.0,0.0,0.0,,0.0,0.0,1.0,6.0
billicr01,1999,1,WAS,NHL,13.0,611.0,3.0,6.0,1.0,2.0,2.0,28.0,310.0,1.0,20.0,0.0,0.0,,0.0,0.0,1.0,6.0
billicr01,2000,1,WAS,NHL,12.0,660.0,3.0,5.0,2.0,0.0,0.0,27.0,317.0,,,,,,,,,
billicr01,2001,1,WAS,NHL,17.0,710.0,4.0,5.0,3.0,2.0,0.0,36.0,295.0,,,,,,,,,
billicr01,2002,1,WAS,NHL,5.0,217.0,1.0,3.0,1.0,0.0,0.0,17.0,96.0,,,,,,,,,
binetan01,1954,1,MTL,NHL,1.0,60.0,1.0,0.0,0.0,,0.0,4.0,,,,,,,,,,
binklle01,1967,1,PIT,NHL,54.0,3141.0,20.0,24.0,10.0,1.0,6.0,151.0,,,,,,,,,,
binklle01,1968,1,PIT,NHL,50.0,2885.0,10.0,31.0,8.0,2.0,0.0,158.0,,,,,,,,,,
binklle01,1969,1,PIT,NHL,27.0,1477.0,10.0,13.0,1.0,0.0,3.0,79.0,,7.0,428.0,5.0,2.0,,0.0,0.0,15.0,
binklle01,1970,1,PIT,NHL,34.0,1870.0,11.0,11.0,10.0,0.0,2.0,89.0,,,,,,,,,,
binklle01,1971,1,PIT,NHL,31.0,1673.0,7.0,15.0,5.0,4.0,0.0,98.0,,,,,,,,,,
binklle01,1972,1,OTN,WHA,30.0,1709.0,10.0,17.0,1.0,1.0,0.0,106.0,900.0,4.0,223.0,1.0,3.0,,0.0,0.0,17.0,146.0
binklle01,1973,1,TOT,WHA,27.0,1412.0,14.0,9.0,1.0,1.0,1.0,77.0,776.0,5.0,182.0,2.0,2.0,,0.0,0.0,18.0,101.0
binklle01,1974,1,TOT,WHA,17.0,772.0,6.0,4.0,0.0,0.0,0.0,47.0,419.0,1.0,59.0,0.0,1.0,,1.0,0.0,5.0,
binklle01,1975,1,TOT,WHA,7.0,335.0,0.0,6.0,0.0,0.0,0.0,32.0,212.0,,,,,,,,,
binnebi01,1921,1,SMJ,WCHL,1.0,60.0,0.0,1.0,0.0,,0.0,6.0,,,,,,,,,,
binnebi01,1922,1,CAT,WCHL,18.0,1100.0,7.0,11.0,0.0,,1.0,63.0,,,,,,,,,,
binnebi01,1923,1,EDE,WCHL,3.0,181.0,2.0,1.0,0.0,,0.0,8.0,,,,,,,,,,
bironma01,1995,1,BUF,NHL,3.0,119.0,0.0,2.0,0.0,0.0,0.0,10.0,64.0,,,,,,,,,
bironma01,1998,1,BUF,NHL,6.0,281.0,1.0,2.0,1.0,1.0,0.0,10.0,120.0,,,,,,,,,
bironma01,1999,1,BUF,NHL,41.0,2229.0,19.0,18.0,2.0,2.0,5.0,90.0,988.0,,,,,,,,,
bironma01,2000,1,BUF,NHL,18.0,918.0,7.0,7.0,1.0,1.0,2.0,39.0,427.0,,,,,,,,,
bironma01,2001,1,BUF,NHL,72.0,4085.0,31.0,28.0,10.0,6.0,4.0,151.0,1781.0,,,,,,,,,
bironma01,2002,1,BUF,NHL,54.0,3170.0,17.0,28.0,6.0,5.0,4.0,135.0,1468.0,,,,,,,,,
bironma01,2003,1,BUF,NHL,52.0,2972.0,26.0,18.0,5.0,3.0,2.0,125.0,1442.0,,,,,,,,,
bironma01,2005,1,BUF,NHL,35.0,1934.0,21.0,8.0,3.0,2.0,1.0,93.0,980.0,,,,,,,,,
bironma01,2006,1,BUF,NHL,19.0,1066.0,12.0,4.0,1.0,2.0,0.0,54.0,533.0,,,,,,,,,
bironma01,2006,2,PHI,NHL,16.0,935.0,6.0,8.0,2.0,1.0,0.0,47.0,509.0,,,,,,,,,
bironma01,2007,1,PHI,NHL,62.0,3539.0,30.0,20.0,9.0,1.0,5.0,153.0,1865.0,17.0,1049.0,9.0,8.0,,2.0,1.0,52.0,540.0
bironma01,2008,1,PHI,NHL,55.0,3177.0,29.0,19.0,5.0,2.0,2.0,146.0,1718.0,6.0,375.0,2.0,4.0,,2.0,1.0,16.0,198.0
bironma01,2009,1,NYI,NHL,29.0,1634.0,9.0,14.0,4.0,0.0,1.0,89.0,859.0,,,,,,,,,
bishobe01,2008,1,STL,NHL,6.0,245.0,1.0,1.0,1.0,1.0,0.0,12.0,112.0,,,,,,,,,
bittnri01,1949,1,BOS,NHL,1.0,60.0,0.0,0.0,1.0,,0.0,3.0,,,,,,,,,,
blackda01,2001,1,NYR,NHL,31.0,1737.0,12.0,16.0,0.0,3.0,0.0,95.0,935.0,,,,,,,,,
blackda01,2002,1,NYR,NHL,32.0,1762.0,8.0,16.0,4.0,3.0,1.0,93.0,842.0,,,,,,,,,
blakemi02,1981,1,LAK,NHL,2.0,51.0,0.0,0.0,0.0,0.0,0.0,2.0,,,,,,,,,,
blakemi02,1982,1,LAK,NHL,9.0,432.0,4.0,4.0,0.0,1.0,0.0,30.0,211.0,,,,,,,,,
blakemi02,1983,1,LAK,NHL,29.0,1634.0,9.0,11.0,5.0,1.0,0.0,118.0,891.0,,,,,,,,,
blancbo01,1974,1,SDM,WHA,3.0,179.0,2.0,1.0,0.0,2.0,1.0,7.0,70.0,,,,,,,,,
blancbo01,1975,1,SDM,WHA,1.0,32.0,0.0,1.0,0.0,0.0,0.0,4.0,24.0,,,,,,,,,
bluejo01,1992,1,BOS,NHL,23.0,1322.0,9.0,8.0,4.0,1.0,1.0,64.0,597.0,2.0,96.0,0.0,1.0,,0.0,0.0,5.0,49.0
bluejo01,1993,1,BOS,NHL,18.0,944.0,5.0,8.0,3.0,1.0,0.0,47.0,407.0,,,,,,,,,
bluejo01,1995,1,BUF,NHL,5.0,255.0,2.0,2.0,0.0,1.0,0.0,15.0,137.0,,,,,,,,,
blumfr01,1972,1,OTN,WHA,2.0,28.0,0.0,0.0,0.0,0.0,0.0,3.0,17.0,,,,,,,,,
blumfr01,1973,1,TOT,WHA,5.0,131.0,1.0,0.0,0.0,0.0,0.0,5.0,66.0,,,,,,,,,
blumfr01,1973,2,WIJ,WHA,,,,,,,,,,2.0,120.0,0.0,2.0,,0.0,0.0,15.0,74.0
boisvgi01,1959,1,DET,NHL,3.0,180.0,0.0,3.0,0.0,,0.0,9.0,,,,,,,,,,
bouchbr01,1999,1,PHI,NHL,35.0,2038.0,20.0,10.0,3.0,3.0,4.0,65.0,790.0,18.0,1183.0,11.0,7.0,,0.0,1.0,40.0,484.0
bouchbr01,2000,1,PHI,NHL,27.0,1470.0,8.0,12.0,5.0,6.0,1.0,80.0,644.0,1.0,37.0,0.0,0.0,,0.0,0.0,3.0,17.0
bouchbr01,2001,1,PHI,NHL,41.0,2295.0,18.0,16.0,4.0,5.0,2.0,92.0,972.0,2.0,88.0,0.0,1.0,,0.0,0.0,2.0,33.0
bouchbr01,2002,1,PHO,NHL,45.0,2544.0,15.0,20.0,8.0,4.0,0.0,128.0,1210.0,,,,,,,,,
bouchbr01,2003,1,PHO,NHL,40.0,2364.0,10.0,19.0,10.0,5.0,5.0,108.0,1150.0,,,,,,,,,
bouchbr01,2005,1,PHO,NHL,11.0,512.0,3.0,6.0,0.0,3.0,0.0,33.0,268.0,,,,,,,,,
bouchbr01,2005,2,CAL,NHL,3.0,182.0,1.0,2.0,0.0,0.0,0.0,15.0,103.0,,,,,,,,,
bouchbr01,2006,1,CHI,NHL,15.0,827.0,1.0,10.0,3.0,2.0,1.0,45.0,389.0,,,,,,,,,
bouchbr01,2006,2,CBS,NHL,3.0,142.0,1.0,1.0,0.0,0.0,0.0,9.0,67.0,,,,,,,,,
bouchbr01,2007,1,SJS,NHL,5.0,238.0,3.0,1.0,1.0,0.0,1.0,7.0,103.0,1.0,2.0,0.0,0.0,,1.0,0.0,0.0,0.0
bouchbr01,2008,1,SJS,NHL,22.0,1291.0,12.0,6.0,3.0,2.0,2.0,47.0,563.0,,,,,,,,,
bouchbr01,2009,1,PHI,NHL,33.0,1742.0,9.0,18.0,3.0,2.0,1.0,80.0,796.0,12.0,656.0,6.0,6.0,,3.0,1.0,27.0,298.0
bouchda01,1972,1,ATF,NHL,34.0,1944.0,9.0,15.0,10.0,0.0,2.0,100.0,,,,,,,,,,
bouchda01,1973,1,ATF,NHL,46.0,2660.0,19.0,18.0,8.0,3.0,5.0,123.0,,1.0,60.0,0.0,1.0,,0.0,0.0,4.0,
bouchda01,1974,1,ATF,NHL,40.0,2400.0,20.0,15.0,5.0,6.0,3.0,111.0,,,,,,,,,,
bouchda01,1975,1,ATF,NHL,47.0,2671.0,19.0,17.0,8.0,2.0,2.0,113.0,,2.0,120.0,0.0,2.0,,0.0,0.0,3.0,
bouchda01,1976,1,ATF,NHL,42.0,2378.0,17.0,17.0,5.0,2.0,1.0,139.0,,1.0,60.0,0.0,1.0,,0.0,0.0,5.0,
bouchda01,1977,1,ATF,NHL,58.0,3340.0,25.0,12.0,19.0,0.0,2.0,153.0,,2.0,120.0,0.0,2.0,,1.0,0.0,7.0,
bouchda01,1978,1,ATF,NHL,64.0,3624.0,32.0,21.0,7.0,2.0,3.0,201.0,,2.0,100.0,0.0,2.0,,0.0,0.0,9.0,
bouchda01,1979,1,ATF,NHL,53.0,3076.0,23.0,19.0,10.0,5.0,2.0,163.0,,4.0,241.0,1.0,3.0,,0.0,0.0,14.0,
bouchda01,1980,1,CAL,NHL,14.0,760.0,4.0,5.0,3.0,0.0,0.0,51.0,,,,,,,,,,
bouchda01,1980,2,QUE,NHL,29.0,1740.0,19.0,5.0,5.0,1.0,2.0,92.0,,5.0,286.0,2.0,3.0,,1.0,1.0,19.0,
bouchda01,1981,1,QUE,NHL,60.0,3572.0,27.0,22.0,11.0,2.0,1.0,230.0,,11.0,667.0,4.0,7.0,,1.0,0.0,38.0,
bouchda01,1982,1,QUE,NHL,50.0,2947.0,20.0,21.0,8.0,1.0,1.0,197.0,1579.0,4.0,242.0,1.0,3.0,,0.0,0.0,11.0,
bouchda01,1983,1,QUE,NHL,57.0,3373.0,29.0,18.0,8.0,2.0,1.0,180.0,1523.0,9.0,543.0,5.0,4.0,,0.0,0.0,25.0,224.0
bouchda01,1984,1,QUE,NHL,29.0,1738.0,12.0,13.0,4.0,1.0,0.0,101.0,824.0,1.0,60.0,0.0,1.0,,0.0,0.0,7.0,24.0
bouchda01,1985,1,WIN,NHL,32.0,1696.0,11.0,14.0,2.0,1.0,2.0,107.0,790.0,1.0,40.0,0.0,1.0,,0.0,0.0,5.0,22.0
bourqcl01,1938,1,MTL,NHL,25.0,1560.0,7.0,13.0,5.0,,2.0,69.0,,3.0,188.0,1.0,2.0,,,1.0,8.0,
bourqcl01,1939,1,DET,NHL,1.0,60.0,0.0,1.0,0.0,,0.0,3.0,,,,,,,,,,
bourqcl01,1939,2,MTL,NHL,36.0,2210.0,9.0,24.0,3.0,,3.0,120.0,,,,,,,,,,
boutiro01,1978,1,WAS,NHL,2.0,90.0,0.0,1.0,0.0,1.0,0.0,10.0,,,,,,,,,,
boutiro01,1979,1,WAS,NHL,18.0,927.0,7.0,7.0,1.0,0.0,0.0,54.0,,,,,,,,,,
boutiro01,1980,1,WAS,NHL,2.0,120.0,0.0,2.0,0.0,1.0,0.0,11.0,,,,,,,,,,
bouvrli01,1942,1,NYR,NHL,1.0,60.0,0.0,1.0,0.0,,0.0,6.0,,,,,,,,,,
bowerjo01,1953,1,NYR,NHL,70.0,4200.0,29.0,31.0,10.0,,5.0,182.0,,,,,,,,,,
bowerjo01,1954,1,NYR,NHL,5.0,300.0,2.0,2.0,1.0,,0.0,13.0,,,,,,,,,,
bowerjo01,1956,1,NYR,NHL,2.0,120.0,0.0,2.0,0.0,,0.0,7.0,,,,,,,,,,
bowerjo01,1958,1,TOR,NHL,39.0,2340.0,15.0,17.0,7.0,,3.0,107.0,,12.0,746.0,5.0,7.0,,,0.0,39.0,
bowerjo01,1959,1,TOR,NHL,66.0,3960.0,34.0,24.0,8.0,,5.0,180.0,,10.0,645.0,4.0,6.0,,,0.0,31.0,
bowerjo01,1960,1,TOR,NHL,58.0,3480.0,33.0,15.0,10.0,,2.0,145.0,,3.0,180.0,0.0,3.0,,,0.0,9.0,
bowerjo01,1961,1,TOR,NHL,59.0,3540.0,31.0,18.0,10.0,,2.0,152.0,,10.0,579.0,6.0,3.0,,,0.0,22.0,
bowerjo01,1962,1,TOR,NHL,42.0,2520.0,20.0,15.0,7.0,,1.0,110.0,,10.0,600.0,8.0,2.0,,,2.0,16.0,
bowerjo01,1963,1,TOR,NHL,51.0,3009.0,24.0,16.0,11.0,1.0,5.0,106.0,,14.0,850.0,8.0,6.0,,1.0,2.0,30.0,
bowerjo01,1964,1,TOR,NHL,34.0,2040.0,13.0,13.0,8.0,0.0,3.0,81.0,,5.0,321.0,2.0,3.0,,1.0,0.0,13.0,
bowerjo01,1965,1,TOR,NHL,35.0,1998.0,18.0,10.0,5.0,1.0,3.0,75.0,,2.0,120.0,0.0,2.0,,1.0,0.0,8.0,
bowerjo01,1966,1,TOR,NHL,27.0,1431.0,12.0,9.0,3.0,2.0,2.0,63.0,,4.0,183.0,2.0,0.0,,0.0,1.0,5.0,
bowerjo01,1967,1,TOR,NHL,43.0,2239.0,14.0,18.0,7.0,4.0,4.0,84.0,,,,,,,,,,
bowerjo01,1968,1,TOR,NHL,20.0,779.0,5.0,4.0,3.0,0.0,2.0,37.0,,4.0,154.0,0.0,2.0,,0.0,0.0,11.0,
bowerjo01,1969,1,TOR,NHL,1.0,60.0,0.0,1.0,0.0,1.0,0.0,5.0,,,,,,,,,,
boycear01,1911,1,MOW,NHA,13.0,683.0,6.0,5.0,0.0,,0.0,61.0,,,,,,,,,,
boycear01,1912,1,MOW,NHA,18.0,966.0,9.0,8.0,0.0,,0.0,67.0,,,,,,,,,,
boycear01,1913,1,MOW,NHA,4.0,220.0,0.0,3.0,0.0,,0.0,31.0,,,,,,,,,,
boycear01,1914,1,MOW,NHA,2.0,50.0,0.0,1.0,0.0,,0.0,6.0,,,,,,,,,,
branian01,1940,1,NYA,NHL,1.0,7.0,0.0,0.0,0.0,,0.0,0.0,,,,,,,,,,
brathfr01,1993,1,EDM,NHL,19.0,982.0,3.0,10.0,3.0,0.0,0.0,58.0,523.0,,,,,,,,,
brathfr01,1994,1,EDM,NHL,14.0,601.0,2.0,5.0,1.0,1.0,0.0,40.0,292.0,,,,,,,,,
brathfr01,1995,1,EDM,NHL,7.0,293.0,0.0,2.0,0.0,1.0,0.0,12.0,140.0,,,,,,,,,
brathfr01,1998,1,CAL,NHL,28.0,1663.0,11.0,9.0,7.0,3.0,1.0,68.0,796.0,,,,,,,,,
brathfr01,1999,1,CAL,NHL,61.0,3448.0,25.0,25.0,7.0,3.0,5.0,158.0,1664.0,,,,,,,,,
brathfr01,2000,1,CAL,NHL,49.0,2742.0,15.0,17.0,10.0,6.0,5.0,106.0,1181.0,,,,,,,,,
brathfr01,2001,1,STL,NHL,25.0,1446.0,9.0,11.0,4.0,1.0,2.0,54.0,543.0,1.0,0.0,0.0,0.0,,0.0,0.0,0.0,0.0
brathfr01,2002,1,STL,NHL,30.0,1615.0,12.0,9.0,4.0,4.0,2.0,74.0,631.0,,,,,,,,,
brathfr01,2003,1,CBS,NHL,21.0,1050.0,4.0,11.0,1.0,1.0,0.0,59.0,574.0,,,,,,,,,
brimsfr01,1938,1,BOS,NHL,43.0,2610.0,33.0,9.0,1.0,,10.0,68.0,,12.0,864.0,8.0,4.0,,,1.0,18.0,
brimsfr01,1939,1,BOS,NHL,48.0,2950.0,31.0,12.0,5.0,,6.0,98.0,,6.0,360.0,2.0,4.0,,,0.0,15.0,
brimsfr01,1940,1,BOS,NHL,48.0,3040.0,27.0,8.0,13.0,,6.0,102.0,,11.0,678.0,8.0,3.0,,,1.0,23.0,
brimsfr01,1941,1,BOS,NHL,47.0,2930.0,24.0,17.0,6.0,,3.0,115.0,,5.0,307.0,2.0,3.0,,,0.0,16.0,
brimsfr01,1942,1,BOS,NHL,50.0,3000.0,24.0,17.0,9.0,,1.0,176.0,,9.0,560.0,4.0,5.0,,,0.0,33.0,
brimsfr01,1945,1,BOS,NHL,34.0,2040.0,16.0,14.0,4.0,,2.0,111.0,,10.0,651.0,5.0,5.0,,,0.0,29.0,
brimsfr01,1946,1,BOS,NHL,60.0,3600.0,26.0,23.0,11.0,,3.0,175.0,,5.0,342.0,1.0,4.0,,,0.0,16.0,
brimsfr01,1947,1,BOS,NHL,60.0,3600.0,23.0,24.0,13.0,,3.0,168.0,,5.0,317.0,1.0,4.0,,,0.0,20.0,
brimsfr01,1948,1,BOS,NHL,54.0,3240.0,26.0,20.0,8.0,,1.0,147.0,,5.0,316.0,1.0,4.0,,,0.0,16.0,
brimsfr01,1949,1,CHI,NHL,70.0,4200.0,22.0,38.0,10.0,,5.0,244.0,,,,,,,,,,
brochma01,1998,1,WAS,NHL,2.0,120.0,0.0,2.0,0.0,0.0,0.0,6.0,55.0,,,,,,,,,
brochma01,2001,1,VAN,NHL,6.0,216.0,0.0,3.0,0.0,1.0,0.0,15.0,104.0,,,,,,,,,
brochma01,2003,1,PIT,NHL,1.0,33.0,0.0,0.0,0.0,0.0,0.0,1.0,19.0,,,,,,,,,
brock01,1916,1,TBS,NHA,4.0,230.0,2.0,2.0,0.0,,0.0,16.0,,,,,,,,,,
brodatu01,1936,1,TOR,NHL,45.0,2770.0,22.0,19.0,4.0,,3.0,106.0,,2.0,133.0,0.0,2.0,,,0.0,5.0,
brodatu01,1937,1,TOR,NHL,48.0,2980.0,24.0,15.0,9.0,,6.0,127.0,,7.0,452.0,4.0,3.0,,,1.0,13.0,
brodatu01,1938,1,TOR,NHL,48.0,2990.0,19.0,20.0,9.0,,8.0,107.0,,10.0,617.0,5.0,5.0,,,2.0,20.0,
brodatu01,1939,1,TOR,NHL,47.0,2900.0,25.0,17.0,5.0,,4.0,108.0,,10.0,657.0,6.0,4.0,,,1.0,19.0,
brodatu01,1940,1,TOR,NHL,48.0,2970.0,28.0,14.0,6.0,,5.0,99.0,,7.0,438.0,3.0,4.0,,,0.0,15.0,
brodatu01,1941,1,TOR,NHL,48.0,2960.0,27.0,18.0,3.0,,6.0,136.0,,13.0,780.0,8.0,5.0,,,1.0,31.0,
brodatu01,1942,1,TOR,NHL,50.0,3000.0,22.0,19.0,9.0,,1.0,159.0,,6.0,439.0,2.0,4.0,,,0.0,20.0,
brodatu01,1945,1,TOR,NHL,15.0,900.0,6.0,6.0,3.0,,0.0,53.0,,,,,,,,,,
brodatu01,1946,1,TOR,NHL,60.0,3600.0,31.0,19.0,10.0,,4.0,172.0,,11.0,680.0,8.0,3.0,,,1.0,27.0,
brodatu01,1947,1,TOR,NHL,60.0,3600.0,32.0,15.0,13.0,,5.0,143.0,,9.0,557.0,8.0,1.0,,,1.0,20.0,
brodatu01,1948,1,TOR,NHL,60.0,3600.0,22.0,25.0,13.0,,5.0,161.0,,9.0,574.0,8.0,1.0,,,1.0,15.0,
brodatu01,1949,1,TOR,NHL,68.0,4040.0,30.0,25.0,12.0,,9.0,167.0,,7.0,450.0,3.0,4.0,,,3.0,10.0,
brodatu01,1950,1,TOR,NHL,31.0,1833.0,14.0,11.0,5.0,,6.0,68.0,,8.0,492.0,5.0,1.0,,,2.0,9.0,
brodatu01,1951,1,TOR,NHL,1.0,30.0,0.0,1.0,0.0,,0.0,3.0,,2.0,120.0,0.0,2.0,,,0.0,7.0,
brodeke01,1969,1,MNS,NHL,7.0,360.0,2.0,4.0,0.0,0.0,0.0,26.0,,,,,,,,,,
brodeke01,1973,1,BOS,NHL,5.0,300.0,2.0,2.0,1.0,1.0,0.0,16.0,,,,,,,,,,
brodeke01,1974,1,BOS,NHL,15.0,804.0,7.0,6.0,0.0,1.0,1.0,32.0,,,,,,,,,,
brodeke01,1976,1,EDO,WHA,40.0,2301.0,18.0,18.0,1.0,1.0,4.0,134.0,1098.0,3.0,179.0,1.0,2.0,,0.0,0.0,10.0,82.0
brodeke01,1977,1,EDO,WHA,9.0,497.0,2.0,5.0,0.0,0.0,0.0,42.0,206.0,,,,,,,,,
brodeke01,1977,2,QUN,WHA,24.0,1140.0,9.0,8.0,1.0,1.0,0.0,83.0,590.0,2.0,48.0,0.0,1.0,,0.0,0.0,2.0,
brodele01,1957,1,MTL,NHL,1.0,60.0,1.0,0.0,0.0,,0.0,2.0,,,,,,,,,,
brodema01,1991,1,NJD,NHL,4.0,179.0,2.0,1.0,0.0,0.0,0.0,10.0,85.0,1.0,32.0,0.0,1.0,,0.0,0.0,3.0,15.0
brodema01,1993,1,NJD,NHL,47.0,2625.0,27.0,11.0,8.0,0.0,3.0,105.0,1238.0,17.0,1171.0,8.0,9.0,,2.0,1.0,38.0,531.0
brodema01,1994,1,NJD,NHL,40.0,2184.0,19.0,11.0,6.0,1.0,3.0,89.0,908.0,20.0,1222.0,16.0,4.0,,0.0,3.0,34.0,463.0
brodema01,1995,1,NJD,NHL,77.0,4433.0,34.0,30.0,12.0,8.0,6.0,173.0,1954.0,,,,,,,,,
brodema01,1996,1,NJD,NHL,67.0,3838.0,37.0,14.0,13.0,5.0,10.0,120.0,1633.0,10.0,659.0,5.0,5.0,,2.0,2.0,19.0,268.0
brodema01,1997,1,NJD,NHL,70.0,4128.0,43.0,17.0,8.0,4.0,10.0,130.0,1569.0,6.0,366.0,2.0,4.0,,1.0,0.0,12.0,164.0
brodema01,1998,1,NJD,NHL,70.0,4239.0,39.0,21.0,10.0,4.0,4.0,162.0,1728.0,7.0,425.0,3.0,4.0,,1.0,0.0,20.0,139.0
brodema01,1999,1,NJD,NHL,72.0,4312.0,43.0,20.0,8.0,3.0,6.0,161.0,1797.0,23.0,1450.0,16.0,7.0,,0.0,2.0,39.0,537.0
brodema01,2000,1,NJD,NHL,72.0,4297.0,42.0,17.0,11.0,2.0,9.0,166.0,1762.0,25.0,1505.0,15.0,10.0,,0.0,4.0,52.0,507.0
brodema01,2001,1,NJD,NHL,73.0,4347.0,38.0,26.0,9.0,5.0,4.0,156.0,1655.0,6.0,381.0,2.0,4.0,,0.0,1.0,9.0,145.0
brodema01,2002,1,NJD,NHL,73.0,4374.0,41.0,23.0,9.0,4.0,9.0,147.0,1706.0,24.0,1491.0,16.0,8.0,,0.0,7.0,41.0,622.0
brodema01,2003,1,NJD,NHL,75.0,4555.0,38.0,26.0,11.0,4.0,11.0,154.0,1845.0,5.0,298.0,1.0,4.0,,1.0,0.0,13.0,133.0
brodema01,2005,1,NJD,NHL,73.0,4365.0,43.0,23.0,7.0,2.0,5.0,187.0,2105.0,9.0,533.0,5.0,4.0,,1.0,1.0,20.0,261.0
brodema01,2006,1,NJD,NHL,78.0,4697.0,48.0,23.0,7.0,5.0,12.0,171.0,2182.0,11.0,688.0,5.0,6.0,,1.0,1.0,28.0,332.0
brodema01,2007,1,NJD,NHL,77.0,4635.0,44.0,27.0,6.0,8.0,4.0,168.0,2089.0,5.0,301.0,1.0,4.0,,3.0,0.0,16.0,147.0
brodema01,2008,1,NJD,NHL,31.0,1814.0,19.0,9.0,3.0,2.0,5.0,73.0,870.0,7.0,427.0,3.0,4.0,,0.0,1.0,17.0,239.0
brodema01,2009,1,NJD,NHL,77.0,4499.0,45.0,25.0,6.0,1.0,9.0,168.0,2004.0,5.0,299.0,1.0,4.0,,0.0,0.0,15.0,126.0
brodemi01,2009,1,OTT,NHL,3.0,180.0,3.0,0.0,0.0,0.0,1.0,3.0,87.0,,,,,,,,,
broderi01,1972,1,QUN,WHA,24.0,1288.0,5.0,14.0,2.0,0.0,0.0,102.0,733.0,,,,,,,,,
broderi01,1973,1,QUN,WHA,30.0,1607.0,15.0,12.0,1.0,3.0,1.0,89.0,900.0,,,,,,,,,
broderi01,1974,1,QUN,WHA,51.0,2938.0,29.0,21.0,0.0,2.0,0.0,188.0,1734.0,15.0,906.0,8.0,7.0,,0.0,1.0,48.0,550.0
broderi01,1975,1,QUN,WHA,69.0,3967.0,44.0,21.0,2.0,1.0,2.0,244.0,2216.0,5.0,299.0,1.0,4.0,,1.0,0.0,22.0,
broderi01,1976,1,QUN,WHA,53.0,2906.0,29.0,18.0,2.0,1.0,2.0,167.0,1396.0,17.0,1007.0,12.0,5.0,,0.0,1.0,55.0,465.0
broderi01,1977,1,QUN,WHA,36.0,1962.0,18.0,15.0,2.0,1.0,0.0,121.0,1120.0,11.0,622.0,5.0,5.0,,1.0,1.0,38.0,
broderi01,1978,1,QUN,WHA,42.0,2433.0,25.0,13.0,3.0,1.0,3.0,126.0,1279.0,3.0,114.0,0.0,2.0,,0.0,0.0,14.0,
broderi01,1979,1,NYI,NHL,2.0,80.0,1.0,0.0,0.0,0.0,0.0,6.0,,,,,,,,,,
broderi01,1980,1,VAN,NHL,52.0,3024.0,17.0,18.0,16.0,2.0,0.0,177.0,,3.0,185.0,0.0,3.0,,0.0,0.0,13.0,
broderi01,1981,1,VAN,NHL,52.0,3010.0,20.0,18.0,12.0,2.0,2.0,168.0,,17.0,1089.0,11.0,6.0,,1.0,0.0,49.0,
broderi01,1982,1,VAN,NHL,58.0,3291.0,21.0,26.0,8.0,6.0,0.0,208.0,1641.0,3.0,193.0,0.0,3.0,,0.0,0.0,13.0,
broderi01,1983,1,VAN,NHL,36.0,2110.0,10.0,21.0,5.0,7.0,1.0,141.0,1067.0,4.0,222.0,1.0,3.0,,1.0,1.0,12.0,115.0
broderi01,1984,1,VAN,NHL,51.0,2930.0,16.0,27.0,6.0,4.0,0.0,228.0,1574.0,,,,,,,,,
broderi01,1985,1,VAN,NHL,64.0,3541.0,19.0,32.0,8.0,3.0,2.0,240.0,1724.0,2.0,120.0,0.0,2.0,,0.0,0.0,12.0,79.0
broderi01,1986,1,VAN,NHL,53.0,2972.0,20.0,25.0,5.0,3.0,1.0,178.0,1391.0,,,,,,,,,
broderi01,1987,1,VAN,NHL,11.0,670.0,3.0,6.0,2.0,0.0,0.0,49.0,347.0,,,,,,,,,
broderi01,1987,2,HAR,NHL,6.0,340.0,4.0,2.0,0.0,1.0,0.0,15.0,142.0,4.0,200.0,1.0,3.0,,0.0,0.0,12.0,87.0
bromlga01,1973,1,BUF,NHL,12.0,598.0,3.0,5.0,3.0,0.0,0.0,33.0,,,,,,,,,,
bromlga01,1974,1,BUF,NHL,50.0,2787.0,26.0,11.0,11.0,2.0,4.0,144.0,,,,,,,,,,
bromlga01,1975,1,BUF,NHL,1.0,60.0,0.0,1.0,0.0,0.0,0.0,7.0,,,,,,,,,,
bromlga01,1976,1,CAC,WHA,28.0,1237.0,6.0,9.0,2.0,2.0,0.0,79.0,623.0,,,,,,,,,
bromlga01,1977,1,WIJ,WHA,39.0,2252.0,25.0,12.0,1.0,1.0,1.0,124.0,1090.0,5.0,268.0,4.0,0.0,,0.0,0.0,7.0,
bromlga01,1978,1,VAN,NHL,38.0,2144.0,11.0,19.0,6.0,1.0,2.0,136.0,,3.0,180.0,1.0,2.0,,1.0,0.0,14.0,
bromlga01,1979,1,VAN,NHL,15.0,860.0,8.0,2.0,4.0,0.0,1.0,43.0,,4.0,180.0,1.0,3.0,,1.0,0.0,11.0,
bromlga01,1980,1,VAN,NHL,20.0,978.0,6.0,6.0,4.0,0.0,0.0,62.0,,,,,,,,,,
brookar01,1917,1,TOA,NHL,4.0,220.0,2.0,2.0,0.0,,0.0,23.0,,,,,,,,,,
brookro01,1972,1,BOS,NHL,16.0,910.0,11.0,1.0,3.0,0.0,1.0,40.0,,1.0,20.0,0.0,0.0,,0.0,0.0,3.0,
brookro01,1973,1,BOS,NHL,21.0,1170.0,16.0,3.0,0.0,0.0,3.0,46.0,,,,,,,,,,
brookro01,1974,1,BOS,NHL,17.0,967.0,10.0,3.0,3.0,2.0,0.0,48.0,,,,,,,,,,
brophfr01,1919,1,QUB,NHL,21.0,1249.0,3.0,18.0,0.0,,0.0,148.0,,,,,,,,,,
brougge01,1909,1,MOS,NHA,5.0,312.0,1.0,4.0,0.0,,0.0,43.0,,,,,,,,,,
brougge01,1911,1,MOW,NHA,7.0,397.0,3.0,4.0,0.0,,1.0,35.0,,,,,,,,,,
brownan01,1971,1,DET,NHL,10.0,560.0,4.0,5.0,1.0,0.0,0.0,37.0,,,,,,,,,,
brownan01,1972,1,DET,NHL,7.0,337.0,2.0,1.0,2.0,0.0,0.0,20.0,,,,,,,,,,
brownan01,1972,2,PIT,NHL,9.0,520.0,3.0,4.0,2.0,0.0,0.0,41.0,,,,,,,,,,
brownan01,1973,1,PIT,NHL,36.0,1956.0,13.0,16.0,4.0,0.0,1.0,115.0,,,,,,,,,,
brownan01,1974,1,IND,WHA,52.0,2979.0,15.0,35.0,0.0,1.0,2.0,206.0,1627.0,,,,,,,,,
brownan01,1975,1,IND,WHA,24.0,1368.0,9.0,11.0,2.0,0.0,1.0,82.0,751.0,,,,,,,,,
brownan01,1976,1,IND,WHA,10.0,430.0,1.0,4.0,1.0,0.0,0.0,26.0,196.0,,,,,,,,,
brownke01,1970,1,CHI,NHL,1.0,18.0,0.0,0.0,0.0,0.0,0.0,1.0,,,,,,,,,,
brownke01,1972,1,ALB,WHA,20.0,1034.0,10.0,8.0,0.0,1.0,1.0,63.0,540.0,,,,,,,,,
brownke01,1974,1,EDO,WHA,32.0,1466.0,10.0,11.0,0.0,2.0,2.0,86.0,845.0,,,,,,,,,
brunema01,1987,1,QUE,NHL,29.0,1550.0,10.0,12.0,1.0,2.0,0.0,96.0,778.0,,,,,,,,,
brunema01,1988,1,QUE,NHL,5.0,226.0,1.0,3.0,0.0,1.0,0.0,19.0,117.0,,,,,,,,,
brunema01,1989,1,QUE,NHL,6.0,191.0,1.0,2.0,0.0,0.0,0.0,13.0,99.0,,,,,,,,,
brustba01,2006,1,LAK,NHL,11.0,486.0,2.0,4.0,1.0,2.0,0.0,30.0,245.0,,,,,,,,,
bryzgil01,2001,1,ANA,NHL,1.0,32.0,0.0,0.0,0.0,0.0,0.0,1.0,12.0,,,,,,,,,
bryzgil01,2003,1,ANA,NHL,1.0,60.0,1.0,0.0,0.0,0.0,0.0,2.0,28.0,,,,,,,,,
bryzgil01,2005,1,ANA,NHL,31.0,1575.0,13.0,12.0,1.0,2.0,1.0,66.0,733.0,11.0,659.0,6.0,4.0,,2.0,3.0,16.0,285.0
bryzgil01,2006,1,AND,NHL,27.0,1509.0,10.0,8.0,6.0,0.0,1.0,62.0,668.0,5.0,267.0,3.0,1.0,,0.0,0.0,10.0,128.0
bryzgil01,2007,1,AND,NHL,9.0,447.0,2.0,3.0,1.0,1.0,0.0,19.0,208.0,,,,,,,,,
bryzgil01,2007,2,PHO,NHL,55.0,3167.0,26.0,22.0,5.0,4.0,3.0,128.0,1621.0,,,,,,,,,
bryzgil01,2008,1,PHO,NHL,65.0,3760.0,26.0,31.0,6.0,5.0,3.0,187.0,1994.0,,,,,,,,,
bryzgil01,2009,1,PHO,NHL,69.0,4084.0,42.0,20.0,6.0,6.0,8.0,156.0,1961.0,7.0,419.0,3.0,4.0,,2.0,0.0,24.0,255.0
budajpe01,2005,1,COL,NHL,34.0,1803.0,14.0,10.0,6.0,3.0,2.0,86.0,864.0,,,,,,,,,
budajpe01,2006,1,COL,NHL,57.0,3199.0,31.0,16.0,6.0,6.0,3.0,143.0,1499.0,,,,,,,,,
budajpe01,2007,1,COL,NHL,35.0,1912.0,16.0,10.0,4.0,6.0,0.0,82.0,849.0,3.0,108.0,0.0,0.0,,0.0,0.0,6.0,65.0
budajpe01,2008,1,COL,NHL,56.0,3232.0,20.0,29.0,5.0,5.0,2.0,154.0,1531.0,,,,,,,,,
budajpe01,2009,1,COL,NHL,15.0,728.0,5.0,5.0,2.0,4.0,1.0,32.0,386.0,1.0,9.0,0.0,0.0,,0.0,0.0,1.0,4.0
bullobr01,1972,1,VAN,NHL,14.0,840.0,3.0,8.0,3.0,1.0,0.0,67.0,,,,,,,,,,
bullobr01,1974,1,VAN,NHL,1.0,60.0,0.0,1.0,0.0,0.0,0.0,4.0,,,,,,,,,,
bullobr01,1976,1,VAN,NHL,1.0,27.0,0.0,0.0,0.0,0.0,0.0,3.0,,,,,,,,,,
burchra01,1976,1,IND,WHA,5.0,136.0,1.0,0.0,0.0,0.0,0.0,8.0,89.0,,,,,,,,,
burkese01,1987,1,NJD,NHL,13.0,689.0,10.0,1.0,0.0,0.0,1.0,35.0,300.0,17.0,1001.0,9.0,8.0,,1.0,1.0,57.0,515.0
burkese01,1988,1,NJD,NHL,62.0,3590.0,22.0,31.0,9.0,7.0,3.0,230.0,1823.0,,,,,,,,,
burkese01,1989,1,NJD,NHL,52.0,2914.0,22.0,22.0,6.0,0.0,0.0,175.0,1453.0,2.0,125.0,0.0,2.0,,0.0,0.0,8.0,57.0
burkese01,1990,1,NJD,NHL,35.0,1870.0,8.0,12.0,8.0,3.0,0.0,112.0,875.0,,,,,,,,,
burkese01,1992,1,HAR,NHL,50.0,2656.0,16.0,27.0,3.0,4.0,0.0,184.0,1485.0,,,,,,,,,
burkese01,1993,1,HAR,NHL,47.0,2750.0,17.0,24.0,5.0,7.0,2.0,137.0,1458.0,,,,,,,,,
burkese01,1994,1,HAR,NHL,42.0,2418.0,17.0,19.0,4.0,6.0,0.0,108.0,1233.0,,,,,,,,,
burkese01,1995,1,HAR,NHL,66.0,3669.0,28.0,28.0,6.0,3.0,4.0,190.0,2034.0,,,,,,,,,
burkese01,1996,1,HAR,NHL,51.0,2985.0,22.0,22.0,6.0,6.0,4.0,134.0,1560.0,,,,,,,,,
burkese01,1997,1,CAR,NHL,25.0,1415.0,7.0,11.0,5.0,2.0,1.0,66.0,655.0,,,,,,,,,
burkese01,1997,2,VAN,NHL,16.0,838.0,2.0,9.0,4.0,1.0,0.0,49.0,396.0,,,,,,,,,
burkese01,1997,3,PHI,NHL,11.0,632.0,7.0,3.0,0.0,0.0,1.0,27.0,311.0,5.0,283.0,1.0,4.0,,0.0,0.0,17.0,121.0
burkese01,1998,1,FLO,NHL,59.0,3402.0,21.0,24.0,14.0,3.0,3.0,151.0,1624.0,,,,,,,,,
burkese01,1999,1,FLO,NHL,7.0,418.0,2.0,5.0,0.0,2.0,0.0,18.0,208.0,,,,,,,,,
burkese01,1999,2,PHO,NHL,35.0,2074.0,17.0,14.0,3.0,1.0,3.0,88.0,1022.0,5.0,296.0,1.0,4.0,,1.0,0.0,16.0,167.0
burkese01,2000,1,PHO,NHL,62.0,3644.0,25.0,22.0,13.0,5.0,4.0,138.0,1766.0,,,,,,,,,
burkese01,2001,1,PHO,NHL,60.0,3587.0,33.0,21.0,6.0,3.0,5.0,137.0,1711.0,5.0,297.0,1.0,4.0,,0.0,0.0,13.0,133.0
burkese01,2002,1,PHO,NHL,22.0,1248.0,12.0,6.0,2.0,2.0,2.0,44.0,632.0,,,,,,,,,
burkese01,2003,1,PHO,NHL,32.0,1795.0,10.0,15.0,5.0,3.0,1.0,84.0,913.0,,,,,,,,,
burkese01,2003,2,PHI,NHL,15.0,825.0,6.0,5.0,2.0,0.0,1.0,35.0,389.0,1.0,40.0,0.0,0.0,,0.0,0.0,1.0,9.0
burkese01,2005,1,TBL,NHL,35.0,1713.0,14.0,10.0,4.0,2.0,2.0,80.0,764.0,3.0,109.0,0.0,1.0,,0.0,0.0,7.0,57.0
burkese01,2006,1,LAK,NHL,23.0,1310.0,6.0,10.0,5.0,2.0,1.0,68.0,687.0,,,,,,,,,
buzinst01,1942,1,NYR,NHL,9.0,560.0,2.0,6.0,1.0,,0.0,55.0,,,,,,,,,,
cadotbe01,1912,1,MOW,NHA,6.0,234.0,1.0,2.0,0.0,,0.0,23.0,,,,,,,,,,
caleydo01,1967,1,STL,NHL,1.0,30.0,0.0,0.0,0.0,0.0,0.0,3.0,,,,,,,,,,
caprifr01,1982,1,VAN,NHL,1.0,20.0,0.0,0.0,0.0,0.0,0.0,3.0,8.0,,,,,,,,,
caprifr01,1983,1,VAN,NHL,19.0,1098.0,8.0,8.0,2.0,2.0,1.0,62.0,525.0,,,,,,,,,
caprifr01,1984,1,VAN,NHL,28.0,1523.0,8.0,14.0,3.0,3.0,0.0,122.0,818.0,,,,,,,,,
caprifr01,1985,1,VAN,NHL,7.0,308.0,0.0,3.0,2.0,0.0,0.0,28.0,155.0,,,,,,,,,
caprifr01,1986,1,VAN,NHL,25.0,1390.0,8.0,11.0,2.0,2.0,0.0,89.0,643.0,,,,,,,,,
caprifr01,1987,1,VAN,NHL,22.0,1250.0,7.0,10.0,2.0,0.0,0.0,87.0,626.0,,,,,,,,,
careyji01,1994,1,WAS,NHL,28.0,1604.0,18.0,6.0,3.0,2.0,4.0,57.0,654.0,7.0,358.0,2.0,4.0,,2.0,0.0,25.0,151.0
careyji01,1995,1,WAS,NHL,71.0,4069.0,35.0,24.0,9.0,4.0,9.0,153.0,1631.0,3.0,97.0,0.0,1.0,,0.0,0.0,10.0,39.0
careyji01,1996,1,WAS,NHL,40.0,2293.0,17.0,18.0,3.0,2.0,1.0,105.0,984.0,,,,,,,,,
careyji01,1996,2,BOS,NHL,19.0,1004.0,5.0,13.0,0.0,2.0,0.0,64.0,496.0,,,,,,,,,
careyji01,1997,1,BOS,NHL,10.0,496.0,3.0,2.0,1.0,0.0,2.0,24.0,225.0,,,,,,,,,
careyji01,1998,1,STL,NHL,4.0,202.0,1.0,2.0,0.0,0.0,0.0,13.0,76.0,,,,,,,,,
caronja01,1967,1,LAK,NHL,1.0,60.0,0.0,1.0,0.0,0.0,0.0,4.0,,,,,,,,,,
caronja01,1968,1,LAK,NHL,3.0,140.0,0.0,1.0,0.0,1.0,0.0,9.0,,,,,,,,,,
caronja01,1971,1,STL,NHL,28.0,1619.0,14.0,8.0,5.0,2.0,1.0,68.0,,9.0,499.0,4.0,5.0,,1.0,0.0,26.0,
caronja01,1972,1,STL,NHL,30.0,1562.0,8.0,14.0,5.0,3.0,1.0,92.0,,3.0,140.0,0.0,2.0,,0.0,0.0,8.0,
caronja01,1973,1,VAN,NHL,10.0,465.0,2.0,5.0,1.0,0.0,0.0,38.0,,,,,,,,,,
caronja01,1975,1,CLC,WHA,2.0,130.0,1.0,0.0,1.0,0.0,0.0,8.0,77.0,,,,,,,,,
caronja01,1976,1,CIN,WHA,24.0,1292.0,13.0,6.0,2.0,1.0,3.0,61.0,564.0,1.0,14.0,0.0,1.0,,0.0,0.0,3.0,6.0
caronse01,2002,1,PIT,NHL,24.0,1408.0,7.0,14.0,2.0,1.0,2.0,62.0,741.0,,,,,,,,,
caronse01,2003,1,PIT,NHL,40.0,2213.0,9.0,24.0,5.0,6.0,1.0,138.0,1179.0,,,,,,,,,
caronse01,2005,1,PIT,NHL,26.0,1312.0,8.0,9.0,5.0,3.0,1.0,87.0,733.0,,,,,,,,,
caronse01,2006,1,CHI,NHL,1.0,60.0,1.0,0.0,0.0,0.0,0.0,1.0,25.0,,,,,,,,,
caronse01,2006,2,AND,NHL,1.0,28.0,0.0,0.0,0.0,1.0,0.0,1.0,6.0,,,,,,,,,
cartely01,1971,1,CLF,NHL,15.0,721.0,4.0,7.0,0.0,1.0,0.0,50.0,,,,,,,,,,
caseyjo01,1983,1,MNS,NHL,2.0,84.0,1.0,0.0,0.0,0.0,0.0,6.0,59.0,,,,,,,,,
caseyjo01,1985,1,MNS,NHL,26.0,1402.0,11.0,11.0,1.0,2.0,0.0,91.0,789.0,,,,,,,,,
caseyjo01,1987,1,MNS,NHL,14.0,663.0,1.0,7.0,4.0,1.0,0.0,41.0,348.0,,,,,,,,,
caseyjo01,1988,1,MNS,NHL,55.0,2961.0,18.0,17.0,12.0,3.0,1.0,151.0,1509.0,4.0,211.0,1.0,3.0,,0.0,0.0,16.0,121.0
caseyjo01,1989,1,MNS,NHL,61.0,3407.0,31.0,22.0,4.0,5.0,3.0,183.0,1757.0,7.0,415.0,3.0,4.0,,0.0,1.0,21.0,219.0
caseyjo01,1990,1,MNS,NHL,55.0,3185.0,21.0,20.0,11.0,5.0,3.0,158.0,1450.0,23.0,1205.0,14.0,7.0,,2.0,1.0,61.0,571.0
caseyjo01,1991,1,MNS,NHL,52.0,2911.0,19.0,23.0,5.0,6.0,2.0,165.0,1401.0,7.0,437.0,3.0,4.0,,1.0,0.0,22.0,225.0
caseyjo01,1992,1,MNS,NHL,60.0,3476.0,26.0,26.0,5.0,3.0,3.0,193.0,1683.0,,,,,,,,,
caseyjo01,1993,1,BOS,NHL,57.0,3192.0,30.0,15.0,9.0,1.0,4.0,153.0,1289.0,11.0,698.0,5.0,6.0,,0.0,0.0,34.0,308.0
caseyjo01,1994,1,STL,NHL,19.0,872.0,7.0,5.0,4.0,0.0,0.0,40.0,400.0,2.0,30.0,0.0,1.0,,0.0,0.0,2.0,10.0
caseyjo01,1995,1,STL,NHL,9.0,395.0,2.0,3.0,0.0,0.0,0.0,25.0,180.0,12.0,747.0,6.0,6.0,,0.0,1.0,36.0,378.0
caseyjo01,1996,1,STL,NHL,15.0,707.0,3.0,8.0,0.0,2.0,0.0,40.0,299.0,,,,,,,,,
cassifr01,2001,1,ATL,NHL,6.0,307.0,2.0,3.0,0.0,1.0,0.0,17.0,207.0,,,,,,,,,
cassifr01,2002,1,ATL,NHL,2.0,123.0,1.0,1.0,0.0,0.0,0.0,11.0,58.0,,,,,,,,,
cassifr01,2005,1,WAS,NHL,1.0,59.0,0.0,1.0,0.0,0.0,0.0,4.0,30.0,,,,,,,,,
cassifr01,2006,1,WAS,NHL,4.0,139.0,0.0,1.0,1.0,0.0,0.0,6.0,58.0,,,,,,,,,
cattajo01,1909,1,LES,NHA,4.0,240.0,0.0,4.0,0.0,,0.0,34.0,,,,,,,,,,
cechmro01,2000,1,PHI,NHL,59.0,3431.0,35.0,15.0,6.0,2.0,10.0,115.0,1464.0,6.0,347.0,2.0,4.0,,0.0,0.0,18.0,165.0
cechmro01,2001,1,PHI,NHL,46.0,2603.0,24.0,13.0,6.0,2.0,4.0,89.0,1131.0,4.0,227.0,1.0,3.0,,2.0,1.0,7.0,109.0
cechmro01,2002,1,PHI,NHL,58.0,3350.0,33.0,15.0,10.0,2.0,6.0,102.0,1368.0,13.0,867.0,6.0,7.0,,1.0,2.0,31.0,339.0
cechmro01,2003,1,LAK,NHL,49.0,2701.0,18.0,21.0,6.0,3.0,5.0,113.0,1198.0,,,,,,,,,
centose01,2001,1,TOR,NHL,1.0,40.0,0.0,0.0,0.0,0.0,0.0,3.0,12.0,,,,,,,,,
chabofr01,1990,1,MTL,NHL,3.0,108.0,0.0,0.0,1.0,0.0,0.0,6.0,45.0,,,,,,,,,
chabofr01,1992,1,MTL,NHL,1.0,40.0,0.0,0.0,0.0,0.0,0.0,1.0,19.0,,,,,,,,,
chabofr01,1993,1,MTL,NHL,1.0,60.0,0.0,1.0,0.0,0.0,0.0,5.0,24.0,,,,,,,,,
chabofr01,1993,2,PHI,NHL,4.0,70.0,0.0,1.0,1.0,0.0,0.0,5.0,40.0,,,,,,,,,
chabofr01,1997,1,LAK,NHL,12.0,554.0,3.0,3.0,2.0,0.0,0.0,29.0,267.0,,,,,,,,,
chabofr01,1998,1,MTL,NHL,11.0,430.0,1.0,3.0,0.0,0.0,0.0,16.0,188.0,,,,,,,,,
chabolo01,1926,1,NYR,NHL,36.0,2307.0,22.0,9.0,5.0,,10.0,56.0,,2.0,120.0,0.0,1.0,1.0,,1.0,3.0,
chabolo01,1927,1,NYR,NHL,44.0,2730.0,19.0,16.0,9.0,,11.0,79.0,,6.0,321.0,2.0,2.0,1.0,,1.0,8.0,
chabolo01,1928,1,TOR,NHL,44.0,2562.0,20.0,17.0,5.0,,11.0,65.0,,4.0,262.0,2.0,2.0,0.0,,0.0,5.0,
chabolo01,1929,1,TOR,NHL,42.0,2620.0,16.0,20.0,6.0,,6.0,113.0,,,,,,,,,,
chabolo01,1930,1,TOR,NHL,37.0,2300.0,21.0,8.0,8.0,,6.0,80.0,,2.0,139.0,0.0,1.0,1.0,,0.0,4.0,
chabolo01,1931,1,TOR,NHL,44.0,2698.0,22.0,16.0,6.0,,4.0,106.0,,7.0,438.0,5.0,1.0,1.0,,0.0,15.0,
chabolo01,1932,1,TOR,NHL,48.0,2946.0,24.0,18.0,6.0,,5.0,111.0,,9.0,686.0,4.0,5.0,0.0,,2.0,18.0,
chabolo01,1933,1,MTL,NHL,47.0,2928.0,21.0,20.0,6.0,,8.0,101.0,,2.0,131.0,0.0,1.0,1.0,,0.0,4.0,
chabolo01,1934,1,CHI,NHL,48.0,2940.0,26.0,17.0,5.0,,8.0,88.0,,2.0,124.0,0.0,1.0,1.0,,1.0,1.0,
chabolo01,1935,1,MTM,NHL,16.0,1010.0,8.0,3.0,5.0,,2.0,35.0,,3.0,297.0,0.0,3.0,,,0.0,6.0,
chabolo01,1936,1,NYA,NHL,6.0,370.0,2.0,3.0,1.0,,1.0,25.0,,,,,,,,,,
chadwed01,1955,1,TOR,NHL,5.0,300.0,2.0,0.0,3.0,,2.0,3.0,,,,,,,,,,
chadwed01,1956,1,TOR,NHL,70.0,4200.0,21.0,34.0,15.0,,5.0,192.0,,,,,,,,,,
chadwed01,1957,1,TOR,NHL,70.0,4200.0,21.0,38.0,11.0,,4.0,226.0,,,,,,,,,,
chadwed01,1958,1,TOR,NHL,31.0,1860.0,12.0,15.0,4.0,,3.0,93.0,,,,,,,,,,
chadwed01,1959,1,TOR,NHL,4.0,240.0,1.0,2.0,1.0,,0.0,15.0,,,,,,,,,,
chadwed01,1961,1,BOS,NHL,4.0,240.0,0.0,3.0,1.0,,0.0,22.0,,,,,,,,,,
champbo01,1963,1,DET,NHL,,,,,,,,,,1.0,55.0,1.0,0.0,,0.0,0.0,4.0,
champbo01,1973,1,CLF,NHL,17.0,923.0,2.0,11.0,3.0,1.0,0.0,80.0,,,,,,,,,,
charpse01,2001,1,WAS,NHL,2.0,122.0,1.0,1.0,0.0,0.0,0.0,5.0,78.0,,,,,,,,,
charpse01,2002,1,WAS,NHL,17.0,859.0,5.0,7.0,1.0,2.0,0.0,40.0,426.0,,,,,,,,,
charpse01,2003,1,WAS,NHL,7.0,369.0,0.0,6.0,0.0,2.0,0.0,21.0,168.0,,,,,,,,,
cheevge01,1961,1,TOR,NHL,2.0,120.0,1.0,1.0,0.0,,0.0,7.0,,,,,,,,,,
cheevge01,1965,1,BOS,NHL,7.0,340.0,0.0,4.0,1.0,0.0,0.0,34.0,,,,,,,,,,
cheevge01,1966,1,BOS,NHL,22.0,1298.0,5.0,10.0,6.0,0.0,1.0,72.0,,,,,,,,,,
cheevge01,1967,1,BOS,NHL,47.0,2646.0,23.0,17.0,5.0,3.0,3.0,125.0,,4.0,240.0,0.0,4.0,,0.0,0.0,15.0,
cheevge01,1968,1,BOS,NHL,52.0,3112.0,28.0,12.0,12.0,1.0,3.0,145.0,,9.0,572.0,6.0,3.0,,0.0,3.0,16.0,
cheevge01,1969,1,BOS,NHL,41.0,2384.0,24.0,8.0,8.0,0.0,4.0,108.0,,13.0,781.0,12.0,1.0,,0.0,0.0,29.0,
cheevge01,1970,1,BOS,NHL,40.0,2400.0,27.0,8.0,5.0,0.0,3.0,109.0,,6.0,360.0,3.0,3.0,,0.0,0.0,21.0,
cheevge01,1971,1,BOS,NHL,41.0,2420.0,27.0,5.0,8.0,0.0,2.0,101.0,,8.0,483.0,6.0,2.0,,0.0,2.0,21.0,
cheevge01,1972,1,CLC,WHA,52.0,3144.0,32.0,20.0,0.0,2.0,5.0,149.0,1695.0,9.0,548.0,5.0,4.0,,0.0,0.0,22.0,278.0
cheevge01,1973,1,CLC,WHA,59.0,3562.0,30.0,20.0,6.0,4.0,4.0,180.0,1911.0,5.0,303.0,1.0,4.0,,0.0,0.0,18.0,196.0
cheevge01,1974,1,CLC,WHA,52.0,3076.0,26.0,24.0,2.0,2.0,4.0,167.0,1763.0,5.0,300.0,1.0,4.0,,1.0,0.0,23.0,
cheevge01,1975,1,CLC,WHA,28.0,1570.0,11.0,14.0,1.0,1.0,1.0,95.0,834.0,,,,,,,,,
cheevge01,1975,2,BOS,NHL,15.0,900.0,8.0,2.0,5.0,1.0,1.0,41.0,,6.0,393.0,2.0,4.0,,0.0,1.0,14.0,
cheevge01,1976,1,BOS,NHL,45.0,2700.0,30.0,10.0,5.0,0.0,3.0,137.0,,14.0,858.0,8.0,5.0,,1.0,1.0,44.0,
cheevge01,1977,1,BOS,NHL,21.0,1086.0,10.0,5.0,2.0,1.0,1.0,48.0,,12.0,731.0,8.0,4.0,,0.0,1.0,35.0,
cheevge01,1978,1,BOS,NHL,43.0,2509.0,23.0,9.0,10.0,1.0,1.0,132.0,,6.0,360.0,4.0,2.0,,1.0,0.0,15.0,
cheevge01,1979,1,BOS,NHL,42.0,2479.0,24.0,11.0,7.0,3.0,4.0,116.0,,10.0,619.0,4.0,6.0,,1.0,0.0,32.0,
cheveti01,1988,1,DET,NHL,2.0,122.0,0.0,2.0,0.0,0.0,0.0,9.0,74.0,,,,,,,,,
cheveti01,1989,1,DET,NHL,28.0,1600.0,10.0,9.0,8.0,1.0,0.0,101.0,854.0,,,,,,,,,
cheveti01,1990,1,DET,NHL,65.0,3615.0,30.0,26.0,5.0,5.0,2.0,214.0,1716.0,7.0,398.0,3.0,4.0,,1.0,0.0,22.0,208.0
cheveti01,1991,1,DET,NHL,72.0,4236.0,38.0,23.0,9.0,1.0,2.0,226.0,1978.0,11.0,597.0,3.0,7.0,,1.0,2.0,25.0,277.0
cheveti01,1992,1,DET,NHL,67.0,3880.0,34.0,24.0,7.0,5.0,4.0,210.0,1897.0,7.0,423.0,3.0,4.0,,0.0,0.0,24.0,200.0
cheveti01,1993,1,DET,NHL,30.0,1572.0,16.0,9.0,1.0,3.0,1.0,91.0,727.0,,,,,,,,,
cheveti01,1993,2,WIN,NHL,14.0,788.0,5.0,8.0,1.0,0.0,1.0,52.0,485.0,,,,,,,,,
cheveti01,1994,1,WIN,NHL,30.0,1571.0,8.0,16.0,3.0,3.0,0.0,97.0,818.0,,,,,,,,,
cheveti01,1995,1,WIN,NHL,30.0,1695.0,8.0,18.0,3.0,5.0,0.0,111.0,948.0,,,,,,,,,
cheveti01,1996,1,BOS,NHL,2.0,93.0,0.0,1.0,0.0,1.0,0.0,5.0,33.0,,,,,,,,,
chevral01,1985,1,NJD,NHL,37.0,1862.0,11.0,18.0,2.0,0.0,0.0,143.0,951.0,,,,,,,,,
chevral01,1986,1,NJD,NHL,58.0,3153.0,24.0,26.0,2.0,3.0,0.0,227.0,1793.0,,,,,,,,,
chevral01,1987,1,NJD,NHL,45.0,2354.0,18.0,19.0,3.0,4.0,1.0,148.0,1117.0,,,,,,,,,
chevral01,1988,1,WIN,NHL,22.0,1092.0,8.0,8.0,2.0,2.0,1.0,78.0,554.0,,,,,,,,,
chevral01,1988,2,CHI,NHL,27.0,1573.0,13.0,11.0,2.0,2.0,0.0,92.0,740.0,16.0,1013.0,9.0,7.0,,1.0,0.0,44.0,484.0
chevral01,1989,1,CHI,NHL,39.0,1894.0,16.0,14.0,3.0,1.0,0.0,132.0,898.0,,,,,,,,,
chevral01,1989,2,PIT,NHL,3.0,166.0,1.0,2.0,0.0,0.0,0.0,14.0,89.0,,,,,,,,,
chevral01,1990,1,DET,NHL,3.0,108.0,0.0,2.0,0.0,0.0,0.0,11.0,55.0,,,,,,,,,
chiodan01,2003,1,PIT,NHL,8.0,486.0,3.0,4.0,1.0,0.0,0.0,28.0,260.0,,,,,,,,,
chouima02,2003,1,LAK,NHL,1.0,3.0,0.0,0.0,0.0,0.0,0.0,0.0,2.0,,,,,,,,,
clancki01,1924,1,OTS,NHL,1.0,2.0,0.0,0.0,0.0,,0.0,0.0,,,,,,,,,,
clancki01,1931,1,TOR,NHL,1.0,1.0,0.0,0.0,0.0,,0.0,1.0,,,,,,,,,,
clarkch02,1913,1,VML,PCHA,1.0,60.0,1.0,0.0,0.0,,0.0,6.0,,,,,,,,,,
cleghod01,1925,1,PIP,NHL,1.0,60.0,1.0,0.0,0.0,,0.0,2.0,,,,,,,,,,
cleghsp01,1918,1,OTS,NHL,1.0,3.0,0.0,0.0,0.0,,0.0,0.0,,,,,,,,,,
cleghsp01,1921,1,MTL,NHL,1.0,2.0,0.0,0.0,0.0,,0.0,0.0,,,,,,,,,,
clemmsc01,2001,1,NJD,NHL,2.0,20.0,0.0,0.0,0.0,0.0,0.0,1.0,5.0,,,,,,,,,
clemmsc01,2003,1,NJD,NHL,4.0,238.0,3.0,1.0,0.0,0.0,2.0,4.0,84.0,,,,,,,,,
clemmsc01,2005,1,NJD,NHL,13.0,627.0,3.0,4.0,2.0,1.0,0.0,35.0,295.0,1.0,7.0,0.0,0.0,,0.0,0.0,0.0,3.0
clemmsc01,2006,1,NJD,NHL,6.0,305.0,1.0,1.0,2.0,1.0,0.0,16.0,144.0,,,,,,,,,
clemmsc01,2007,1,TOR,NHL,3.0,154.0,1.0,1.0,0.0,0.0,0.0,10.0,62.0,,,,,,,,,
clemmsc01,2008,1,NJD,NHL,40.0,2356.0,25.0,13.0,1.0,5.0,2.0,94.0,1138.0,,,,,,,,,
clemmsc01,2009,1,FLO,NHL,23.0,1215.0,9.0,8.0,2.0,3.0,1.0,59.0,668.0,,,,,,,,,
cliffch01,1984,1,CHI,NHL,1.0,20.0,0.0,0.0,0.0,0.0,0.0,0.0,8.0,,,,,,,,,
cliffch01,1988,1,CHI,NHL,1.0,4.0,0.0,0.0,0.0,0.0,0.0,0.0,0.0,,,,,,,,,
climima01,2008,1,DAL,NHL,3.0,185.0,2.0,1.0,0.0,0.0,0.0,9.0,85.0,,,,,,,,,
climima01,2009,1,DAL,NHL,1.0,60.0,0.0,1.0,0.0,0.0,0.0,5.0,38.0,,,,,,,,,
cloutda01,1997,1,NYR,NHL,12.0,551.0,4.0,5.0,1.0,0.0,0.0,23.0,248.0,,,,,,,,,
cloutda01,1998,1,NYR,NHL,22.0,1097.0,6.0,8.0,3.0,2.0,0.0,49.0,570.0,,,,,,,,,
cloutda01,1999,1,TBL,NHL,52.0,2492.0,9.0,30.0,3.0,3.0,0.0,145.0,1258.0,,,,,,,,,
cloutda01,2000,1,TBL,NHL,24.0,1005.0,3.0,13.0,3.0,3.0,1.0,59.0,541.0,,,,,,,,,
cloutda01,2000,2,VAN,NHL,16.0,914.0,4.0,6.0,5.0,0.0,0.0,37.0,348.0,2.0,117.0,0.0,2.0,,1.0,0.0,9.0,57.0
cloutda01,2001,1,VAN,NHL,62.0,3502.0,31.0,22.0,5.0,2.0,7.0,142.0,1440.0,6.0,273.0,2.0,3.0,,1.0,0.0,16.0,123.0
cloutda01,2002,1,VAN,NHL,57.0,3376.0,33.0,16.0,7.0,6.0,2.0,136.0,1477.0,14.0,833.0,7.0,7.0,,1.0,0.0,45.0,341.0
cloutda01,2003,1,VAN,NHL,60.0,3539.0,33.0,21.0,6.0,2.0,5.0,134.0,1554.0,3.0,138.0,1.0,1.0,,0.0,0.0,5.0,64.0
cloutda01,2005,1,VAN,NHL,13.0,681.0,8.0,3.0,1.0,0.0,0.0,36.0,334.0,,,,,,,,,
cloutda01,2006,1,LAK,NHL,24.0,1281.0,6.0,14.0,2.0,1.0,0.0,85.0,608.0,,,,,,,,,
cloutda01,2007,1,LAK,NHL,9.0,489.0,2.0,4.0,1.0,1.0,0.0,28.0,247.0,,,,,,,,,
cloutja01,1981,1,BUF,NHL,7.0,311.0,5.0,1.0,0.0,1.0,0.0,13.0,,,,,,,,,,
cloutja01,1982,1,BUF,NHL,25.0,1390.0,10.0,7.0,6.0,0.0,0.0,81.0,572.0,,,,,,,,,
cloutja01,1984,1,BUF,NHL,1.0,65.0,0.0,0.0,1.0,0.0,0.0,4.0,37.0,,,,,,,,,
cloutja01,1985,1,BUF,NHL,15.0,872.0,5.0,9.0,1.0,2.0,1.0,49.0,428.0,,,,,,,,,
cloutja01,1986,1,BUF,NHL,40.0,2167.0,11.0,19.0,5.0,1.0,0.0,137.0,1035.0,,,,,,,,,
cloutja01,1987,1,BUF,NHL,20.0,851.0,4.0,8.0,2.0,3.0,0.0,67.0,450.0,,,,,,,,,
cloutja01,1988,1,BUF,NHL,36.0,1786.0,15.0,14.0,0.0,1.0,0.0,108.0,857.0,4.0,238.0,1.0,3.0,,1.0,1.0,10.0,108.0
cloutja01,1989,1,CHI,NHL,43.0,2178.0,18.0,15.0,2.0,2.0,2.0,112.0,931.0,4.0,175.0,0.0,2.0,,0.0,0.0,8.0,75.0
cloutja01,1990,1,CHI,NHL,10.0,403.0,2.0,3.0,0.0,0.0,0.0,24.0,175.0,,,,,,,,,
cloutja01,1990,2,QUE,NHL,15.0,829.0,3.0,8.0,2.0,0.0,0.0,61.0,526.0,,,,,,,,,
cloutja01,1991,1,QUE,NHL,26.0,1345.0,6.0,14.0,3.0,0.0,0.0,88.0,712.0,,,,,,,,,
cloutja01,1992,1,QUE,NHL,3.0,154.0,0.0,2.0,1.0,2.0,0.0,10.0,65.0,,,,,,,,,
cloutja01,1993,1,QUE,NHL,14.0,475.0,3.0,2.0,1.0,1.0,0.0,24.0,232.0,,,,,,,,,
colemge01,2005,1,TBL,NHL,2.0,43.0,0.0,0.0,1.0,0.0,0.0,2.0,17.0,,,,,,,,,
colvile01,1948,1,BOS,NHL,1.0,60.0,0.0,1.0,0.0,,0.0,4.0,,,,,,,,,,
conacch01,1932,1,TOR,NHL,1.0,4.0,0.0,0.0,0.0,,0.0,0.0,,,,,,,,,,
conacch01,1934,1,TOR,NHL,1.0,3.0,0.0,0.0,0.0,,0.0,0.0,,,,,,,,,,
conacch01,1938,1,DET,NHL,1.0,4.0,0.0,0.0,0.0,,0.0,0.0,,,,,,,,,,
conklty01,2001,1,EDM,NHL,4.0,148.0,2.0,0.0,0.0,0.0,0.0,4.0,66.0,,,,,,,,,
conklty01,2003,1,EDM,NHL,38.0,2086.0,17.0,14.0,4.0,2.0,1.0,84.0,959.0,,,,,,,,,
conklty01,2005,1,EDM,NHL,18.0,922.0,8.0,5.0,1.0,3.0,1.0,43.0,359.0,1.0,6.0,0.0,1.0,,0.0,0.0,1.0,3.0
conklty01,2006,1,CBS,NHL,11.0,491.0,2.0,3.0,2.0,0.0,0.0,27.0,210.0,,,,,,,,,
conklty01,2006,2,BUF,NHL,5.0,227.0,1.0,2.0,0.0,0.0,0.0,13.0,120.0,,,,,,,,,
conklty01,2007,1,PIT,NHL,33.0,1866.0,18.0,8.0,5.0,1.0,2.0,78.0,1013.0,,,,,,,,,
conklty01,2008,1,DET,NHL,40.0,2246.0,25.0,11.0,2.0,4.0,6.0,94.0,1033.0,1.0,20.0,0.0,0.0,,0.0,0.0,0.0,9.0
conklty01,2009,1,STL,NHL,26.0,1451.0,10.0,10.0,2.0,2.0,4.0,60.0,764.0,,,,,,,,,
conneal01,1924,1,OTS,NHL,30.0,1852.0,17.0,12.0,1.0,,7.0,66.0,,,,,,,,,,
conneal01,1925,1,OTS,NHL,36.0,2251.0,24.0,8.0,4.0,,15.0,42.0,,2.0,120.0,0.0,1.0,1.0,,0.0,2.0,
conneal01,1926,1,OTS,NHL,44.0,2782.0,30.0,10.0,4.0,,13.0,69.0,,6.0,400.0,3.0,0.0,3.0,,2.0,4.0,
conneal01,1927,1,OTS,NHL,44.0,2760.0,20.0,14.0,10.0,,15.0,57.0,,2.0,120.0,0.0,2.0,0.0,,0.0,3.0,
conneal01,1928,1,OTS,NHL,44.0,2820.0,14.0,17.0,13.0,,7.0,67.0,,,,,,,,,,
conneal01,1929,1,OTS,NHL,44.0,2780.0,21.0,15.0,8.0,,3.0,118.0,,2.0,120.0,0.0,1.0,1.0,,0.0,6.0,
conneal01,1930,1,OTS,NHL,36.0,2190.0,10.0,22.0,4.0,,3.0,110.0,,,,,,,,,,
conneal01,1931,1,DTF,NHL,48.0,3050.0,18.0,20.0,10.0,,6.0,108.0,,2.0,120.0,0.0,1.0,1.0,,0.0,3.0,
conneal01,1932,1,OTS,NHL,15.0,845.0,4.0,8.0,2.0,,1.0,36.0,,,,,,,,,,
conneal01,1933,1,NYA,NHL,1.0,40.0,1.0,0.0,0.0,,0.0,2.0,,,,,,,,,,
conneal01,1934,1,MTM,NHL,48.0,2970.0,24.0,19.0,5.0,,9.0,92.0,,7.0,430.0,5.0,0.0,2.0,,2.0,8.0,
conneal01,1936,1,MTM,NHL,27.0,1710.0,10.0,11.0,6.0,,2.0,63.0,,,,,,,,,,
cookll01,1921,1,VML,PCHA,1.0,3.0,0.0,0.0,0.0,,0.0,0.0,,,,,,,,,,
coolega01,1975,1,NEW,WHA,,,,,,,,,,1.0,1.0,0.0,0.0,,0.0,0.0,0.0,
corsiji01,1977,1,QUN,WHA,23.0,1089.0,10.0,7.0,0.0,0.0,0.0,82.0,647.0,,,,,,,,,
corsiji01,1978,1,QUN,WHA,40.0,2291.0,16.0,20.0,1.0,4.0,3.0,126.0,1242.0,2.0,66.0,0.0,1.0,,0.0,0.0,7.0,
corsiji01,1979,1,EDM,NHL,26.0,1366.0,8.0,14.0,3.0,3.0,0.0,83.0,,,,,,,,,,
cottrto01,1972,1,PHB,WHA,2.0,122.0,1.0,1.0,0.0,0.0,0.0,8.0,65.0,,,,,,,,,
courtma01,1943,1,BOS,NHL,6.0,360.0,2.0,4.0,0.0,,0.0,33.0,,,,,,,,,,
cousima01,1996,1,TOR,NHL,13.0,566.0,3.0,5.0,1.0,1.0,1.0,31.0,317.0,,,,,,,,,
cousima01,1997,1,TOR,NHL,2.0,17.0,0.0,0.0,0.0,0.0,0.0,0.0,9.0,,,,,,,,,
cousima01,1998,1,NYI,NHL,6.0,293.0,0.0,4.0,0.0,0.0,0.0,14.0,119.0,,,,,,,,,
cousima01,1999,1,LAK,NHL,5.0,171.0,1.0,1.0,0.0,0.0,0.0,6.0,64.0,,,,,,,,,
couturi01,1973,1,CHC,WHA,20.0,1207.0,9.0,10.0,1.0,3.0,0.0,75.0,628.0,,,,,,,,,
couturi01,1974,1,CHC,WHA,1.0,60.0,0.0,1.0,0.0,0.0,0.0,5.0,36.0,,,,,,,,,
couturi01,1975,1,CIN,WHA,3.0,149.0,0.0,2.0,0.0,1.0,0.0,17.0,81.0,,,,,,,,,
cowlewa01,1993,1,EDM,NHL,1.0,57.0,0.0,1.0,0.0,0.0,0.0,3.0,35.0,,,,,,,,,
coxab01,1929,1,MTM,NHL,1.0,60.0,1.0,0.0,0.0,,0.0,2.0,,,,,,,,,,
coxab01,1933,1,DET,NHL,2.0,109.0,0.0,0.0,1.0,,0.0,5.0,,,,,,,,,,
coxab01,1933,2,NYA,NHL,1.0,24.0,0.0,1.0,0.0,,0.0,3.0,,,,,,,,,,
coxab01,1935,1,MTL,NHL,1.0,70.0,0.0,0.0,1.0,,0.0,1.0,,,,,,,,,,
craigji01,1979,1,ATF,NHL,4.0,206.0,1.0,2.0,1.0,0.0,0.0,13.0,,,,,,,,,,
craigji01,1980,1,BOS,NHL,23.0,1272.0,9.0,7.0,6.0,1.0,0.0,78.0,,,,,,,,,,
craigji01,1983,1,MNS,NHL,3.0,110.0,1.0,1.0,0.0,0.0,0.0,9.0,56.0,,,,,,,,,
crawfco01,2005,1,CHI,NHL,2.0,86.0,0.0,0.0,1.0,0.0,0.0,5.0,41.0,,,,,,,,,
crawfco01,2007,1,CHI,NHL,5.0,224.0,1.0,2.0,0.0,1.0,1.0,8.0,112.0,,,,,,,,,
crawfco01,2008,1,CHI,NHL,,,,,,,,,,1.0,16.0,0.0,0.0,,0.0,0.0,1.0,7.0
crawfco01,2009,1,CHI,NHL,1.0,59.0,0.0,1.0,0.0,1.0,0.0,3.0,35.0,,,,,,,,,
crhaji01,1978,1,CZE,WHA,4.0,200.0,1.0,2.0,0.0,0.0,0.0,19.0,102.0,,,,,,,,,
crhaji01,1979,1,TOR,NHL,15.0,830.0,8.0,7.0,0.0,0.0,0.0,50.0,,2.0,121.0,0.0,2.0,,0.0,0.0,10.0,
crhaji01,1980,1,TOR,NHL,54.0,3112.0,20.0,20.0,11.0,4.0,0.0,211.0,,3.0,65.0,0.0,2.0,,0.0,0.0,11.0,
crossja01,1913,1,TOO,NHA,1.0,40.0,0.0,1.0,0.0,,0.0,6.0,,,,,,,,,,
croziro01,1963,1,DET,NHL,15.0,900.0,5.0,6.0,4.0,0.0,2.0,51.0,,3.0,126.0,0.0,2.0,,0.0,0.0,5.0,
croziro01,1964,1,DET,NHL,70.0,4167.0,40.0,22.0,7.0,3.0,6.0,168.0,,7.0,420.0,3.0,4.0,,0.0,0.0,23.0,
croziro01,1965,1,DET,NHL,64.0,3734.0,27.0,24.0,12.0,2.0,7.0,173.0,,12.0,669.0,6.0,5.0,,0.0,1.0,26.0,
croziro01,1966,1,DET,NHL,58.0,3256.0,22.0,29.0,4.0,1.0,4.0,182.0,,,,,,,,,,
croziro01,1967,1,DET,NHL,34.0,1729.0,9.0,18.0,2.0,2.0,1.0,95.0,,,,,,,,,,
croziro01,1968,1,DET,NHL,38.0,1820.0,12.0,16.0,3.0,2.0,0.0,101.0,,,,,,,,,,
croziro01,1969,1,DET,NHL,34.0,1877.0,16.0,6.0,9.0,0.0,0.0,83.0,,1.0,34.0,0.0,1.0,,0.0,0.0,3.0,
croziro01,1970,1,BUF,NHL,44.0,2198.0,9.0,20.0,7.0,1.0,1.0,135.0,,,,,,,,,,
croziro01,1971,1,BUF,NHL,63.0,3654.0,13.0,34.0,14.0,7.0,2.0,214.0,,,,,,,,,,
croziro01,1972,1,BUF,NHL,49.0,2633.0,23.0,13.0,7.0,3.0,3.0,121.0,,4.0,249.0,2.0,2.0,,1.0,0.0,11.0,
croziro01,1973,1,BUF,NHL,12.0,615.0,4.0,5.0,0.0,0.0,0.0,39.0,,,,,,,,,,
croziro01,1974,1,BUF,NHL,23.0,1260.0,17.0,2.0,1.0,0.0,3.0,55.0,,5.0,293.0,3.0,2.0,,0.0,0.0,14.0,
croziro01,1975,1,BUF,NHL,11.0,620.0,8.0,2.0,0.0,0.0,1.0,27.0,,,,,,,,,,
croziro01,1976,1,WAS,NHL,3.0,103.0,1.0,0.0,0.0,0.0,0.0,2.0,,,,,,,,,,
cudewi01,1930,1,PHQ,NHL,30.0,1850.0,2.0,25.0,3.0,,1.0,130.0,,,,,,,,,,
cudewi01,1931,1,CHI,NHL,1.0,41.0,0.0,0.0,0.0,,0.0,9.0,,,,,,,,,,
cudewi01,1931,2,BOS,NHL,2.0,120.0,1.0,1.0,0.0,,1.0,6.0,,,,,,,,,,
cudewi01,1933,1,MTL,NHL,1.0,60.0,1.0,0.0,0.0,,1.0,0.0,,,,,,,,,,
cudewi01,1933,2,DET,NHL,29.0,1860.0,15.0,6.0,8.0,,4.0,47.0,,9.0,593.0,4.0,5.0,0.0,,1.0,21.0,
cudewi01,1934,1,MTL,NHL,48.0,2960.0,19.0,23.0,6.0,,1.0,145.0,,2.0,120.0,0.0,1.0,1.0,,0.0,6.0,
cudewi01,1935,1,MTL,NHL,47.0,2940.0,11.0,26.0,10.0,,6.0,122.0,,,,,,,,,,
cudewi01,1936,1,MTL,NHL,44.0,2730.0,22.0,17.0,5.0,,5.0,99.0,,5.0,352.0,2.0,3.0,,,0.0,13.0,
cudewi01,1937,1,MTL,NHL,47.0,2990.0,18.0,17.0,12.0,,3.0,126.0,,3.0,192.0,1.0,2.0,,,0.0,11.0,
cudewi01,1938,1,MTL,NHL,23.0,1440.0,8.0,11.0,4.0,,2.0,77.0,,,,,,,,,,
cudewi01,1939,1,MTL,NHL,7.0,415.0,1.0,5.0,1.0,,0.0,24.0,,,,,,,,,,
cudewi01,1940,1,MTL,NHL,3.0,180.0,2.0,1.0,0.0,,0.0,13.0,,,,,,,,,,
currami01,1972,1,MFS,WHA,43.0,2540.0,23.0,17.0,2.0,3.0,4.0,131.0,1437.0,2.0,90.0,0.0,2.0,,0.0,0.0,9.0,61.0
currami01,1973,1,MFS,WHA,40.0,2382.0,23.0,14.0,2.0,2.0,2.0,130.0,1444.0,5.0,289.0,2.0,3.0,,0.0,0.0,14.0,161.0
currami01,1974,1,MFS,WHA,26.0,1367.0,11.0,10.0,1.0,1.0,0.0,90.0,839.0,,,,,,,,,
currami01,1975,1,MFS,WHA,5.0,240.0,2.0,2.0,0.0,0.0,1.0,22.0,153.0,,,,,,,,,
currami01,1976,1,MF2,WHA,16.0,848.0,4.0,7.0,3.0,0.0,0.0,50.0,474.0,,,,,,,,,
curryjo01,2008,1,PIT,NHL,3.0,150.0,2.0,1.0,0.0,0.0,0.0,6.0,69.0,,,,,,,,,
curryjo01,2009,1,PIT,NHL,1.0,24.0,0.0,1.0,0.0,0.0,0.0,5.0,14.0,,,,,,,,,
cuttsdo01,1979,1,EDM,NHL,6.0,269.0,1.0,2.0,1.0,1.0,0.0,16.0,,,,,,,,,,
cyrcl01,1958,1,MTL,NHL,1.0,20.0,0.0,0.0,0.0,,0.0,1.0,,,,,,,,,,
dadswdo01,1986,1,CAL,NHL,2.0,125.0,0.0,1.0,1.0,1.0,0.0,10.0,73.0,,,,,,,,,
dadswdo01,1987,1,CAL,NHL,25.0,1221.0,8.0,7.0,2.0,0.0,0.0,89.0,628.0,,,,,,,,,
dafoeby01,1992,1,WAS,NHL,1.0,1.0,0.0,0.0,0.0,0.0,0.0,0.0,0.0,,,,,,,,,
dafoeby01,1993,1,WAS,NHL,5.0,230.0,2.0,2.0,0.0,0.0,0.0,13.0,101.0,2.0,118.0,0.0,2.0,,0.0,0.0,5.0,39.0
dafoeby01,1994,1,WAS,NHL,4.0,187.0,1.0,1.0,1.0,0.0,0.0,11.0,80.0,1.0,20.0,0.0,0.0,,0.0,0.0,1.0,3.0
dafoeby01,1995,1,LAK,NHL,47.0,2666.0,14.0,24.0,8.0,3.0,1.0,172.0,1539.0,,,,,,,,,
dafoeby01,1996,1,LAK,NHL,40.0,2162.0,13.0,17.0,5.0,4.0,0.0,112.0,1178.0,,,,,,,,,
dafoeby01,1997,1,BOS,NHL,65.0,3693.0,30.0,25.0,9.0,8.0,6.0,138.0,1602.0,6.0,422.0,2.0,4.0,,1.0,1.0,14.0,159.0
dafoeby01,1998,1,BOS,NHL,68.0,4001.0,32.0,23.0,11.0,3.0,10.0,133.0,1800.0,12.0,768.0,6.0,6.0,,1.0,2.0,26.0,330.0
dafoeby01,1999,1,BOS,NHL,41.0,2307.0,13.0,16.0,10.0,2.0,3.0,114.0,1030.0,,,,,,,,,
dafoeby01,2000,1,BOS,NHL,45.0,2536.0,22.0,14.0,7.0,1.0,2.0,101.0,1076.0,,,,,,,,,
dafoeby01,2001,1,BOS,NHL,64.0,3827.0,35.0,26.0,3.0,5.0,4.0,141.0,1520.0,6.0,358.0,2.0,4.0,,1.0,0.0,19.0,141.0
dafoeby01,2002,1,ATL,NHL,17.0,895.0,5.0,11.0,1.0,0.0,0.0,65.0,472.0,,,,,,,,,
dafoeby01,2003,1,ATL,NHL,18.0,973.0,4.0,11.0,1.0,2.0,0.0,51.0,499.0,,,,,,,,,
dalesco01,1992,1,HAR,NHL,1.0,11.0,0.0,0.0,0.0,0.0,0.0,0.0,3.0,,,,,,,,,
daleyjo01,1968,1,PIT,NHL,29.0,1615.0,10.0,13.0,3.0,2.0,2.0,87.0,,,,,,,,,,
daleyjo01,1969,1,PIT,NHL,9.0,528.0,1.0,5.0,3.0,1.0,0.0,26.0,,,,,,,,,,
daleyjo01,1970,1,BUF,NHL,38.0,2073.0,12.0,16.0,8.0,2.0,1.0,128.0,,,,,,,,,,
daleyjo01,1971,1,DET,NHL,29.0,1620.0,11.0,10.0,5.0,1.0,0.0,85.0,,,,,,,,,,
daleyjo01,1972,1,WIJ,WHA,29.0,1718.0,17.0,10.0,1.0,2.0,2.0,83.0,776.0,7.0,422.0,5.0,2.0,,1.0,0.0,25.0,199.0
daleyjo01,1973,1,WIJ,WHA,41.0,2454.0,19.0,20.0,1.0,4.0,0.0,163.0,1402.0,2.0,119.0,0.0,2.0,,0.0,0.0,8.0,57.0
daleyjo01,1974,1,WIJ,WHA,51.0,2902.0,23.0,21.0,4.0,0.0,1.0,175.0,1550.0,,,,,,,,,
daleyjo01,1975,1,WIJ,WHA,62.0,3612.0,41.0,17.0,1.0,0.0,5.0,171.0,1771.0,12.0,671.0,10.0,1.0,,0.0,1.0,29.0,255.0
daleyjo01,1976,1,WIJ,WHA,65.0,3818.0,39.0,23.0,2.0,1.0,3.0,206.0,1902.0,20.0,1186.0,11.0,9.0,,1.0,1.0,71.0,569.0
daleyjo01,1977,1,WIJ,WHA,37.0,2075.0,21.0,11.0,1.0,1.0,1.0,114.0,971.0,5.0,271.0,4.0,1.0,,0.0,0.0,13.0,
daleyjo01,1978,1,WIJ,WHA,23.0,1256.0,7.0,11.0,3.0,0.0,0.0,90.0,695.0,3.0,37.0,0.0,0.0,,0.0,0.0,3.0,
damorni01,1941,1,BOS,NHL,1.0,60.0,1.0,0.0,0.0,,0.0,3.0,,,,,,,,,,
damouma01,1985,1,CAL,NHL,15.0,560.0,2.0,4.0,2.0,0.0,0.0,32.0,310.0,,,,,,,,,
damouma01,1988,1,PHI,NHL,1.0,19.0,0.0,0.0,0.0,1.0,0.0,0.0,14.0,,,,,,,,,
damphje01,2001,1,NJD,NHL,6.0,294.0,1.0,3.0,0.0,1.0,0.0,12.0,115.0,,,,,,,,,
danisya01,2005,1,MTL,NHL,6.0,312.0,3.0,2.0,0.0,0.0,1.0,14.0,152.0,,,,,,,,,
danisya01,2008,1,NYI,NHL,31.0,1760.0,10.0,17.0,3.0,1.0,2.0,84.0,933.0,,,,,,,,,
danisya01,2009,1,NJD,NHL,12.0,467.0,3.0,2.0,1.0,1.0,0.0,16.0,207.0,,,,,,,,,
darraja01,1919,1,OTS,NHL,1.0,2.0,0.0,0.0,0.0,,0.0,0.0,,,,,,,,,,
daskacl01,1984,1,BOS,NHL,8.0,289.0,1.0,2.0,1.0,0.0,0.0,24.0,141.0,,,,,,,,,
daskacl01,1985,1,BOS,NHL,2.0,120.0,0.0,2.0,0.0,0.0,0.0,10.0,63.0,,,,,,,,,
daskacl01,1986,1,BOS,NHL,2.0,97.0,2.0,0.0,0.0,0.0,0.0,7.0,51.0,,,,,,,,,
davidjo01,1973,1,STL,NHL,39.0,2300.0,13.0,19.0,7.0,3.0,0.0,118.0,,,,,,,,,,
davidjo01,1974,1,STL,NHL,40.0,2360.0,17.0,15.0,7.0,1.0,0.0,144.0,,1.0,60.0,0.0,1.0,,0.0,0.0,4.0,
davidjo01,1975,1,NYR,NHL,56.0,3207.0,22.0,28.0,5.0,1.0,3.0,212.0,,,,,,,,,,
davidjo01,1976,1,NYR,NHL,39.0,2116.0,14.0,14.0,6.0,1.0,1.0,125.0,,,,,,,,,,
davidjo01,1977,1,NYR,NHL,34.0,1848.0,14.0,13.0,4.0,4.0,1.0,98.0,,2.0,122.0,1.0,1.0,,0.0,0.0,7.0,
davidjo01,1978,1,NYR,NHL,39.0,2232.0,20.0,12.0,5.0,1.0,0.0,131.0,,18.0,1106.0,11.0,7.0,,0.0,1.0,42.0,
davidjo01,1979,1,NYR,NHL,41.0,2306.0,20.0,15.0,4.0,3.0,2.0,122.0,,9.0,541.0,4.0,5.0,,1.0,0.0,21.0,
davidjo01,1980,1,NYR,NHL,10.0,560.0,1.0,7.0,1.0,2.0,0.0,48.0,,,,,,,,,,
davidjo01,1981,1,NYR,NHL,1.0,60.0,1.0,0.0,0.0,0.0,0.0,1.0,,1.0,33.0,0.0,0.0,,0.0,0.0,3.0,
davidjo01,1982,1,NYR,NHL,2.0,120.0,1.0,1.0,0.0,0.0,0.0,5.0,55.0,,,,,,,,,
decoubo01,1947,1,NYR,NHL,1.0,29.0,0.0,1.0,0.0,,0.0,6.0,,,,,,,,,,
defelno01,1956,1,BOS,NHL,10.0,600.0,3.0,5.0,2.0,,0.0,30.0,,,,,,,,,,
deguimi01,1973,1,QUN,WHA,32.0,1750.0,12.0,13.0,1.0,1.0,1.0,96.0,919.0,,,,,,,,,
deguimi01,1975,1,QUN,WHA,18.0,835.0,6.0,5.0,2.0,1.0,0.0,60.0,460.0,,,,,,,,,
dejorde01,1962,1,CHI,NHL,5.0,290.0,2.0,1.0,2.0,,0.0,12.0,,,,,,,,,,
dejorde01,1963,1,CHI,NHL,6.0,340.0,2.0,3.0,1.0,0.0,0.0,19.0,,1.0,20.0,0.0,0.0,,0.0,0.0,2.0,
dejorde01,1964,1,CHI,NHL,30.0,1760.0,16.0,11.0,3.0,2.0,3.0,74.0,,2.0,80.0,0.0,1.0,,0.0,0.0,9.0,
dejorde01,1966,1,CHI,NHL,44.0,2536.0,22.0,12.0,7.0,0.0,4.0,104.0,,4.0,184.0,1.0,2.0,,0.0,0.0,10.0,
dejorde01,1967,1,CHI,NHL,50.0,2838.0,23.0,15.0,11.0,0.0,4.0,128.0,,11.0,662.0,5.0,6.0,,0.0,0.0,34.0,
dejorde01,1968,1,CHI,NHL,53.0,2981.0,22.0,22.0,7.0,0.0,2.0,156.0,,,,,,,,,,
dejorde01,1969,1,CHI,NHL,10.0,557.0,3.0,5.0,1.0,0.0,0.0,25.0,,,,,,,,,,
dejorde01,1969,2,LAK,NHL,21.0,1147.0,5.0,11.0,4.0,0.0,0.0,62.0,,,,,,,,,,
dejorde01,1970,1,LAK,NHL,60.0,3375.0,18.0,29.0,11.0,3.0,1.0,214.0,,,,,,,,,,
dejorde01,1971,1,LAK,NHL,5.0,291.0,0.0,5.0,0.0,0.0,0.0,23.0,,,,,,,,,,
dejorde01,1971,2,MTL,NHL,7.0,332.0,3.0,2.0,1.0,0.0,0.0,25.0,,,,,,,,,,
dejorde01,1972,1,DET,NHL,24.0,1331.0,8.0,11.0,3.0,4.0,1.0,83.0,,,,,,,,,,
dejorde01,1973,1,DET,NHL,1.0,20.0,0.0,1.0,0.0,0.0,0.0,4.0,,,,,,,,,,
delguma01,1990,1,BOS,NHL,1.0,10.0,0.0,0.0,0.0,0.0,0.0,0.0,7.0,,,,,,,,,
delguma01,1991,1,BOS,NHL,10.0,424.0,2.0,5.0,1.0,0.0,0.0,28.0,239.0,,,,,,,,,
denisma01,1996,1,COL,NHL,1.0,60.0,0.0,1.0,0.0,1.0,0.0,3.0,26.0,,,,,,,,,
denisma01,1998,1,COL,NHL,4.0,217.0,1.0,1.0,1.0,0.0,0.0,9.0,110.0,,,,,,,,,
denisma01,1999,1,COL,NHL,23.0,1203.0,9.0,8.0,3.0,2.0,3.0,51.0,618.0,,,,,,,,,
denisma01,2000,1,CBS,NHL,32.0,1830.0,6.0,20.0,4.0,2.0,0.0,99.0,940.0,,,,,,,,,
denisma01,2001,1,CBS,NHL,42.0,2335.0,9.0,24.0,5.0,5.0,1.0,121.0,1197.0,,,,,,,,,
denisma01,2002,1,CBS,NHL,77.0,4511.0,27.0,41.0,8.0,3.0,5.0,232.0,2404.0,,,,,,,,,
denisma01,2003,1,CBS,NHL,66.0,3796.0,21.0,36.0,7.0,9.0,5.0,162.0,1970.0,,,,,,,,,
denisma01,2005,1,CBS,NHL,49.0,2786.0,21.0,25.0,1.0,6.0,1.0,151.0,1505.0,,,,,,,,,
denisma01,2006,1,TBL,NHL,44.0,2353.0,17.0,18.0,2.0,5.0,1.0,125.0,1068.0,,,,,,,,,
denisma01,2007,1,TBL,NHL,10.0,415.0,1.0,5.0,0.0,2.0,0.0,28.0,199.0,,,,,,,,,
denisma01,2008,1,MTL,NHL,1.0,20.0,0.0,0.0,0.0,0.0,0.0,1.0,7.0,,,,,,,,,
derouph01,1994,1,PIT,NHL,1.0,60.0,1.0,0.0,0.0,0.0,0.0,3.0,27.0,,,,,,,,,
derouph01,1996,1,PIT,NHL,2.0,111.0,0.0,2.0,0.0,1.0,0.0,6.0,66.0,,,,,,,,,
desjage01,1968,1,LAK,NHL,60.0,3499.0,18.0,34.0,6.0,4.0,4.0,190.0,,9.0,431.0,3.0,4.0,,0.0,0.0,28.0,
desjage01,1969,1,LAK,NHL,43.0,2453.0,7.0,29.0,5.0,1.0,3.0,159.0,,,,,,,,,,
desjage01,1969,2,CHI,NHL,4.0,240.0,4.0,0.0,0.0,0.0,0.0,8.0,,,,,,,,,,
desjage01,1970,1,CHI,NHL,22.0,1217.0,12.0,6.0,3.0,2.0,0.0,49.0,,,,,,,,,,
desjage01,1971,1,CHI,NHL,6.0,360.0,1.0,2.0,3.0,1.0,0.0,21.0,,1.0,60.0,1.0,0.0,,0.0,0.0,5.0,
desjage01,1972,1,NYI,NHL,44.0,2498.0,5.0,35.0,3.0,0.0,0.0,195.0,,,,,,,,,,
desjage01,1973,1,NYI,NHL,36.0,1945.0,9.0,17.0,6.0,1.0,0.0,101.0,,,,,,,,,,
desjage01,1974,1,MIB,WHA,41.0,2282.0,9.0,28.0,1.0,3.0,0.0,162.0,1391.0,,,,,,,,,
desjage01,1974,2,BUF,NHL,9.0,540.0,6.0,2.0,1.0,0.0,0.0,25.0,,15.0,760.0,7.0,5.0,,1.0,0.0,43.0,
desjage01,1975,1,BUF,NHL,55.0,3280.0,29.0,15.0,11.0,1.0,2.0,161.0,,9.0,563.0,4.0,5.0,,0.0,0.0,28.0,
desjage01,1976,1,BUF,NHL,49.0,2871.0,31.0,12.0,6.0,1.0,3.0,126.0,,1.0,60.0,0.0,1.0,,0.0,0.0,4.0,
desjage01,1977,1,BUF,NHL,3.0,111.0,0.0,1.0,0.0,0.0,0.0,7.0,,,,,,,,,,
desropa01,2001,1,PHO,NHL,5.0,243.0,1.0,2.0,1.0,0.0,0.0,15.0,99.0,,,,,,,,,
desropa01,2002,1,PHO,NHL,4.0,175.0,0.0,3.0,0.0,0.0,0.0,11.0,88.0,,,,,,,,,
desropa01,2002,2,CAR,NHL,2.0,122.0,1.0,1.0,0.0,0.0,0.0,7.0,71.0,,,,,,,,,
dickibi01,1941,1,CHI,NHL,1.0,60.0,1.0,0.0,0.0,,0.0,3.0,,,,,,,,,,
dionco01,1943,1,DET,NHL,26.0,1560.0,17.0,7.0,2.0,,1.0,80.0,,5.0,300.0,1.0,4.0,,,0.0,17.0,
dionco01,1944,1,DET,NHL,12.0,720.0,6.0,4.0,2.0,,0.0,39.0,,,,,,,,,,
dionmi01,1974,1,IND,WHA,1.0,59.0,0.0,1.0,0.0,0.0,0.0,4.0,38.0,,,,,,,,,
dionmi01,1975,1,IND,WHA,31.0,1860.0,14.0,15.0,1.0,1.0,0.0,85.0,942.0,3.0,126.0,0.0,2.0,,0.0,0.0,5.0,73.0
dionmi01,1976,1,IND,WHA,42.0,2286.0,17.0,19.0,3.0,4.0,1.0,128.0,1179.0,4.0,245.0,2.0,2.0,,0.0,0.0,17.0,140.0
dionmi01,1977,1,CIN,WHA,45.0,2356.0,21.0,17.0,1.0,2.0,4.0,140.0,1220.0,,,,,,,,,
dionmi01,1978,1,CIN,WHA,30.0,1681.0,10.0,14.0,2.0,3.0,0.0,93.0,735.0,,,,,,,,,
dionmi01,1979,1,QUE,NHL,50.0,2773.0,15.0,25.0,6.0,4.0,2.0,171.0,,,,,,,,,,
dionmi01,1980,1,QUE,NHL,12.0,688.0,0.0,8.0,3.0,3.0,0.0,61.0,,,,,,,,,,
dionmi01,1980,2,WIN,NHL,14.0,757.0,3.0,6.0,3.0,1.0,0.0,61.0,,,,,,,,,,
dionmi01,1981,1,PIT,NHL,62.0,3580.0,25.0,24.0,12.0,8.0,0.0,226.0,,5.0,304.0,2.0,3.0,,0.0,0.0,22.0,
dionmi01,1982,1,PIT,NHL,49.0,2791.0,12.0,30.0,4.0,9.0,0.0,198.0,1511.0,,,,,,,,,
dionmi01,1983,1,PIT,NHL,30.0,1553.0,2.0,19.0,4.0,4.0,0.0,138.0,937.0,,,,,,,,,
dionmi01,1984,1,PIT,NHL,10.0,553.0,3.0,6.0,0.0,1.0,0.0,43.0,316.0,,,,,,,,,
dipieri01,2000,1,NYI,NHL,20.0,1083.0,3.0,15.0,1.0,2.0,0.0,63.0,515.0,,,,,,,,,
dipieri01,2002,1,NYI,NHL,10.0,585.0,2.0,5.0,2.0,1.0,0.0,29.0,273.0,1.0,15.0,0.0,0.0,,0.0,0.0,0.0,3.0
dipieri01,2003,1,NYI,NHL,50.0,2844.0,23.0,18.0,5.0,1.0,5.0,112.0,1261.0,5.0,303.0,1.0,4.0,,1.0,1.0,11.0,120.0
dipieri01,2005,1,NYI,NHL,63.0,3572.0,30.0,24.0,5.0,7.0,1.0,180.0,1797.0,,,,,,,,,
dipieri01,2006,1,NYI,NHL,62.0,3627.0,32.0,19.0,9.0,2.0,5.0,156.0,1917.0,4.0,236.0,1.0,3.0,,0.0,0.0,13.0,127.0
dipieri01,2007,1,NYI,NHL,63.0,3707.0,26.0,28.0,7.0,6.0,3.0,174.0,1779.0,,,,,,,,,
dipieri01,2008,1,NYI,NHL,5.0,256.0,1.0,3.0,0.0,0.0,0.0,15.0,139.0,,,,,,,,,
dipieri01,2009,1,NYI,NHL,8.0,462.0,2.0,5.0,0.0,2.0,1.0,20.0,201.0,,,,,,,,,
divisre01,2001,1,STL,NHL,1.0,25.0,0.0,0.0,0.0,1.0,0.0,0.0,4.0,,,,,,,,,
divisre01,2002,1,STL,NHL,2.0,83.0,2.0,0.0,0.0,0.0,0.0,1.0,34.0,,,,,,,,,
divisre01,2003,1,STL,NHL,13.0,629.0,4.0,4.0,2.0,2.0,0.0,29.0,291.0,1.0,18.0,0.0,0.0,,0.0,0.0,0.0,8.0
divisre01,2005,1,STL,NHL,12.0,475.0,0.0,5.0,1.0,0.0,0.0,37.0,231.0,,,,,,,,,
dolsodo01,1928,1,DTC,NHL,44.0,2750.0,19.0,16.0,9.0,,10.0,63.0,,2.0,120.0,0.0,2.0,0.0,,0.0,7.0,
dolsodo01,1929,1,DTC,NHL,5.0,320.0,0.0,4.0,1.0,,0.0,24.0,,,,,,,,,,
dolsodo01,1930,1,DTF,NHL,44.0,2750.0,16.0,21.0,7.0,,6.0,105.0,,,,,,,,,,
donnepe01,1972,1,NRA,WHA,47.0,2606.0,22.0,19.0,2.0,1.0,2.0,155.0,1328.0,,,,,,,,,
donnepe01,1973,1,VAB,WHA,49.0,2824.0,22.0,24.0,0.0,4.0,3.0,179.0,1525.0,,,,,,,,,
donnepe01,1975,1,QUN,WHA,4.0,129.0,0.0,1.0,0.0,0.0,0.0,10.0,65.0,,,,,,,,,
dopsoro01,1993,1,PIT,NHL,2.0,45.0,0.0,0.0,0.0,0.0,0.0,3.0,23.0,,,,,,,,,
dowiebr01,1983,1,TOR,NHL,2.0,72.0,0.0,1.0,0.0,0.0,0.0,4.0,43.0,,,,,,,,,
doylega01,1973,1,EDO,WHA,1.0,60.0,1.0,0.0,0.0,0.0,0.0,4.0,38.0,,,,,,,,,
drapeto01,1988,1,WIN,NHL,2.0,120.0,1.0,1.0,0.0,0.0,0.0,12.0,66.0,,,,,,,,,
drapeto01,1989,1,WIN,NHL,6.0,359.0,2.0,4.0,0.0,1.0,0.0,26.0,153.0,,,,,,,,,
drapeto01,1991,1,BUF,NHL,26.0,1403.0,10.0,9.0,5.0,2.0,1.0,75.0,712.0,7.0,433.0,3.0,4.0,,0.0,1.0,19.0,201.0
drapeto01,1992,1,BUF,NHL,11.0,664.0,5.0,6.0,0.0,1.0,0.0,41.0,344.0,,,,,,,,,
drapeto01,1993,1,NYI,NHL,7.0,227.0,1.0,3.0,0.0,0.0,0.0,16.0,118.0,,,,,,,,,
drapeto01,1995,1,WIN,NHL,1.0,34.0,0.0,0.0,0.0,0.0,0.0,3.0,14.0,,,,,,,,,
drouije01,2008,1,EDM,NHL,10.0,540.0,4.0,3.0,0.0,0.0,0.0,30.0,302.0,,,,,,,,,
drouije01,2009,1,EDM,NHL,48.0,2798.0,16.0,28.0,4.0,4.0,3.0,152.0,1529.0,,,,,,,,,
drydeda01,1961,1,NYR,NHL,1.0,40.0,0.0,1.0,0.0,,0.0,3.0,,,,,,,,,,
drydeda01,1965,1,CHI,NHL,11.0,453.0,3.0,4.0,1.0,0.0,0.0,23.0,,1.0,13.0,0.0,0.0,,0.0,0.0,0.0,
drydeda01,1967,1,CHI,NHL,27.0,1268.0,7.0,8.0,5.0,3.0,1.0,69.0,,,,,,,,,,
drydeda01,1968,1,CHI,NHL,30.0,1479.0,11.0,11.0,2.0,1.0,3.0,79.0,,,,,,,,,,
drydeda01,1970,1,BUF,NHL,10.0,409.0,3.0,3.0,0.0,2.0,1.0,23.0,,,,,,,,,,
drydeda01,1971,1,BUF,NHL,20.0,1026.0,3.0,9.0,5.0,0.0,0.0,68.0,,,,,,,,,,
drydeda01,1972,1,BUF,NHL,37.0,2018.0,14.0,13.0,7.0,3.0,3.0,89.0,,2.0,120.0,0.0,2.0,,0.0,0.0,9.0,
drydeda01,1973,1,BUF,NHL,53.0,2987.0,23.0,20.0,8.0,3.0,1.0,148.0,,,,,,,,,,
drydeda01,1974,1,CHC,WHA,45.0,2728.0,18.0,26.0,1.0,3.0,1.0,176.0,1679.0,,,,,,,,,
drydeda01,1975,1,EDO,WHA,62.0,3567.0,22.0,34.0,5.0,2.0,1.0,235.0,1927.0,3.0,180.0,0.0,3.0,,0.0,0.0,15.0,
drydeda01,1976,1,EDO,WHA,24.0,1416.0,10.0,13.0,0.0,3.0,1.0,77.0,693.0,,,,,,,,,
drydeda01,1977,1,EDO,WHA,48.0,2578.0,21.0,23.0,2.0,5.0,2.0,150.0,1239.0,2.0,91.0,0.0,1.0,,1.0,0.0,6.0,
drydeda01,1978,1,EDO,WHA,63.0,3531.0,41.0,17.0,2.0,4.0,3.0,170.0,1544.0,13.0,687.0,6.0,7.0,,1.0,0.0,42.0,
drydeda01,1979,1,EDM,NHL,14.0,744.0,2.0,7.0,3.0,2.0,0.0,53.0,,,,,,,,,,
drydeke01,1970,1,MTL,NHL,6.0,327.0,6.0,0.0,0.0,0.0,0.0,9.0,,20.0,1221.0,12.0,8.0,,2.0,0.0,61.0,
drydeke01,1971,1,MTL,NHL,64.0,3800.0,39.0,8.0,15.0,2.0,8.0,142.0,,6.0,360.0,2.0,4.0,,2.0,0.0,17.0,
drydeke01,1972,1,MTL,NHL,54.0,3165.0,33.0,7.0,13.0,1.0,6.0,119.0,,17.0,1039.0,12.0,5.0,,2.0,1.0,50.0,
drydeke01,1974,1,MTL,NHL,56.0,3320.0,30.0,9.0,16.0,0.0,4.0,149.0,,11.0,688.0,6.0,5.0,,1.0,2.0,29.0,
drydeke01,1975,1,MTL,NHL,62.0,3580.0,42.0,10.0,8.0,3.0,8.0,121.0,,13.0,780.0,12.0,1.0,,1.0,1.0,25.0,
drydeke01,1976,1,MTL,NHL,56.0,3275.0,41.0,6.0,8.0,1.0,10.0,117.0,,14.0,849.0,12.0,2.0,,1.0,4.0,22.0,
drydeke01,1977,1,MTL,NHL,52.0,3071.0,37.0,7.0,7.0,1.0,5.0,105.0,,15.0,919.0,12.0,3.0,,0.0,2.0,29.0,
drydeke01,1978,1,MTL,NHL,47.0,2814.0,30.0,10.0,7.0,2.0,5.0,108.0,,16.0,990.0,12.0,4.0,,0.0,0.0,41.0,
dubeaer01,1913,1,MOC,NHA,1.0,2.0,0.0,0.0,0.0,,0.0,1.0,,,,,,,,,,
dubiewa01,2003,1,NYI,NHL,2.0,105.0,1.0,0.0,1.0,0.0,0.0,3.0,50.0,,,,,,,,,
dubiewa01,2005,1,NYI,NHL,7.0,310.0,2.0,3.0,0.0,1.0,0.0,15.0,145.0,,,,,,,,,
dubiewa01,2006,1,NYI,NHL,8.0,379.0,4.0,1.0,0.0,1.0,0.0,13.0,198.0,1.0,59.0,0.0,1.0,,0.0,0.0,4.0,35.0
dubiewa01,2007,1,NYI,NHL,20.0,1132.0,9.0,9.0,1.0,3.0,0.0,51.0,627.0,,,,,,,,,
dubiewa01,2008,1,CBS,NHL,3.0,169.0,1.0,2.0,0.0,1.0,0.0,10.0,77.0,,,,,,,,,
dubiewa01,2009,1,MIN,NHL,3.0,101.0,1.0,1.0,0.0,0.0,0.0,5.0,34.0,,,,,,,,,
dubnyde01,2009,1,EDM,NHL,19.0,1075.0,4.0,10.0,2.0,1.0,0.0,64.0,579.0,,,,,,,,,
ducheje01,2009,1,PHI,NHL,1.0,17.0,0.0,0.0,0.0,0.0,0.0,1.0,4.0,,,,,,,,,
duffupa01,1996,1,PHO,NHL,1.0,29.0,0.0,0.0,0.0,0.0,0.0,1.0,8.0,,,,,,,,,
dumasmi01,1974,1,CHI,NHL,3.0,121.0,2.0,0.0,0.0,0.0,0.0,7.0,,1.0,19.0,0.0,0.0,,0.0,0.0,1.0,
dumasmi01,1976,1,CHI,NHL,5.0,241.0,0.0,1.0,2.0,0.0,0.0,17.0,,,,,,,,,,
dumasri01,1974,1,CHC,WHA,1.0,1.0,0.0,0.0,0.0,0.0,0.0,0.0,0.0,,,,,,,,,
dunhami01,1996,1,NJD,NHL,26.0,1013.0,8.0,7.0,1.0,1.0,2.0,43.0,456.0,,,,,,,,,
dunhami01,1997,1,NJD,NHL,15.0,773.0,5.0,5.0,3.0,0.0,1.0,29.0,332.0,,,,,,,,,
dunhami01,1998,1,NAS,NHL,44.0,2472.0,16.0,23.0,3.0,3.0,1.0,127.0,1387.0,,,,,,,,,
dunhami01,1999,1,NAS,NHL,52.0,3077.0,19.0,27.0,6.0,3.0,0.0,146.0,1584.0,,,,,,,,,
dunhami01,2000,1,NAS,NHL,48.0,2810.0,21.0,21.0,4.0,2.0,4.0,107.0,1381.0,,,,,,,,,
dunhami01,2001,1,NAS,NHL,58.0,3316.0,23.0,24.0,9.0,2.0,3.0,144.0,1525.0,,,,,,,,,
dunhami01,2002,1,NAS,NHL,15.0,819.0,2.0,9.0,2.0,0.0,0.0,43.0,397.0,,,,,,,,,
dunhami01,2002,2,NYR,NHL,43.0,2467.0,19.0,17.0,5.0,3.0,5.0,94.0,1229.0,,,,,,,,,
dunhami01,2003,1,NYR,NHL,57.0,3148.0,16.0,30.0,6.0,1.0,2.0,159.0,1522.0,,,,,,,,,
dunhami01,2005,1,ATL,NHL,17.0,779.0,8.0,5.0,2.0,1.0,1.0,36.0,336.0,,,,,,,,,
dunhami01,2006,1,NYI,NHL,19.0,979.0,4.0,10.0,3.0,2.0,0.0,61.0,552.0,,,,,,,,,
dupuibo01,1979,1,EDM,NHL,1.0,60.0,0.0,1.0,0.0,1.0,0.0,4.0,,,,,,,,,,
durnabi01,1943,1,MTL,NHL,50.0,3000.0,38.0,5.0,7.0,,2.0,109.0,,9.0,549.0,8.0,1.0,,,1.0,14.0,
durnabi01,1944,1,MTL,NHL,50.0,3000.0,38.0,8.0,4.0,,1.0,121.0,,6.0,373.0,2.0,4.0,,,0.0,15.0,
durnabi01,1945,1,MTL,NHL,40.0,2400.0,24.0,11.0,5.0,,4.0,104.0,,9.0,581.0,8.0,1.0,,,0.0,20.0,
durnabi01,1946,1,MTL,NHL,60.0,3600.0,34.0,16.0,10.0,,4.0,138.0,,11.0,719.0,6.0,5.0,,,1.0,23.0,
durnabi01,1947,1,MTL,NHL,59.0,3505.0,20.0,28.0,10.0,,5.0,162.0,,,,,,,,,,
durnabi01,1948,1,MTL,NHL,60.0,3600.0,28.0,23.0,9.0,,10.0,126.0,,7.0,468.0,3.0,4.0,,,0.0,17.0,
durnabi01,1949,1,MTL,NHL,64.0,3840.0,26.0,21.0,17.0,,8.0,141.0,,3.0,180.0,0.0,3.0,,,0.0,10.0,
dycked01,1971,1,VAN,NHL,12.0,573.0,1.0,6.0,2.0,1.0,0.0,35.0,,,,,,,,,,
dycked01,1972,1,VAN,NHL,25.0,1297.0,5.0,17.0,1.0,3.0,1.0,98.0,,,,,,,,,,
dycked01,1973,1,VAN,NHL,12.0,583.0,2.0,5.0,2.0,0.0,0.0,45.0,,,,,,,,,,
dycked01,1974,1,IND,WHA,32.0,1692.0,3.0,21.0,3.0,4.0,0.0,123.0,909.0,,,,,,,,,
dzurivl01,1977,1,CZE,WHA,3.0,163.0,1.0,2.0,0.0,0.0,0.0,14.0,78.0,,,,,,,,,
edwardo01,1976,1,BUF,NHL,25.0,1480.0,16.0,7.0,2.0,1.0,2.0,62.0,,5.0,300.0,2.0,3.0,,0.0,0.0,15.0,
edwardo01,1977,1,BUF,NHL,72.0,4209.0,38.0,16.0,17.0,3.0,5.0,185.0,,8.0,482.0,3.0,5.0,,0.0,0.0,22.0,
edwardo01,1978,1,BUF,NHL,54.0,3160.0,26.0,18.0,9.0,1.0,2.0,159.0,,,,,,,,,,
edwardo01,1979,1,BUF,NHL,49.0,2920.0,27.0,9.0,12.0,1.0,2.0,125.0,,6.0,360.0,3.0,3.0,,1.0,1.0,17.0,
edwardo01,1980,1,BUF,NHL,45.0,2700.0,23.0,10.0,12.0,4.0,3.0,133.0,,8.0,503.0,4.0,4.0,,2.0,0.0,28.0,
edwardo01,1981,1,BUF,NHL,62.0,3500.0,26.0,23.0,9.0,3.0,0.0,205.0,,4.0,214.0,1.0,3.0,,0.0,0.0,16.0,
edwardo01,1982,1,CAL,NHL,39.0,2209.0,16.0,15.0,6.0,1.0,1.0,148.0,1255.0,5.0,226.0,1.0,2.0,,0.0,0.0,22.0,
edwardo01,1983,1,CAL,NHL,41.0,2303.0,13.0,19.0,5.0,3.0,0.0,157.0,1217.0,6.0,217.0,2.0,1.0,,1.0,0.0,12.0,133.0
edwardo01,1984,1,CAL,NHL,34.0,1691.0,11.0,15.0,2.0,1.0,1.0,115.0,858.0,,,,,,,,,
edwardo01,1985,1,TOR,NHL,38.0,2009.0,12.0,23.0,0.0,1.0,0.0,160.0,1140.0,,,,,,,,,
edwarga01,1968,1,STL,NHL,1.0,4.0,0.0,0.0,0.0,0.0,0.0,0.0,,,,,,,,,,
edwarga01,1969,1,STL,NHL,1.0,60.0,0.0,1.0,0.0,0.0,0.0,4.0,,,,,,,,,,
edwarga01,1971,1,LAK,NHL,44.0,2503.0,13.0,23.0,5.0,2.0,2.0,150.0,,,,,,,,,,
edwarga01,1972,1,LAK,NHL,27.0,1560.0,9.0,16.0,1.0,0.0,1.0,94.0,,,,,,,,,,
edwarga01,1973,1,LAK,NHL,18.0,929.0,5.0,7.0,2.0,1.0,1.0,50.0,,1.0,60.0,1.0,0.0,,0.0,0.0,1.0,
edwarga01,1974,1,LAK,NHL,27.0,1561.0,15.0,3.0,8.0,1.0,3.0,61.0,,,,,,,,,,
edwarga01,1975,1,LAK,NHL,29.0,1740.0,12.0,13.0,4.0,1.0,0.0,103.0,,2.0,120.0,1.0,1.0,,0.0,0.0,9.0,
edwarga01,1976,1,LAK,NHL,10.0,501.0,0.0,6.0,2.0,0.0,0.0,39.0,,,,,,,,,,
edwarga01,1976,2,CLE,NHL,17.0,999.0,4.0,10.0,3.0,0.0,2.0,68.0,,,,,,,,,,
edwarga01,1977,1,CLE,NHL,30.0,1700.0,6.0,18.0,5.0,2.0,0.0,128.0,,,,,,,,,,
edwarga01,1978,1,MNS,NHL,25.0,1337.0,6.0,11.0,5.0,1.0,0.0,83.0,,,,,,,,,,
edwarga01,1979,1,MNS,NHL,26.0,1539.0,9.0,7.0,10.0,1.0,0.0,82.0,,7.0,337.0,3.0,3.0,,0.0,0.0,22.0,
edwarga01,1980,1,EDM,NHL,15.0,729.0,5.0,3.0,4.0,0.0,0.0,44.0,,1.0,20.0,0.0,0.0,,0.0,0.0,2.0,
edwarga01,1981,1,STL,NHL,10.0,480.0,1.0,5.0,1.0,0.0,0.0,45.0,,,,,,,,,,
edwarga01,1981,2,PIT,NHL,6.0,360.0,3.0,2.0,1.0,0.0,1.0,22.0,,,,,,,,,,
edwarma01,1968,1,PIT,NHL,1.0,60.0,0.0,1.0,0.0,0.0,0.0,3.0,,,,,,,,,,
edwarma01,1969,1,TOR,NHL,25.0,1420.0,10.0,9.0,4.0,1.0,1.0,77.0,,,,,,,,,,
edwarma01,1972,1,CLF,NHL,21.0,1207.0,4.0,14.0,2.0,0.0,1.0,87.0,,,,,,,,,,
edwarma01,1973,1,CLF,NHL,14.0,780.0,1.0,10.0,1.0,0.0,0.0,51.0,,,,,,,,,,
edwarro01,1967,1,DET,NHL,41.0,2177.0,15.0,15.0,8.0,1.0,0.0,127.0,,,,,,,,,,
edwarro01,1968,1,DET,NHL,40.0,2099.0,18.0,11.0,6.0,1.0,4.0,89.0,,,,,,,,,,
edwarro01,1969,1,DET,NHL,47.0,2683.0,24.0,15.0,6.0,0.0,2.0,116.0,,4.0,206.0,0.0,3.0,,2.0,0.0,11.0,
edwarro01,1970,1,DET,NHL,37.0,2104.0,11.0,19.0,7.0,0.0,0.0,119.0,,,,,,,,,,
edwarro01,1971,1,PIT,NHL,15.0,847.0,2.0,8.0,4.0,2.0,0.0,36.0,,,,,,,,,,
edwarro01,1972,1,DET,NHL,52.0,3012.0,27.0,17.0,7.0,4.0,6.0,132.0,,,,,,,,,,
edwarro01,1973,1,DET,NHL,4.0,187.0,0.0,3.0,0.0,0.0,0.0,18.0,,,,,,,,,,
eklunbr01,2005,1,TBL,NHL,1.0,58.0,0.0,1.0,0.0,0.0,0.0,3.0,19.0,,,,,,,,,
eliotda01,1984,1,LAK,NHL,33.0,1882.0,12.0,11.0,6.0,2.0,0.0,137.0,944.0,,,,,,,,,
eliotda01,1985,1,LAK,NHL,27.0,1481.0,5.0,17.0,3.0,3.0,0.0,121.0,801.0,,,,,,,,,
eliotda01,1986,1,LAK,NHL,24.0,1404.0,8.0,13.0,2.0,5.0,1.0,103.0,692.0,1.0,40.0,0.0,0.0,,0.0,0.0,7.0,29.0
eliotda01,1987,1,DET,NHL,3.0,97.0,0.0,0.0,1.0,0.0,0.0,9.0,56.0,,,,,,,,,
eliotda01,1988,1,BUF,NHL,2.0,67.0,0.0,0.0,0.0,0.0,0.0,7.0,43.0,,,,,,,,,
ellacke01,1982,1,VAN,NHL,12.0,555.0,2.0,3.0,4.0,1.0,0.0,41.0,309.0,,,,,,,,,
elliobr01,2007,1,OTT,NHL,1.0,60.0,1.0,0.0,0.0,0.0,0.0,1.0,29.0,,,,,,,,,
elliobr01,2008,1,OTT,NHL,31.0,1667.0,16.0,8.0,3.0,3.0,1.0,77.0,786.0,,,,,,,,,
elliobr01,2009,1,OTT,NHL,55.0,3038.0,29.0,18.0,4.0,6.0,5.0,130.0,1424.0,4.0,203.0,1.0,2.0,,0.0,0.0,14.0,95.0
ellisda01,2003,1,DAL,NHL,1.0,60.0,1.0,0.0,0.0,0.0,0.0,3.0,28.0,,,,,,,,,
ellisda01,2007,1,NAS,NHL,44.0,2229.0,23.0,10.0,3.0,2.0,6.0,87.0,1147.0,6.0,357.0,2.0,4.0,,2.0,0.0,15.0,240.0
ellisda01,2008,1,NAS,NHL,35.0,1965.0,11.0,19.0,4.0,5.0,3.0,96.0,963.0,,,,,,,,,
ellisda01,2009,1,NAS,NHL,31.0,1715.0,15.0,13.0,1.0,2.0,1.0,77.0,848.0,,,,,,,,,
emeryra01,2002,1,OTT,NHL,3.0,85.0,1.0,0.0,0.0,0.0,0.0,2.0,26.0,,,,,,,,,
emeryra01,2003,1,OTT,NHL,3.0,126.0,2.0,0.0,0.0,0.0,0.0,5.0,52.0,,,,,,,,,
emeryra01,2005,1,OTT,NHL,39.0,2168.0,23.0,11.0,4.0,0.0,3.0,102.0,1045.0,10.0,604.0,5.0,5.0,,0.0,0.0,29.0,289.0
emeryra01,2006,1,OTT,NHL,58.0,3351.0,33.0,16.0,6.0,3.0,5.0,138.0,1691.0,20.0,1249.0,13.0,7.0,,0.0,3.0,47.0,505.0
emeryra01,2007,1,OTT,NHL,31.0,1689.0,12.0,13.0,4.0,3.0,0.0,88.0,800.0,,,,,,,,,
emeryra01,2009,1,PHI,NHL,29.0,1684.0,16.0,11.0,1.0,3.0,3.0,74.0,783.0,,,,,,,,,
enrotjh01,2009,1,BUF,NHL,1.0,58.0,0.0,1.0,0.0,0.0,0.0,4.0,37.0,,,,,,,,,
erickch01,1991,1,NJD,NHL,2.0,120.0,1.0,1.0,0.0,0.0,0.0,9.0,55.0,,,,,,,,,
ersbeer01,2007,1,LAK,NHL,14.0,799.0,6.0,5.0,3.0,1.0,2.0,33.0,452.0,,,,,,,,,
ersbeer01,2008,1,LAK,NHL,28.0,1477.0,8.0,11.0,5.0,4.0,0.0,65.0,651.0,,,,,,,,,
ersbeer01,2009,1,LAK,NHL,11.0,551.0,4.0,3.0,2.0,0.0,0.0,22.0,234.0,1.0,13.0,0.0,0.0,,0.0,0.0,2.0,4.0
eschero01,1998,1,PHO,NHL,3.0,130.0,0.0,1.0,0.0,0.0,0.0,7.0,50.0,,,,,,,,,
eschero01,1999,1,PHO,NHL,8.0,408.0,2.0,5.0,0.0,1.0,0.0,23.0,215.0,,,,,,,,,
eschero01,2000,1,PHO,NHL,25.0,1350.0,10.0,8.0,4.0,1.0,2.0,68.0,657.0,,,,,,,,,
eschero01,2001,1,PHO,NHL,22.0,1145.0,6.0,10.0,2.0,3.0,1.0,52.0,533.0,,,,,,,,,
eschero01,2002,1,PHI,NHL,30.0,1638.0,12.0,9.0,3.0,2.0,2.0,60.0,647.0,1.0,30.0,0.0,0.0,,0.0,0.0,1.0,14.0
eschero01,2003,1,PHI,NHL,40.0,2322.0,21.0,11.0,7.0,1.0,3.0,79.0,932.0,18.0,1061.0,11.0,7.0,,1.0,1.0,41.0,498.0
eschero01,2005,1,PHI,NHL,40.0,2286.0,22.0,11.0,5.0,3.0,1.0,113.0,1099.0,6.0,314.0,2.0,4.0,,0.0,0.0,22.0,176.0
eschero01,2006,1,PHI,NHL,18.0,860.0,5.0,9.0,1.0,0.0,1.0,62.0,483.0,,,,,,,,,
esposto01,1968,1,MTL,NHL,13.0,746.0,5.0,4.0,4.0,2.0,2.0,34.0,,,,,,,,,,
esposto01,1969,1,CHI,NHL,63.0,3763.0,38.0,17.0,8.0,1.0,15.0,136.0,,8.0,480.0,4.0,4.0,,1.0,0.0,27.0,
esposto01,1970,1,CHI,NHL,57.0,3325.0,35.0,14.0,6.0,0.0,6.0,126.0,,18.0,1151.0,11.0,7.0,,0.0,2.0,42.0,
esposto01,1971,1,CHI,NHL,48.0,2780.0,31.0,10.0,6.0,0.0,9.0,82.0,,5.0,300.0,2.0,3.0,,1.0,0.0,16.0,
esposto01,1972,1,CHI,NHL,56.0,3340.0,32.0,17.0,7.0,6.0,4.0,140.0,,15.0,895.0,10.0,5.0,,2.0,1.0,46.0,
esposto01,1973,1,CHI,NHL,70.0,4143.0,34.0,14.0,21.0,3.0,10.0,141.0,,10.0,584.0,6.0,4.0,,2.0,2.0,28.0,
esposto01,1974,1,CHI,NHL,71.0,4219.0,34.0,30.0,7.0,5.0,6.0,193.0,,8.0,472.0,3.0,5.0,,0.0,0.0,34.0,
esposto01,1975,1,CHI,NHL,68.0,4003.0,30.0,23.0,13.0,4.0,4.0,198.0,,4.0,240.0,0.0,4.0,,0.0,0.0,13.0,
esposto01,1976,1,CHI,NHL,69.0,4067.0,25.0,36.0,8.0,5.0,2.0,234.0,,2.0,120.0,0.0,2.0,,1.0,0.0,6.0,
esposto01,1977,1,CHI,NHL,64.0,3840.0,28.0,22.0,14.0,4.0,5.0,168.0,,4.0,252.0,0.0,4.0,,0.0,0.0,19.0,
esposto01,1978,1,CHI,NHL,63.0,3780.0,24.0,28.0,11.0,9.0,4.0,206.0,,4.0,243.0,0.0,4.0,,0.0,0.0,14.0,
esposto01,1979,1,CHI,NHL,69.0,4140.0,31.0,22.0,16.0,6.0,6.0,205.0,,6.0,373.0,3.0,3.0,,0.0,0.0,14.0,
esposto01,1980,1,CHI,NHL,66.0,3935.0,29.0,23.0,14.0,5.0,0.0,246.0,,3.0,215.0,0.0,3.0,,0.0,0.0,15.0,
esposto01,1981,1,CHI,NHL,52.0,3069.0,19.0,25.0,8.0,8.0,1.0,231.0,,7.0,381.0,3.0,3.0,,0.0,1.0,16.0,
esposto01,1982,1,CHI,NHL,39.0,2340.0,23.0,11.0,5.0,4.0,1.0,135.0,1203.0,5.0,311.0,3.0,2.0,,0.0,0.0,18.0,
esposto01,1983,1,CHI,NHL,18.0,1095.0,5.0,10.0,3.0,3.0,1.0,88.0,622.0,,,,,,,,,
essenbo01,1988,1,WIN,NHL,20.0,1102.0,6.0,8.0,3.0,2.0,1.0,68.0,574.0,,,,,,,,,
essenbo01,1989,1,WIN,NHL,36.0,2035.0,18.0,9.0,5.0,5.0,1.0,107.0,988.0,4.0,206.0,2.0,1.0,,0.0,0.0,12.0,100.0
essenbo01,1990,1,WIN,NHL,55.0,2916.0,19.0,24.0,6.0,5.0,4.0,153.0,1496.0,,,,,,,,,
essenbo01,1991,1,WIN,NHL,47.0,2627.0,21.0,17.0,6.0,2.0,5.0,126.0,1407.0,1.0,33.0,0.0,0.0,,0.0,0.0,3.0,17.0
essenbo01,1992,1,WIN,NHL,67.0,3855.0,33.0,26.0,6.0,4.0,2.0,227.0,2119.0,6.0,367.0,2.0,4.0,,1.0,0.0,20.0,183.0
essenbo01,1993,1,WIN,NHL,56.0,3136.0,19.0,30.0,6.0,5.0,1.0,201.0,1714.0,,,,,,,,,
essenbo01,1993,2,DET,NHL,13.0,778.0,4.0,7.0,2.0,3.0,1.0,34.0,337.0,2.0,109.0,0.0,2.0,,0.0,0.0,9.0,43.0
essenbo01,1996,1,EDM,NHL,19.0,868.0,4.0,8.0,0.0,3.0,1.0,41.0,406.0,,,,,,,,,
essenbo01,1997,1,EDM,NHL,16.0,825.0,6.0,6.0,1.0,2.0,0.0,35.0,404.0,1.0,27.0,0.0,0.0,,0.0,0.0,1.0,11.0
essenbo01,1998,1,EDM,NHL,39.0,2091.0,12.0,14.0,6.0,2.0,0.0,96.0,974.0,,,,,,,,,
essenbo01,1999,1,PHO,NHL,30.0,1573.0,13.0,10.0,3.0,3.0,1.0,73.0,719.0,,,,,,,,,
essenbo01,2000,1,VAN,NHL,39.0,2059.0,18.0,12.0,3.0,4.0,1.0,92.0,854.0,2.0,122.0,0.0,2.0,,0.0,0.0,6.0,58.0
essenbo01,2001,1,BUF,NHL,9.0,350.0,0.0,5.0,0.0,3.0,0.0,17.0,113.0,,,,,,,,,
evanscl01,1954,1,MTL,NHL,4.0,220.0,1.0,2.0,0.0,,0.0,12.0,,,,,,,,,,
evanscl01,1957,1,BOS,NHL,1.0,60.0,0.0,0.0,1.0,,0.0,4.0,,,,,,,,,,
exelbra01,1988,1,MTL,NHL,1.0,3.0,0.0,0.0,0.0,0.0,0.0,0.0,1.0,,,,,,,,,
exelbra01,1989,1,EDM,NHL,1.0,60.0,0.0,1.0,0.0,1.0,0.0,5.0,30.0,,,,,,,,,
fankhsc01,1999,1,ATL,NHL,16.0,920.0,2.0,11.0,2.0,1.0,0.0,49.0,451.0,,,,,,,,,
fankhsc01,2000,1,ATL,NHL,7.0,260.0,2.0,1.0,0.0,0.0,0.0,16.0,160.0,,,,,,,,,
farrro01,1972,1,BUF,NHL,1.0,29.0,0.0,1.0,0.0,0.0,0.0,3.0,,,,,,,,,,
farrro01,1973,1,BUF,NHL,11.0,480.0,2.0,4.0,1.0,2.0,0.0,25.0,,,,,,,,,,
farrro01,1974,1,BUF,NHL,7.0,213.0,0.0,1.0,2.0,0.0,0.0,14.0,,,,,,,,,,
faveldo01,1967,1,PHI,NHL,37.0,2192.0,15.0,15.0,6.0,2.0,4.0,83.0,,2.0,120.0,0.0,2.0,,0.0,0.0,8.0,
faveldo01,1968,1,PHI,NHL,21.0,1195.0,3.0,12.0,5.0,0.0,1.0,71.0,,1.0,60.0,0.0,1.0,,0.0,0.0,5.0,
faveldo01,1969,1,PHI,NHL,15.0,820.0,4.0,5.0,4.0,1.0,1.0,43.0,,,,,,,,,,
faveldo01,1970,1,PHI,NHL,44.0,2434.0,16.0,15.0,9.0,3.0,2.0,108.0,,2.0,120.0,0.0,2.0,,0.0,0.0,8.0,
faveldo01,1971,1,PHI,NHL,54.0,2993.0,18.0,25.0,9.0,5.0,5.0,140.0,,,,,,,,,,
faveldo01,1972,1,PHI,NHL,44.0,2419.0,20.0,15.0,4.0,3.0,3.0,114.0,,11.0,669.0,5.0,6.0,,1.0,1.0,29.0,
faveldo01,1973,1,TOR,NHL,32.0,1752.0,14.0,7.0,9.0,1.0,0.0,79.0,,3.0,181.0,0.0,3.0,,1.0,0.0,10.0,
faveldo01,1974,1,TOR,NHL,39.0,2149.0,12.0,17.0,6.0,2.0,1.0,145.0,,,,,,,,,,
faveldo01,1975,1,TOR,NHL,3.0,160.0,0.0,2.0,1.0,0.0,0.0,15.0,,,,,,,,,,
faveldo01,1976,1,COR,NHL,30.0,1614.0,8.0,15.0,3.0,1.0,0.0,105.0,,,,,,,,,,
faveldo01,1977,1,COR,NHL,47.0,2663.0,13.0,20.0,11.0,2.0,1.0,159.0,,2.0,120.0,0.0,2.0,,0.0,0.0,6.0,
faveldo01,1978,1,COR,NHL,7.0,380.0,0.0,5.0,2.0,1.0,0.0,34.0,,,,,,,,,,
fernama01,1994,1,DAL,NHL,1.0,59.0,0.0,1.0,0.0,0.0,0.0,3.0,27.0,,,,,,,,,
fernama01,1995,1,DAL,NHL,5.0,249.0,0.0,1.0,1.0,0.0,0.0,19.0,121.0,,,,,,,,,
fernama01,1997,1,DAL,NHL,2.0,69.0,1.0,0.0,0.0,0.0,0.0,2.0,35.0,1.0,2.0,0.0,0.0,,0.0,0.0,0.0,0.0
fernama01,1998,1,DAL,NHL,1.0,60.0,0.0,1.0,0.0,0.0,0.0,2.0,29.0,,,,,,,,,
fernama01,1999,1,DAL,NHL,24.0,1353.0,11.0,8.0,3.0,3.0,1.0,48.0,603.0,1.0,17.0,0.0,0.0,,0.0,0.0,1.0,8.0
fernama01,2000,1,MIN,NHL,42.0,2461.0,19.0,17.0,4.0,1.0,4.0,92.0,1147.0,,,,,,,,,
fernama01,2001,1,MIN,NHL,44.0,2463.0,12.0,24.0,5.0,1.0,1.0,125.0,1157.0,,,,,,,,,
fernama01,2002,1,MIN,NHL,35.0,1979.0,19.0,13.0,2.0,0.0,2.0,74.0,972.0,9.0,552.0,3.0,4.0,,0.0,0.0,18.0,253.0
fernama01,2003,1,MIN,NHL,37.0,2166.0,11.0,14.0,9.0,2.0,2.0,90.0,1056.0,,,,,,,,,
fernama01,2005,1,MIN,NHL,58.0,3411.0,30.0,18.0,7.0,3.0,1.0,130.0,1612.0,,,,,,,,,
fernama01,2006,1,MIN,NHL,44.0,2422.0,22.0,16.0,1.0,0.0,2.0,103.0,1158.0,,,,,,,,,
fernama01,2007,1,BOS,NHL,4.0,244.0,2.0,2.0,0.0,0.0,1.0,16.0,95.0,,,,,,,,,
fernama01,2008,1,BOS,NHL,28.0,1644.0,16.0,8.0,3.0,1.0,1.0,71.0,791.0,,,,,,,,,
fichaer01,1995,1,NYI,NHL,24.0,1234.0,7.0,12.0,2.0,2.0,1.0,68.0,659.0,,,,,,,,,
fichaer01,1996,1,NYI,NHL,34.0,1759.0,9.0,14.0,4.0,1.0,0.0,91.0,897.0,,,,,,,,,
fichaer01,1997,1,NYI,NHL,17.0,807.0,3.0,8.0,3.0,1.0,0.0,40.0,422.0,,,,,,,,,
fichaer01,1998,1,NAS,NHL,9.0,447.0,0.0,6.0,0.0,1.0,0.0,24.0,229.0,,,,,,,,,
fichaer01,1999,1,CAR,NHL,9.0,490.0,3.0,5.0,1.0,0.0,1.0,24.0,206.0,,,,,,,,,
fichaer01,2000,1,MTL,NHL,2.0,62.0,0.0,2.0,0.0,0.0,0.0,4.0,32.0,,,,,,,,,
finlebr01,2002,1,NAS,NHL,1.0,47.0,0.0,0.0,0.0,0.0,0.0,3.0,13.0,,,,,,,,,
finlebr01,2005,1,NAS,NHL,1.0,60.0,0.0,1.0,0.0,0.0,0.0,7.0,41.0,,,,,,,,,
finlebr01,2006,1,BOS,NHL,2.0,59.0,0.0,1.0,0.0,1.0,0.0,3.0,33.0,,,,,,,,,
fisetst01,1989,1,QUE,NHL,6.0,342.0,0.0,5.0,1.0,1.0,0.0,34.0,199.0,,,,,,,,,
fisetst01,1990,1,QUE,NHL,3.0,186.0,0.0,2.0,1.0,0.0,0.0,12.0,123.0,,,,,,,,,
fisetst01,1991,1,QUE,NHL,23.0,1133.0,7.0,10.0,2.0,1.0,1.0,71.0,646.0,,,,,,,,,
fisetst01,1992,1,QUE,NHL,37.0,1939.0,18.0,9.0,4.0,3.0,0.0,110.0,945.0,1.0,21.0,0.0,0.0,,0.0,0.0,1.0,12.0
fisetst01,1993,1,QUE,NHL,50.0,2798.0,20.0,25.0,4.0,7.0,2.0,158.0,1434.0,,,,,,,,,
fisetst01,1994,1,QUE,NHL,32.0,1879.0,17.0,10.0,3.0,1.0,2.0,87.0,968.0,4.0,209.0,1.0,2.0,,0.0,0.0,16.0,115.0
fisetst01,1995,1,COL,NHL,37.0,2107.0,22.0,6.0,7.0,3.0,1.0,103.0,1012.0,1.0,1.0,0.0,0.0,,0.0,0.0,0.0,0.0
fisetst01,1996,1,LAK,NHL,44.0,2482.0,13.0,24.0,5.0,4.0,4.0,132.0,1410.0,,,,,,,,,
fisetst01,1997,1,LAK,NHL,60.0,3497.0,26.0,25.0,8.0,4.0,2.0,158.0,1728.0,2.0,93.0,0.0,2.0,,0.0,0.0,7.0,61.0
fisetst01,1998,1,LAK,NHL,42.0,2403.0,18.0,21.0,1.0,2.0,3.0,104.0,1217.0,,,,,,,,,
fisetst01,1999,1,LAK,NHL,47.0,2592.0,20.0,15.0,7.0,5.0,1.0,119.0,1208.0,4.0,200.0,0.0,3.0,,2.0,0.0,10.0,98.0
fisetst01,2000,1,LAK,NHL,7.0,318.0,3.0,0.0,1.0,0.0,0.0,19.0,129.0,1.0,0.0,0.0,0.0,,0.0,0.0,0.0,0.0
fisetst01,2001,1,MTL,NHL,2.0,109.0,0.0,1.0,0.0,0.0,0.0,7.0,60.0,1.0,38.0,0.0,0.0,,0.0,0.0,3.0,19.0
fitzpma01,1988,1,LAK,NHL,17.0,957.0,6.0,7.0,3.0,3.0,0.0,64.0,566.0,,,,,,,,,
fitzpma01,1988,2,NYI,NHL,11.0,627.0,3.0,5.0,2.0,0.0,0.0,41.0,313.0,,,,,,,,,
fitzpma01,1989,1,NYI,NHL,47.0,2653.0,19.0,19.0,5.0,4.0,3.0,150.0,1472.0,4.0,152.0,0.0,2.0,,0.0,0.0,13.0,71.0
fitzpma01,1990,1,NYI,NHL,2.0,120.0,1.0,1.0,0.0,0.0,0.0,6.0,60.0,,,,,,,,,
fitzpma01,1991,1,NYI,NHL,30.0,1743.0,11.0,13.0,5.0,5.0,0.0,93.0,949.0,,,,,,,,,
fitzpma01,1992,1,NYI,NHL,39.0,2253.0,17.0,15.0,5.0,5.0,0.0,130.0,1066.0,3.0,77.0,0.0,1.0,,1.0,0.0,4.0,23.0
fitzpma01,1993,1,FLO,NHL,28.0,1603.0,12.0,8.0,6.0,3.0,1.0,73.0,844.0,,,,,,,,,
fitzpma01,1994,1,FLO,NHL,15.0,819.0,6.0,7.0,2.0,1.0,2.0,36.0,361.0,,,,,,,,,
fitzpma01,1995,1,FLO,NHL,34.0,1786.0,15.0,11.0,3.0,2.0,0.0,88.0,810.0,2.0,60.0,0.0,0.0,,0.0,0.0,6.0,50.0
fitzpma01,1996,1,FLO,NHL,30.0,1680.0,8.0,9.0,9.0,4.0,0.0,66.0,771.0,,,,,,,,,
fitzpma01,1997,1,FLO,NHL,12.0,640.0,2.0,7.0,2.0,0.0,1.0,32.0,265.0,,,,,,,,,
fitzpma01,1997,2,TBL,NHL,34.0,1938.0,7.0,24.0,1.0,5.0,1.0,102.0,975.0,,,,,,,,,
fitzpma01,1998,1,CHI,NHL,27.0,1403.0,6.0,8.0,6.0,2.0,0.0,64.0,682.0,,,,,,,,,
fitzpma01,1999,1,CAR,NHL,3.0,107.0,0.0,2.0,0.0,1.0,0.0,8.0,68.0,,,,,,,,,
flahewa01,1991,1,SJS,NHL,3.0,178.0,0.0,3.0,0.0,2.0,0.0,13.0,120.0,,,,,,,,,
flahewa01,1992,1,SJS,NHL,1.0,60.0,0.0,1.0,0.0,0.0,0.0,5.0,46.0,,,,,,,,,
flahewa01,1994,1,SJS,NHL,18.0,852.0,5.0,6.0,1.0,2.0,1.0,44.0,455.0,7.0,377.0,2.0,3.0,,0.0,0.0,31.0,221.0
flahewa01,1995,1,SJS,NHL,24.0,1137.0,3.0,12.0,1.0,0.0,0.0,92.0,689.0,,,,,,,,,
flahewa01,1996,1,SJS,NHL,7.0,359.0,2.0,4.0,0.0,0.0,0.0,31.0,202.0,,,,,,,,,
flahewa01,1997,1,NYI,NHL,16.0,694.0,4.0,4.0,3.0,0.0,3.0,23.0,309.0,,,,,,,,,
flahewa01,1998,1,NYI,NHL,20.0,1048.0,5.0,11.0,2.0,3.0,0.0,53.0,491.0,,,,,,,,,
flahewa01,1999,1,NYI,NHL,4.0,182.0,0.0,1.0,1.0,1.0,0.0,7.0,81.0,,,,,,,,,
flahewa01,2000,1,NYI,NHL,20.0,1017.0,6.0,10.0,0.0,3.0,1.0,56.0,470.0,,,,,,,,,
flahewa01,2000,2,TBL,NHL,2.0,118.0,0.0,2.0,0.0,0.0,0.0,8.0,55.0,,,,,,,,,
flahewa01,2001,1,FLO,NHL,4.0,245.0,2.0,1.0,1.0,0.0,0.0,12.0,148.0,,,,,,,,,
flahewa01,2002,1,NAS,NHL,1.0,51.0,0.0,1.0,0.0,0.0,0.0,4.0,27.0,,,,,,,,,
fleurma01,2003,1,PIT,NHL,21.0,1154.0,4.0,14.0,2.0,3.0,1.0,70.0,675.0,,,,,,,,,
fleurma01,2005,1,PIT,NHL,50.0,2809.0,13.0,27.0,6.0,3.0,1.0,152.0,1485.0,,,,,,,,,
fleurma01,2006,1,PIT,NHL,67.0,3905.0,40.0,16.0,9.0,2.0,5.0,184.0,1954.0,5.0,287.0,1.0,4.0,,0.0,0.0,18.0,150.0
fleurma01,2007,1,PIT,NHL,35.0,1857.0,19.0,10.0,2.0,2.0,4.0,72.0,909.0,20.0,1251.0,14.0,6.0,,2.0,3.0,41.0,610.0
fleurma01,2008,1,PIT,NHL,62.0,3641.0,35.0,18.0,7.0,5.0,4.0,162.0,1850.0,24.0,1447.0,16.0,8.0,,1.0,0.0,63.0,686.0
fleurma01,2009,1,PIT,NHL,67.0,3798.0,37.0,21.0,6.0,4.0,1.0,168.0,1772.0,13.0,798.0,7.0,6.0,,0.0,1.0,37.0,339.0
forbeja01,1919,1,TRS,NHL,5.0,300.0,2.0,3.0,0.0,,0.0,21.0,,,,,,,,,,
forbeja01,1920,1,TRS,NHL,20.0,1221.0,13.0,7.0,0.0,,0.0,78.0,,2.0,120.0,0.0,2.0,0.0,,0.0,7.0,
forbeja01,1922,1,HAM,NHL,24.0,1470.0,6.0,18.0,0.0,,0.0,110.0,,,,,,,,,,
forbeja01,1923,1,HAM,NHL,24.0,1483.0,9.0,15.0,0.0,,1.0,68.0,,,,,,,,,,
forbeja01,1924,1,HAM,NHL,30.0,1833.0,19.0,10.0,1.0,,6.0,60.0,,,,,,,,,,
forbeja01,1925,1,NYA,NHL,36.0,2240.0,12.0,20.0,4.0,,2.0,86.0,,,,,,,,,,
forbeja01,1926,1,NYA,NHL,44.0,2715.0,17.0,25.0,2.0,,8.0,91.0,,,,,,,,,,
forbeja01,1927,1,NYA,NHL,16.0,980.0,3.0,11.0,2.0,,2.0,51.0,,,,,,,,,,
forbeja01,1928,1,NYA,NHL,1.0,60.0,1.0,0.0,0.0,,0.0,3.0,,,,,,,,,,
forbeja01,1929,1,NYA,NHL,1.0,70.0,0.0,0.0,1.0,,0.0,1.0,,,,,,,,,,
forbeja01,1930,1,PHQ,NHL,2.0,120.0,0.0,2.0,0.0,,0.0,7.0,,,,,,,,,,
forbeja01,1931,1,NYA,NHL,6.0,360.0,3.0,3.0,0.0,,0.0,16.0,,,,,,,,,,
forbeja01,1932,1,NYA,NHL,1.0,70.0,0.0,0.0,1.0,,0.0,2.0,,,,,,,,,,
fordbr01,1983,1,QUE,NHL,3.0,123.0,1.0,1.0,0.0,0.0,0.0,13.0,70.0,,,,,,,,,
fordbr01,1984,1,PIT,NHL,8.0,457.0,2.0,6.0,0.0,0.0,0.0,48.0,292.0,,,,,,,,,
fosteno01,1990,1,BOS,NHL,3.0,184.0,2.0,1.0,0.0,0.0,0.0,14.0,82.0,,,,,,,,,
fosteno01,1991,1,EDM,NHL,10.0,439.0,5.0,3.0,0.0,0.0,0.0,20.0,183.0,,,,,,,,,
fountmi01,1996,1,VAN,NHL,6.0,245.0,2.0,2.0,0.0,0.0,1.0,14.0,135.0,,,,,,,,,
fountmi01,1997,1,CAR,NHL,3.0,163.0,0.0,3.0,0.0,0.0,0.0,10.0,68.0,,,,,,,,,
fountmi01,1999,1,OTT,NHL,1.0,16.0,0.0,0.0,0.0,0.0,0.0,1.0,6.0,,,,,,,,,
fountmi01,2000,1,OTT,NHL,1.0,59.0,0.0,1.0,0.0,0.0,0.0,3.0,25.0,,,,,,,,,
fowlehe01,1916,1,SPO,PCHA,23.0,1383.0,8.0,15.0,0.0,,0.0,143.0,,,,,,,,,,
fowlehe01,1917,1,SEA,PCHA,18.0,1165.0,11.0,7.0,0.0,,1.0,65.0,,2.0,120.0,0.0,1.0,1.0,,0.0,3.0,
fowlehe01,1919,1,VA2,PCHA,22.0,1351.0,10.0,12.0,0.0,,1.0,71.0,,,,,,,,,,
fowlehe01,1920,1,VA2,PCHA,24.0,1541.0,10.0,13.0,1.0,,3.0,88.0,,,,,,,,,,
fowlehe01,1921,1,VA2,PCHA,24.0,1488.0,11.0,12.0,1.0,,1.0,70.0,,,,,,,,,,
fowlehe01,1922,1,VC1,PCHA,30.0,1844.0,16.0,14.0,0.0,,4.0,85.0,,2.0,120.0,1.0,1.0,0.0,,0.0,5.0,
fowlehe01,1923,1,VC1,PCHA,30.0,1863.0,11.0,18.0,1.0,,0.0,103.0,,,,,,,,,,
fowlehe01,1924,1,BOS,NHL,7.0,409.0,1.0,6.0,0.0,,0.0,42.0,,,,,,,,,,
fowlehe01,1924,2,EDE,WCHL,8.0,480.0,5.0,3.0,0.0,,1.0,29.0,,,,,,,,,,
francem01,1946,1,CHI,NHL,19.0,1140.0,6.0,12.0,1.0,,0.0,104.0,,,,,,,,,,
francem01,1947,1,CHI,NHL,54.0,3240.0,18.0,31.0,5.0,,1.0,183.0,,,,,,,,,,
francem01,1948,1,NYR,NHL,2.0,120.0,2.0,0.0,0.0,,0.0,4.0,,,,,,,,,,
francem01,1949,1,NYR,NHL,1.0,60.0,0.0,1.0,0.0,,0.0,8.0,,,,,,,,,,
francem01,1950,1,NYR,NHL,5.0,260.0,1.0,1.0,2.0,,0.0,14.0,,,,,,,,,,
francem01,1951,1,NYR,NHL,14.0,840.0,4.0,7.0,3.0,,0.0,42.0,,,,,,,,,,
frankji01,1936,1,DET,NHL,,,,,,,,,,1.0,31.0,0.0,1.0,,,0.0,2.0,
frankji01,1937,1,DET,NHL,1.0,60.0,1.0,0.0,0.0,,0.0,3.0,,,,,,,,,,
frankji01,1942,1,NYR,NHL,23.0,1380.0,5.0,14.0,4.0,,0.0,103.0,,,,,,,,,,
frankji01,1943,1,BOS,NHL,1.0,60.0,0.0,1.0,0.0,,0.0,6.0,,,,,,,,,,
frankji01,1943,2,DET,NHL,17.0,1020.0,6.0,8.0,3.0,,1.0,69.0,,,,,,,,,,
fredera01,1954,1,CHI,NHL,5.0,300.0,0.0,4.0,1.0,,0.0,22.0,,,,,,,,,,
frieska01,1986,1,NJD,NHL,4.0,130.0,0.0,2.0,1.0,0.0,0.0,16.0,80.0,,,,,,,,,
froesbo01,1982,1,PHI,NHL,25.0,1407.0,17.0,4.0,2.0,0.0,4.0,59.0,569.0,,,,,,,,,
froesbo01,1983,1,PHI,NHL,48.0,2863.0,28.0,13.0,7.0,2.0,2.0,150.0,1326.0,3.0,154.0,0.0,2.0,,1.0,0.0,11.0,77.0
froesbo01,1984,1,PHI,NHL,17.0,923.0,13.0,2.0,0.0,0.0,1.0,37.0,427.0,4.0,146.0,0.0,1.0,,0.0,0.0,11.0,71.0
froesbo01,1985,1,PHI,NHL,51.0,2728.0,31.0,10.0,3.0,1.0,5.0,116.0,1270.0,5.0,293.0,2.0,3.0,,2.0,0.0,15.0,125.0
froesbo01,1986,1,PHI,NHL,3.0,180.0,3.0,0.0,0.0,0.0,0.0,8.0,88.0,,,,,,,,,
froesbo01,1986,2,NYR,NHL,28.0,1474.0,14.0,11.0,0.0,0.0,0.0,92.0,784.0,4.0,165.0,1.0,1.0,,1.0,0.0,10.0,96.0
froesbo01,1987,1,NYR,NHL,25.0,1443.0,8.0,11.0,3.0,2.0,0.0,85.0,697.0,,,,,,,,,
froesbo01,1988,1,NYR,NHL,30.0,1621.0,9.0,14.0,4.0,4.0,1.0,102.0,791.0,2.0,72.0,0.0,2.0,,0.0,0.0,8.0,51.0
froesbo01,1989,1,NYR,NHL,15.0,812.0,5.0,7.0,1.0,1.0,0.0,45.0,355.0,,,,,,,,,
fuhrgr01,1981,1,EDM,NHL,48.0,2847.0,28.0,5.0,14.0,2.0,0.0,157.0,,5.0,309.0,2.0,3.0,,1.0,0.0,26.0,
fuhrgr01,1982,1,EDM,NHL,32.0,1803.0,13.0,12.0,5.0,4.0,0.0,129.0,974.0,1.0,11.0,0.0,0.0,,0.0,0.0,0.0,
fuhrgr01,1983,1,EDM,NHL,45.0,2625.0,30.0,10.0,4.0,2.0,1.0,171.0,1463.0,16.0,883.0,11.0,4.0,,0.0,1.0,44.0,491.0
fuhrgr01,1984,1,EDM,NHL,46.0,2559.0,26.0,8.0,7.0,1.0,1.0,165.0,1426.0,18.0,1064.0,15.0,3.0,,2.0,0.0,55.0,522.0
fuhrgr01,1985,1,EDM,NHL,40.0,2184.0,29.0,8.0,0.0,1.0,0.0,143.0,1296.0,9.0,541.0,5.0,4.0,,1.0,0.0,28.0,273.0
fuhrgr01,1986,1,EDM,NHL,44.0,2388.0,22.0,13.0,3.0,1.0,0.0,137.0,1149.0,19.0,1148.0,14.0,5.0,,2.0,0.0,47.0,511.0
fuhrgr01,1987,1,EDM,NHL,75.0,4304.0,40.0,24.0,9.0,5.0,4.0,246.0,2066.0,19.0,1136.0,16.0,2.0,,1.0,0.0,55.0,471.0
fuhrgr01,1988,1,EDM,NHL,59.0,3341.0,23.0,26.0,6.0,4.0,1.0,213.0,1714.0,7.0,417.0,3.0,4.0,,1.0,1.0,24.0,227.0
fuhrgr01,1989,1,EDM,NHL,21.0,1081.0,9.0,7.0,3.0,0.0,1.0,70.0,532.0,,,,,,,,,
fuhrgr01,1990,1,EDM,NHL,13.0,778.0,6.0,4.0,3.0,0.0,1.0,39.0,380.0,17.0,1019.0,8.0,7.0,,1.0,0.0,51.0,488.0
fuhrgr01,1991,1,TOR,NHL,66.0,3774.0,25.0,33.0,5.0,7.0,2.0,230.0,1933.0,,,,,,,,,
fuhrgr01,1992,1,TOR,NHL,29.0,1665.0,13.0,9.0,4.0,1.0,1.0,87.0,826.0,,,,,,,,,
fuhrgr01,1992,2,BUF,NHL,29.0,1694.0,11.0,15.0,2.0,3.0,0.0,98.0,903.0,8.0,474.0,3.0,4.0,,0.0,1.0,27.0,216.0
fuhrgr01,1993,1,BUF,NHL,32.0,1726.0,13.0,12.0,3.0,0.0,2.0,106.0,907.0,,,,,,,,,
fuhrgr01,1994,1,BUF,NHL,3.0,180.0,1.0,2.0,0.0,0.0,0.0,12.0,85.0,,,,,,,,,
fuhrgr01,1994,2,LAK,NHL,14.0,698.0,1.0,7.0,3.0,3.0,0.0,47.0,379.0,,,,,,,,,
fuhrgr01,1995,1,STL,NHL,79.0,4365.0,30.0,28.0,16.0,1.0,3.0,209.0,2157.0,2.0,69.0,1.0,0.0,,0.0,0.0,1.0,45.0
fuhrgr01,1996,1,STL,NHL,73.0,4261.0,33.0,27.0,11.0,4.0,3.0,193.0,1940.0,6.0,357.0,2.0,4.0,,0.0,2.0,13.0,183.0
fuhrgr01,1997,1,STL,NHL,58.0,3274.0,29.0,21.0,6.0,5.0,3.0,138.0,1354.0,10.0,616.0,6.0,4.0,,2.0,0.0,28.0,297.0
fuhrgr01,1998,1,STL,NHL,39.0,2193.0,16.0,11.0,8.0,1.0,2.0,89.0,827.0,13.0,790.0,6.0,6.0,,1.0,1.0,31.0,305.0
fuhrgr01,1999,1,CAL,NHL,23.0,1205.0,5.0,13.0,2.0,2.0,0.0,77.0,536.0,,,,,,,,,
fukufyu01,2006,1,LAK,NHL,4.0,96.0,0.0,3.0,0.0,0.0,0.0,7.0,43.0,,,,,,,,,
gagejo02,1994,1,EDM,NHL,2.0,99.0,0.0,2.0,0.0,0.0,0.0,7.0,40.0,,,,,,,,,
gagejo02,1995,1,EDM,NHL,16.0,717.0,2.0,8.0,1.0,1.0,0.0,45.0,350.0,,,,,,,,,
gagejo02,2000,1,EDM,NHL,5.0,260.0,2.0,2.0,0.0,1.0,0.0,15.0,125.0,,,,,,,,,
gagnoda01,1990,1,DET,NHL,2.0,35.0,0.0,1.0,0.0,0.0,0.0,6.0,28.0,,,,,,,,,
gamblbr01,1958,1,NYR,NHL,2.0,120.0,0.0,2.0,0.0,,0.0,6.0,,,,,,,,,,
gamblbr01,1960,1,BOS,NHL,52.0,3120.0,12.0,33.0,7.0,,0.0,195.0,,,,,,,,,,
gamblbr01,1961,1,BOS,NHL,28.0,1680.0,6.0,18.0,4.0,,1.0,123.0,,,,,,,,,,
gamblbr01,1965,1,TOR,NHL,10.0,501.0,5.0,2.0,3.0,0.0,4.0,21.0,,,,,,,,,,
gamblbr01,1966,1,TOR,NHL,23.0,1185.0,5.0,10.0,4.0,1.0,0.0,67.0,,,,,,,,,,
gamblbr01,1967,1,TOR,NHL,41.0,2201.0,19.0,13.0,3.0,3.0,5.0,85.0,,,,,,,,,,
gamblbr01,1968,1,TOR,NHL,61.0,3446.0,28.0,20.0,11.0,3.0,3.0,161.0,,3.0,86.0,0.0,2.0,,0.0,0.0,13.0,
gamblbr01,1969,1,TOR,NHL,52.0,3057.0,19.0,24.0,9.0,0.0,5.0,156.0,,,,,,,,,,
gamblbr01,1970,1,TOR,NHL,23.0,1286.0,6.0,14.0,1.0,2.0,2.0,83.0,,,,,,,,,,
gamblbr01,1970,2,PHI,NHL,11.0,660.0,3.0,6.0,2.0,1.0,0.0,37.0,,2.0,120.0,0.0,2.0,,0.0,0.0,12.0,
gamblbr01,1971,1,PHI,NHL,24.0,1186.0,7.0,8.0,2.0,2.0,2.0,58.0,,,,,,,,,,
gambltr01,1986,1,VAN,NHL,1.0,60.0,0.0,1.0,0.0,1.0,0.0,4.0,23.0,,,,,,,,,
gambltr01,1988,1,VAN,NHL,5.0,302.0,2.0,3.0,0.0,2.0,0.0,12.0,140.0,,,,,,,,,
gambltr01,1990,1,VAN,NHL,47.0,2433.0,16.0,16.0,6.0,4.0,1.0,140.0,1156.0,4.0,249.0,1.0,3.0,,3.0,0.0,16.0,133.0
gambltr01,1991,1,VAN,NHL,19.0,1009.0,4.0,9.0,3.0,0.0,0.0,73.0,518.0,,,,,,,,,
gardibe01,1935,1,NYR,NHL,1.0,60.0,1.0,0.0,0.0,,0.0,1.0,,,,,,,,,,
gardibe01,1938,1,NYR,NHL,,,,,,,,,,6.0,434.0,3.0,3.0,,,0.0,12.0,
gardibe01,1940,1,MTL,NHL,42.0,2600.0,13.0,23.0,6.0,,1.0,119.0,,3.0,214.0,1.0,2.0,,,0.0,8.0,
gardibe01,1941,1,MTL,NHL,10.0,620.0,1.0,8.0,1.0,,0.0,42.0,,,,,,,,,,
gardibe01,1942,1,CHI,NHL,50.0,3020.0,17.0,18.0,15.0,,1.0,180.0,,,,,,,,,,
gardibe01,1943,1,BOS,NHL,41.0,2460.0,17.0,19.0,5.0,,1.0,212.0,,,,,,,,,,
gardich01,1927,1,CHI,NHL,40.0,2420.0,6.0,32.0,2.0,,3.0,114.0,,,,,,,,,,
gardich01,1928,1,CHI,NHL,44.0,2758.0,7.0,29.0,8.0,,5.0,85.0,,,,,,,,,,
gardich01,1929,1,CHI,NHL,44.0,2750.0,21.0,18.0,5.0,,3.0,111.0,,2.0,172.0,0.0,1.0,1.0,,0.0,3.0,
gardich01,1930,1,CHI,NHL,44.0,2710.0,24.0,17.0,3.0,,12.0,78.0,,9.0,638.0,5.0,3.0,1.0,,2.0,14.0,
gardich01,1931,1,CHI,NHL,48.0,2989.0,18.0,19.0,11.0,,4.0,92.0,,2.0,120.0,1.0,1.0,0.0,,1.0,6.0,
gardich01,1932,1,CHI,NHL,48.0,3010.0,16.0,20.0,12.0,,5.0,101.0,,,,,,,,,,
gardich01,1933,1,CHI,NHL,48.0,3050.0,20.0,17.0,11.0,,10.0,83.0,,8.0,542.0,6.0,1.0,1.0,,2.0,12.0,
gardnge01,1965,1,DET,NHL,1.0,60.0,1.0,0.0,0.0,0.0,0.0,1.0,,,,,,,,,,
gardnge01,1966,1,DET,NHL,11.0,560.0,3.0,6.0,0.0,0.0,0.0,36.0,,,,,,,,,,
gardnge01,1967,1,DET,NHL,12.0,534.0,3.0,2.0,2.0,0.0,0.0,32.0,,,,,,,,,,
gardnge01,1970,1,VAN,NHL,18.0,922.0,6.0,8.0,1.0,1.0,0.0,52.0,,,,,,,,,,
gardnge01,1971,1,VAN,NHL,24.0,1237.0,3.0,14.0,3.0,1.0,0.0,86.0,,,,,,,,,,
gardnge01,1972,1,LAS,WHA,49.0,2713.0,19.0,22.0,4.0,0.0,1.0,149.0,1238.0,3.0,116.0,1.0,2.0,,0.0,0.0,11.0,57.0
gardnge01,1973,1,LAS,WHA,2.0,120.0,0.0,2.0,0.0,0.0,0.0,13.0,65.0,,,,,,,,,
gardnge01,1973,2,VAB,WHA,28.0,1590.0,4.0,21.0,1.0,3.0,0.0,125.0,957.0,,,,,,,,,
garnemi01,2005,1,ATL,NHL,24.0,1271.0,10.0,7.0,4.0,2.0,2.0,73.0,634.0,,,,,,,,,
garnety01,1998,1,CAL,NHL,3.0,139.0,0.0,2.0,0.0,0.0,0.0,12.0,74.0,,,,,,,,,
garonma01,2000,1,MTL,NHL,11.0,589.0,4.0,5.0,1.0,1.0,2.0,24.0,233.0,,,,,,,,,
garonma01,2001,1,MTL,NHL,5.0,261.0,1.0,4.0,0.0,0.0,0.0,19.0,147.0,,,,,,,,,
garonma01,2002,1,MTL,NHL,8.0,482.0,3.0,5.0,0.0,1.0,2.0,16.0,267.0,,,,,,,,,
garonma01,2003,1,MTL,NHL,19.0,1003.0,8.0,6.0,2.0,1.0,0.0,38.0,480.0,1.0,12.0,0.0,0.0,,0.0,0.0,0.0,6.0
garonma01,2005,1,LAK,NHL,63.0,3446.0,31.0,26.0,3.0,4.0,4.0,185.0,1738.0,,,,,,,,,
garonma01,2006,1,LAK,NHL,32.0,1779.0,13.0,10.0,6.0,3.0,2.0,79.0,849.0,,,,,,,,,
garonma01,2007,1,EDM,NHL,47.0,2658.0,26.0,18.0,1.0,5.0,4.0,118.0,1359.0,,,,,,,,,
garonma01,2008,1,EDM,NHL,15.0,815.0,6.0,8.0,0.0,1.0,0.0,43.0,408.0,,,,,,,,,
garonma01,2008,2,PIT,NHL,4.0,206.0,2.0,1.0,0.0,0.0,0.0,10.0,94.0,1.0,24.0,0.0,0.0,,0.0,0.0,0.0,8.0
garonma01,2009,1,CBS,NHL,35.0,1771.0,12.0,9.0,6.0,1.0,2.0,83.0,858.0,,,,,,,,,
garrejo01,1973,1,MFS,WHA,40.0,2290.0,21.0,18.0,0.0,1.0,1.0,137.0,1414.0,7.0,372.0,4.0,2.0,,1.0,0.0,25.0,256.0
garrejo01,1974,1,MFS,WHA,58.0,3294.0,30.0,23.0,2.0,3.0,2.0,180.0,1890.0,12.0,726.0,6.0,6.0,,1.0,1.0,41.0,406.0
garrejo01,1975,1,MFS,WHA,52.0,3179.0,26.0,22.0,4.0,3.0,2.0,177.0,1733.0,,,,,,,,,
garrejo01,1975,2,TOT,WHA,9.0,551.0,3.0,6.0,0.0,0.0,1.0,33.0,349.0,,,,,,,,,
garrejo01,1976,1,BIR,WHA,65.0,3803.0,24.0,34.0,4.0,4.0,4.0,224.0,2212.0,,,,,,,,,
garrejo01,1977,1,BIR,WHA,58.0,3306.0,24.0,31.0,1.0,5.0,2.0,210.0,1714.0,5.0,271.0,1.0,4.0,,0.0,0.0,26.0,
garrejo01,1978,1,NEW,WHA,41.0,2496.0,20.0,17.0,4.0,4.0,2.0,149.0,1180.0,8.0,447.0,4.0,3.0,,1.0,0.0,32.0,
garrejo01,1979,1,HAR,NHL,52.0,3046.0,16.0,24.0,11.0,1.0,0.0,202.0,,1.0,60.0,0.0,1.0,,0.0,0.0,8.0,
garrejo01,1980,1,HAR,NHL,54.0,3152.0,15.0,27.0,12.0,3.0,0.0,241.0,,,,,,,,,,
garrejo01,1981,1,HAR,NHL,16.0,898.0,5.0,6.0,4.0,1.0,0.0,63.0,,,,,,,,,,
garrejo01,1981,2,QUE,NHL,12.0,720.0,4.0,5.0,3.0,1.0,0.0,62.0,,5.0,323.0,3.0,2.0,,0.0,0.0,21.0,
garrejo01,1982,1,QUE,NHL,17.0,953.0,6.0,8.0,2.0,3.0,0.0,64.0,507.0,,,,,,,,,
garrejo01,1982,2,VAN,NHL,17.0,934.0,7.0,6.0,3.0,2.0,1.0,48.0,506.0,1.0,60.0,1.0,0.0,,0.0,0.0,4.0,
garrejo01,1983,1,VAN,NHL,29.0,1653.0,14.0,10.0,2.0,3.0,0.0,113.0,758.0,2.0,18.0,0.0,0.0,,1.0,0.0,0.0,5.0
garrejo01,1984,1,VAN,NHL,10.0,407.0,1.0,5.0,0.0,0.0,0.0,44.0,243.0,,,,,,,,,
gatheda01,1953,1,DET,NHL,3.0,180.0,2.0,0.0,1.0,,1.0,3.0,,,,,,,,,,
gauthpa01,1937,1,MTL,NHL,1.0,70.0,0.0,0.0,1.0,,0.0,2.0,,,,,,,,,,
gauthse01,1998,1,SJS,NHL,1.0,3.0,0.0,0.0,0.0,0.0,0.0,0.0,2.0,,,,,,,,,
gelinja01,1948,1,BOS,NHL,4.0,240.0,2.0,2.0,0.0,,0.0,12.0,,,,,,,,,,
gelinja01,1949,1,BOS,NHL,67.0,4020.0,22.0,30.0,15.0,,3.0,220.0,,,,,,,,,,
gelinja01,1950,1,BOS,NHL,70.0,4200.0,22.0,30.0,18.0,,4.0,197.0,,4.0,260.0,1.0,2.0,,,1.0,7.0,
gelinja01,1953,1,CHI,NHL,2.0,120.0,0.0,2.0,0.0,,0.0,18.0,,,,,,,,,,
gerbema01,2002,1,ANA,NHL,22.0,1203.0,6.0,11.0,3.0,4.0,1.0,39.0,548.0,2.0,20.0,0.0,0.0,,0.0,0.0,1.0,6.0
gerbema01,2003,1,ANA,NHL,32.0,1698.0,11.0,12.0,4.0,3.0,2.0,64.0,785.0,,,,,,,,,
gerbema01,2005,1,CAR,NHL,60.0,3493.0,38.0,14.0,6.0,5.0,3.0,162.0,1719.0,6.0,221.0,1.0,1.0,,0.0,1.0,13.0,90.0
gerbema01,2006,1,OTT,NHL,29.0,1599.0,15.0,9.0,3.0,1.0,1.0,74.0,784.0,,,,,,,,,
gerbema01,2007,1,OTT,NHL,57.0,3197.0,30.0,18.0,4.0,5.0,2.0,145.0,1619.0,4.0,238.0,0.0,4.0,,2.0,0.0,14.0,159.0
gerbema01,2008,1,OTT,NHL,14.0,839.0,4.0,9.0,1.0,3.0,1.0,40.0,397.0,,,,,,,,,
gerbema01,2008,2,TOR,NHL,12.0,706.0,6.0,5.0,0.0,1.0,0.0,38.0,402.0,,,,,,,,,
giacoed01,1965,1,NYR,NHL,35.0,2036.0,8.0,20.0,6.0,2.0,0.0,125.0,,,,,,,,,,
giacoed01,1966,1,NYR,NHL,68.0,3981.0,30.0,27.0,11.0,2.0,9.0,173.0,,4.0,246.0,0.0,4.0,,0.0,0.0,14.0,
giacoed01,1967,1,NYR,NHL,66.0,3940.0,36.0,20.0,10.0,2.0,8.0,160.0,,6.0,360.0,2.0,4.0,,0.0,0.0,18.0,
giacoed01,1968,1,NYR,NHL,70.0,4114.0,37.0,23.0,7.0,3.0,7.0,175.0,,3.0,180.0,0.0,3.0,,2.0,0.0,10.0,
giacoed01,1969,1,NYR,NHL,70.0,4148.0,35.0,21.0,14.0,6.0,6.0,163.0,,5.0,280.0,2.0,3.0,,0.0,0.0,19.0,
giacoed01,1970,1,NYR,NHL,45.0,2641.0,27.0,10.0,7.0,3.0,8.0,95.0,,12.0,759.0,7.0,5.0,,2.0,0.0,28.0,
giacoed01,1971,1,NYR,NHL,44.0,2551.0,24.0,10.0,9.0,2.0,1.0,115.0,,10.0,600.0,6.0,4.0,,0.0,0.0,27.0,
giacoed01,1972,1,NYR,NHL,43.0,2580.0,26.0,11.0,6.0,2.0,4.0,125.0,,10.0,539.0,5.0,4.0,,1.0,1.0,23.0,
giacoed01,1973,1,NYR,NHL,56.0,3286.0,30.0,15.0,10.0,1.0,5.0,168.0,,13.0,788.0,7.0,6.0,,2.0,0.0,37.0,
giacoed01,1974,1,NYR,NHL,37.0,2069.0,13.0,12.0,8.0,1.0,1.0,120.0,,2.0,86.0,0.0,2.0,,0.0,0.0,4.0,
giacoed01,1975,1,NYR,NHL,4.0,240.0,0.0,3.0,1.0,0.0,0.0,19.0,,,,,,,,,,
giacoed01,1975,2,DET,NHL,29.0,1740.0,12.0,14.0,3.0,1.0,2.0,100.0,,,,,,,,,,
giacoed01,1976,1,DET,NHL,33.0,1791.0,8.0,18.0,3.0,3.0,3.0,107.0,,,,,,,,,,
giacoed01,1977,1,DET,NHL,9.0,516.0,3.0,5.0,1.0,0.0,0.0,27.0,,,,,,,,,,
gigueje01,1996,1,HAR,NHL,8.0,394.0,1.0,4.0,0.0,0.0,0.0,24.0,201.0,,,,,,,,,
gigueje01,1998,1,CAL,NHL,15.0,860.0,6.0,7.0,1.0,2.0,0.0,46.0,447.0,,,,,,,,,
gigueje01,1999,1,CAL,NHL,7.0,330.0,1.0,3.0,1.0,1.0,0.0,15.0,175.0,,,,,,,,,
gigueje01,2000,1,ANA,NHL,34.0,2031.0,11.0,17.0,5.0,3.0,4.0,87.0,976.0,,,,,,,,,
gigueje01,2001,1,ANA,NHL,53.0,3127.0,20.0,25.0,6.0,3.0,4.0,111.0,1384.0,,,,,,,,,
gigueje01,2002,1,ANA,NHL,65.0,3775.0,34.0,22.0,6.0,5.0,8.0,145.0,1820.0,21.0,1407.0,15.0,6.0,,1.0,5.0,38.0,697.0
gigueje01,2003,1,ANA,NHL,55.0,3210.0,17.0,31.0,6.0,4.0,3.0,140.0,1623.0,,,,,,,,,
gigueje01,2005,1,ANA,NHL,60.0,3381.0,30.0,15.0,11.0,4.0,2.0,150.0,1692.0,6.0,318.0,3.0,3.0,,0.0,0.0,18.0,132.0
gigueje01,2006,1,AND,NHL,56.0,3245.0,36.0,10.0,8.0,1.0,4.0,122.0,1490.0,18.0,1067.0,13.0,4.0,,0.0,1.0,35.0,451.0
gigueje01,2007,1,AND,NHL,58.0,3310.0,35.0,17.0,6.0,5.0,4.0,117.0,1508.0,6.0,358.0,2.0,4.0,,1.0,0.0,19.0,187.0
gigueje01,2008,1,AND,NHL,46.0,2458.0,19.0,18.0,6.0,3.0,2.0,127.0,1274.0,1.0,17.0,0.0,0.0,,1.0,0.0,0.0,6.0
gigueje01,2009,1,AND,NHL,20.0,1108.0,4.0,8.0,5.0,3.0,1.0,58.0,580.0,,,,,,,,,
gigueje01,2009,2,TOR,NHL,15.0,915.0,6.0,7.0,2.0,2.0,2.0,38.0,451.0,,,,,,,,,
gilbegi01,1969,1,MNS,NHL,1.0,60.0,0.0,1.0,0.0,0.0,0.0,6.0,,,,,,,,,,
gilbegi01,1970,1,MNS,NHL,17.0,931.0,5.0,9.0,2.0,0.0,0.0,59.0,,,,,,,,,,
gilbegi01,1971,1,MNS,NHL,4.0,218.0,1.0,2.0,1.0,0.0,0.0,11.0,,,,,,,,,,
gilbegi01,1972,1,MNS,NHL,22.0,1320.0,10.0,10.0,2.0,0.0,2.0,67.0,,1.0,60.0,0.0,1.0,,0.0,0.0,4.0,
gilbegi01,1973,1,BOS,NHL,54.0,3210.0,34.0,12.0,8.0,0.0,6.0,158.0,,16.0,977.0,10.0,6.0,,1.0,1.0,43.0,
gilbegi01,1974,1,BOS,NHL,53.0,3029.0,23.0,17.0,11.0,4.0,3.0,158.0,,3.0,188.0,1.0,2.0,,0.0,0.0,12.0,
gilbegi01,1975,1,BOS,NHL,55.0,3123.0,33.0,8.0,10.0,0.0,3.0,151.0,,6.0,360.0,3.0,3.0,,0.0,2.0,19.0,
gilbegi01,1976,1,BOS,NHL,34.0,2040.0,18.0,13.0,3.0,3.0,1.0,97.0,,1.0,20.0,0.0,1.0,,0.0,0.0,3.0,
gilbegi01,1977,1,BOS,NHL,25.0,1326.0,15.0,6.0,2.0,0.0,2.0,56.0,,,,,,,,,,
gilbegi01,1978,1,BOS,NHL,23.0,1254.0,12.0,8.0,2.0,1.0,0.0,74.0,,5.0,314.0,3.0,2.0,,0.0,0.0,16.0,
gilbegi01,1979,1,BOS,NHL,33.0,1933.0,20.0,9.0,3.0,1.0,1.0,88.0,,,,,,,,,,
gilbegi01,1980,1,DET,NHL,48.0,2618.0,11.0,24.0,9.0,5.0,0.0,175.0,,,,,,,,,,
gilbegi01,1981,1,DET,NHL,27.0,1478.0,6.0,10.0,6.0,2.0,0.0,105.0,,,,,,,,,,
gilbegi01,1982,1,DET,NHL,20.0,1137.0,4.0,14.0,1.0,0.0,0.0,85.0,565.0,,,,,,,,,
gillan01,1967,1,BOS,NHL,5.0,270.0,3.0,2.0,0.0,0.0,1.0,13.0,,,,,,,,,,
gillan01,1972,1,CHC,WHA,33.0,1709.0,4.0,24.0,0.0,2.0,0.0,118.0,982.0,,,,,,,,,
gillan01,1973,1,CHC,WHA,13.0,803.0,4.0,7.0,2.0,1.0,0.0,46.0,418.0,11.0,614.0,6.0,5.0,,0.0,0.0,38.0,318.0
gilloru01,1972,1,LAS,WHA,38.0,1982.0,17.0,13.0,2.0,3.0,2.0,96.0,851.0,5.0,247.0,1.0,2.0,,0.0,0.0,12.0,115.0
gilloru01,1973,1,LAS,WHA,18.0,1041.0,4.0,13.0,0.0,1.0,1.0,69.0,483.0,,,,,,,,,
gilloru01,1974,1,SDM,WHA,30.0,1653.0,15.0,11.0,2.0,1.0,1.0,94.0,864.0,3.0,79.0,0.0,0.0,,0.0,0.0,5.0,56.0
gilloru01,1975,1,SDM,WHA,23.0,1037.0,1.0,10.0,2.0,1.0,0.0,74.0,568.0,1.0,20.0,0.0,0.0,,0.0,0.0,0.0,
goodmpa01,1937,1,CHI,NHL,,,,,,,,,,1.0,60.0,0.0,1.0,,,0.0,5.0,
goodmpa01,1939,1,CHI,NHL,31.0,1920.0,16.0,10.0,5.0,,4.0,62.0,,2.0,127.0,0.0,2.0,,,0.0,5.0,
goodmpa01,1940,1,CHI,NHL,21.0,1320.0,7.0,10.0,4.0,,2.0,55.0,,,,,,,,,,
gordosc01,1989,1,QUE,NHL,10.0,597.0,2.0,8.0,0.0,1.0,0.0,53.0,368.0,,,,,,,,,
gordosc01,1990,1,QUE,NHL,13.0,485.0,0.0,8.0,0.0,2.0,0.0,48.0,225.0,,,,,,,,,
gossema01,1983,1,QUE,NHL,3.0,148.0,2.0,0.0,0.0,0.0,1.0,3.0,67.0,,,,,,,,,
gossema01,1984,1,QUE,NHL,36.0,2020.0,19.0,11.0,3.0,0.0,1.0,111.0,887.0,17.0,1059.0,9.0,8.0,,2.0,0.0,54.0,473.0
gossema01,1985,1,QUE,NHL,31.0,1726.0,14.0,14.0,1.0,3.0,2.0,111.0,796.0,1.0,40.0,0.0,1.0,,0.0,0.0,5.0,22.0
gossema01,1986,1,QUE,NHL,30.0,1625.0,13.0,11.0,1.0,3.0,0.0,86.0,758.0,11.0,654.0,7.0,4.0,,0.0,0.0,37.0,326.0
gossema01,1987,1,QUE,NHL,54.0,3002.0,20.0,28.0,4.0,3.0,2.0,189.0,1422.0,,,,,,,,,
gossema01,1988,1,QUE,NHL,39.0,2064.0,11.0,19.0,3.0,0.0,0.0,146.0,1105.0,,,,,,,,,
gossema01,1989,1,LAK,NHL,26.0,1226.0,7.0,11.0,1.0,4.0,0.0,79.0,587.0,3.0,63.0,0.0,2.0,,1.0,0.0,3.0,23.0
gossema01,1992,1,HAR,NHL,16.0,867.0,5.0,9.0,1.0,1.0,0.0,57.0,499.0,,,,,,,,,
gossema01,1993,1,HAR,NHL,7.0,239.0,0.0,4.0,0.0,2.0,0.0,21.0,107.0,,,,,,,,,
goverda01,1991,1,LAK,NHL,2.0,120.0,1.0,1.0,0.0,0.0,0.0,9.0,63.0,,,,,,,,,
goverda01,1992,1,LAK,NHL,2.0,98.0,0.0,2.0,0.0,1.0,0.0,13.0,51.0,,,,,,,,,
goverda01,1993,1,LAK,NHL,1.0,60.0,0.0,1.0,0.0,0.0,0.0,7.0,37.0,,,,,,,,,
grahajo01,1999,1,BOS,NHL,24.0,1344.0,7.0,10.0,5.0,1.0,2.0,55.0,609.0,,,,,,,,,
grahajo01,2000,1,BOS,NHL,10.0,471.0,3.0,4.0,0.0,3.0,0.0,28.0,211.0,,,,,,,,,
grahajo01,2001,1,BOS,NHL,19.0,1079.0,8.0,7.0,2.0,0.0,1.0,52.0,503.0,,,,,,,,,
grahajo01,2002,1,BOS,NHL,23.0,1352.0,11.0,9.0,2.0,0.0,1.0,61.0,625.0,,,,,,,,,
grahajo01,2002,2,TBL,NHL,17.0,914.0,6.0,5.0,4.0,1.0,2.0,34.0,424.0,1.0,111.0,0.0,1.0,,0.0,0.0,2.0,48.0
grahajo01,2003,1,TBL,NHL,29.0,1688.0,18.0,9.0,1.0,2.0,1.0,58.0,664.0,1.0,34.0,0.0,0.0,,0.0,0.0,2.0,17.0
grahajo01,2005,1,TBL,NHL,57.0,3152.0,29.0,22.0,1.0,8.0,5.0,161.0,1450.0,4.0,188.0,1.0,3.0,,1.0,0.0,15.0,98.0
grahajo01,2006,1,CAR,NHL,28.0,1515.0,10.0,13.0,2.0,6.0,0.0,72.0,702.0,,,,,,,,,
grahajo01,2007,1,CAR,NHL,17.0,848.0,5.0,7.0,1.0,3.0,0.0,53.0,424.0,,,,,,,,,
graharo02,1973,1,HOU,WHA,4.0,250.0,3.0,0.0,1.0,0.0,1.0,5.0,123.0,,,,,,,,,
graharo02,1974,1,HOU,WHA,43.0,2590.0,33.0,10.0,0.0,3.0,4.0,131.0,1307.0,13.0,780.0,12.0,1.0,,0.0,3.0,26.0,439.0
graharo02,1975,1,HOU,WHA,57.0,3343.0,39.0,17.0,0.0,3.0,3.0,182.0,1752.0,14.0,817.0,6.0,8.0,,0.0,1.0,54.0,
graharo02,1976,1,HOU,WHA,39.0,2345.0,27.0,10.0,2.0,1.0,4.0,107.0,1082.0,9.0,561.0,4.0,5.0,,0.0,0.0,36.0,265.0
graharo02,1977,1,BOS,NHL,40.0,2328.0,26.0,6.0,7.0,0.0,3.0,107.0,,4.0,202.0,2.0,1.0,,0.0,0.0,7.0,
graharo02,1978,1,LAK,NHL,34.0,1940.0,11.0,19.0,2.0,0.0,0.0,136.0,,,,,,,,,,
graharo02,1979,1,LAK,NHL,26.0,1405.0,9.0,11.0,4.0,1.0,2.0,98.0,,,,,,,,,,
graharo02,1980,1,LAK,NHL,6.0,360.0,3.0,2.0,1.0,0.0,0.0,28.0,,,,,,,,,,
graharo02,1980,2,QUE,NHL,8.0,439.0,1.0,5.0,1.0,1.0,0.0,40.0,,,,,,,,,,
grantbe01,1928,1,TOR,NHL,5.0,156.0,1.0,1.0,0.0,,0.0,4.0,,,,,,,,,,
grantbe01,1929,1,TOR,NHL,2.0,130.0,1.0,1.0,0.0,,0.0,11.0,,,,,,,,,,
grantbe01,1929,2,NYA,NHL,7.0,420.0,3.0,4.0,0.0,,0.0,25.0,,,,,,,,,,
grantbe01,1930,1,TOR,NHL,7.0,430.0,1.0,5.0,1.0,,2.0,19.0,,,,,,,,,,
grantbe01,1931,1,TOR,NHL,5.0,320.0,1.0,2.0,1.0,,1.0,18.0,,,,,,,,,,
grantbe01,1933,1,NYA,NHL,5.0,320.0,1.0,4.0,0.0,,1.0,18.0,,,,,,,,,,
grantbe01,1943,1,BOS,NHL,1.0,60.0,0.0,1.0,0.0,,0.0,10.0,,,,,,,,,,
grantbe01,1943,2,TOR,NHL,20.0,1200.0,9.0,9.0,2.0,,0.0,83.0,,,,,,,,,,
grantdo01,1973,1,DET,NHL,37.0,2018.0,15.0,16.0,2.0,0.0,1.0,140.0,,,,,,,,,,
grantdo01,1974,1,DET,NHL,7.0,380.0,1.0,5.0,0.0,1.0,0.0,34.0,,,,,,,,,,
grantdo01,1975,1,DET,NHL,2.0,120.0,1.0,1.0,0.0,0.0,0.0,8.0,,,,,,,,,,
grantdo01,1976,1,STL,NHL,17.0,960.0,7.0,7.0,3.0,1.0,1.0,50.0,,,,,,,,,,
grantdo01,1977,1,STL,NHL,9.0,500.0,3.0,3.0,2.0,1.0,0.0,24.0,,,,,,,,,,
grantdo01,1978,1,STL,NHL,4.0,190.0,0.0,2.0,1.0,1.0,0.0,23.0,,,,,,,,,,
grantdo01,1979,1,STL,NHL,1.0,31.0,0.0,0.0,0.0,0.0,0.0,1.0,,,,,,,,,,
grattgi01,1972,1,OTN,WHA,51.0,3021.0,25.0,22.0,3.0,4.0,0.0,187.0,1591.0,2.0,86.0,0.0,1.0,,0.0,0.0,7.0,73.0
grattgi01,1973,1,TOT,WHA,57.0,3200.0,26.0,24.0,3.0,1.0,2.0,188.0,1786.0,10.0,539.0,5.0,3.0,,0.0,1.0,25.0,287.0
grattgi01,1974,1,TOT,WHA,53.0,2881.0,30.0,20.0,1.0,1.0,2.0,185.0,1632.0,1.0,36.0,0.0,1.0,,0.0,0.0,5.0,
grattgi01,1975,1,STL,NHL,6.0,265.0,2.0,0.0,2.0,0.0,0.0,11.0,,,,,,,,,,
grattgi01,1976,1,NYR,NHL,41.0,2034.0,11.0,18.0,7.0,2.0,0.0,143.0,,,,,,,,,,
grayge01,1970,1,DET,NHL,7.0,380.0,1.0,4.0,1.0,0.0,0.0,30.0,,,,,,,,,,
grayge01,1972,1,NYI,NHL,1.0,60.0,0.0,1.0,0.0,0.0,0.0,5.0,,,,,,,,,,
grayha01,1963,1,DET,NHL,1.0,40.0,0.0,1.0,0.0,0.0,0.0,5.0,,,,,,,,,,
greenmi01,1989,1,EDM,NHL,2.0,20.0,0.0,0.0,0.0,0.0,0.0,4.0,17.0,,,,,,,,,
greisth01,2007,1,SJS,NHL,3.0,129.0,0.0,1.0,1.0,0.0,0.0,7.0,50.0,,,,,,,,,
greisth01,2009,1,SJS,NHL,16.0,782.0,7.0,4.0,1.0,2.0,0.0,35.0,399.0,1.0,40.0,0.0,0.0,,0.0,0.0,2.0,28.0
griggch01,1975,1,DOT,WHA,2.0,80.0,0.0,0.0,0.0,0.0,0.0,13.0,59.0,,,,,,,,,
groulte01,1909,1,LES,NHA,7.0,420.0,1.0,6.0,0.0,,0.0,62.0,,,,,,,,,,
guenest01,1986,1,PIT,NHL,2.0,113.0,0.0,2.0,0.0,2.0,0.0,8.0,54.0,,,,,,,,,
guenest01,1987,1,PIT,NHL,19.0,1092.0,12.0,7.0,0.0,0.0,1.0,61.0,582.0,,,,,,,,,
guenest01,1988,1,PIT,NHL,11.0,574.0,5.0,6.0,0.0,0.0,0.0,41.0,308.0,,,,,,,,,
guenest01,1989,1,CAL,NHL,2.0,119.0,1.0,1.0,0.0,0.0,0.0,8.0,50.0,,,,,,,,,
guenest01,1990,1,CAL,NHL,1.0,60.0,1.0,0.0,0.0,0.0,0.0,4.0,30.0,,,,,,,,,
gustade01,2000,1,MIN,NHL,4.0,239.0,1.0,3.0,0.0,1.0,0.0,10.0,97.0,,,,,,,,,
gustade01,2001,1,MIN,NHL,1.0,26.0,0.0,0.0,0.0,0.0,0.0,0.0,7.0,,,,,,,,,
gustajo01,2009,1,TOR,NHL,42.0,2340.0,16.0,15.0,9.0,5.0,1.0,112.0,1146.0,,,,,,,,,
hackeje01,1988,1,NYI,NHL,13.0,662.0,4.0,7.0,0.0,0.0,0.0,39.0,329.0,,,,,,,,,
hackeje01,1990,1,NYI,NHL,30.0,1508.0,5.0,18.0,1.0,3.0,0.0,91.0,741.0,,,,,,,,,
hackeje01,1991,1,SJS,NHL,42.0,2314.0,11.0,27.0,1.0,1.0,0.0,148.0,1366.0,,,,,,,,,
hackeje01,1992,1,SJS,NHL,36.0,2000.0,2.0,30.0,1.0,2.0,0.0,176.0,1220.0,,,,,,,,,
hackeje01,1993,1,CHI,NHL,22.0,1084.0,2.0,12.0,3.0,0.0,0.0,62.0,566.0,,,,,,,,,
hackeje01,1994,1,CHI,NHL,7.0,328.0,1.0,3.0,2.0,0.0,0.0,13.0,150.0,2.0,26.0,0.0,0.0,,0.0,0.0,1.0,11.0
hackeje01,1995,1,CHI,NHL,35.0,2000.0,18.0,11.0,4.0,2.0,4.0,80.0,948.0,1.0,60.0,0.0,1.0,,0.0,0.0,5.0,32.0
hackeje01,1996,1,CHI,NHL,41.0,2473.0,19.0,18.0,4.0,2.0,2.0,89.0,1212.0,6.0,345.0,2.0,4.0,,0.0,0.0,25.0,190.0
hackeje01,1997,1,CHI,NHL,58.0,3441.0,21.0,25.0,11.0,3.0,8.0,126.0,1520.0,,,,,,,,,
hackeje01,1998,1,CHI,NHL,10.0,524.0,2.0,6.0,1.0,3.0,0.0,33.0,256.0,,,,,,,,,
hackeje01,1998,2,MTL,NHL,53.0,3091.0,24.0,20.0,9.0,2.0,5.0,117.0,1360.0,,,,,,,,,
hackeje01,1999,1,MTL,NHL,56.0,3301.0,23.0,25.0,7.0,2.0,3.0,132.0,1543.0,,,,,,,,,
hackeje01,2000,1,MTL,NHL,19.0,998.0,4.0,10.0,2.0,2.0,0.0,54.0,477.0,,,,,,,,,
hackeje01,2001,1,MTL,NHL,15.0,717.0,5.0,5.0,2.0,0.0,0.0,38.0,395.0,,,,,,,,,
hackeje01,2002,1,MTL,NHL,18.0,1063.0,7.0,8.0,2.0,1.0,0.0,45.0,606.0,,,,,,,,,
hackeje01,2002,2,BOS,NHL,18.0,991.0,8.0,9.0,0.0,1.0,1.0,53.0,500.0,3.0,179.0,1.0,2.0,,2.0,0.0,5.0,76.0
hackeje01,2003,1,PHI,NHL,27.0,1630.0,10.0,10.0,6.0,1.0,3.0,65.0,684.0,,,,,,,,,
haguebi01,1915,1,MOW,NHA,1.0,60.0,0.0,1.0,0.0,,0.0,6.0,,,,,,,,,,
haguebi01,1916,1,MOW,NHA,4.0,240.0,0.0,4.0,0.0,,0.0,41.0,,,,,,,,,,
hainsge01,1923,1,SAC,WCHL,30.0,1849.0,15.0,12.0,3.0,,4.0,73.0,,,,,,,,,,
hainsge01,1924,1,SAS,WCHL,28.0,1700.0,16.0,11.0,1.0,,2.0,75.0,,2.0,120.0,0.0,1.0,1.0,,0.0,6.0,
hainsge01,1925,1,SAS,WCHL,30.0,1812.0,18.0,11.0,1.0,,4.0,64.0,,2.0,120.0,0.0,1.0,1.0,,0.0,4.0,
hainsge01,1926,1,MTL,NHL,44.0,2732.0,28.0,14.0,2.0,,14.0,67.0,,4.0,252.0,1.0,1.0,2.0,,1.0,6.0,
hainsge01,1927,1,MTL,NHL,44.0,2730.0,26.0,11.0,7.0,,13.0,48.0,,2.0,128.0,0.0,1.0,1.0,,0.0,3.0,
hainsge01,1928,1,MTL,NHL,44.0,2800.0,22.0,7.0,15.0,,22.0,43.0,,3.0,180.0,0.0,3.0,0.0,,0.0,5.0,
hainsge01,1929,1,MTL,NHL,42.0,2680.0,20.0,13.0,9.0,,4.0,108.0,,6.0,481.0,5.0,0.0,1.0,,3.0,6.0,
hainsge01,1930,1,MTL,NHL,44.0,2740.0,26.0,10.0,8.0,,8.0,89.0,,10.0,722.0,6.0,4.0,0.0,,2.0,21.0,
hainsge01,1931,1,MTL,NHL,48.0,2998.0,25.0,16.0,7.0,,6.0,110.0,,4.0,280.0,1.0,3.0,0.0,,0.0,13.0,
hainsge01,1932,1,MTL,NHL,48.0,2980.0,18.0,25.0,5.0,,8.0,115.0,,2.0,120.0,0.0,1.0,1.0,,0.0,8.0,
hainsge01,1933,1,TOR,NHL,48.0,3010.0,26.0,13.0,9.0,,3.0,119.0,,5.0,302.0,2.0,3.0,0.0,,0.0,11.0,
hainsge01,1934,1,TOR,NHL,48.0,2957.0,30.0,14.0,4.0,,8.0,111.0,,7.0,461.0,3.0,4.0,0.0,,2.0,12.0,
hainsge01,1935,1,TOR,NHL,48.0,3000.0,23.0,19.0,6.0,,8.0,106.0,,9.0,541.0,4.0,5.0,,,0.0,27.0,
hainsge01,1936,1,TOR,NHL,3.0,190.0,0.0,2.0,1.0,,0.0,9.0,,,,,,,,,,
hainsge01,1936,2,MTL,NHL,4.0,270.0,2.0,1.0,1.0,,0.0,12.0,,,,,,,,,,
halakja01,2006,1,MTL,NHL,16.0,912.0,10.0,6.0,0.0,2.0,2.0,44.0,469.0,,,,,,,,,
halakja01,2007,1,MTL,NHL,6.0,285.0,2.0,1.0,1.0,0.0,1.0,10.0,151.0,2.0,77.0,0.0,1.0,,1.0,0.0,3.0,27.0
halakja01,2008,1,MTL,NHL,34.0,1931.0,18.0,14.0,1.0,0.0,1.0,92.0,1077.0,1.0,20.0,0.0,0.0,,0.0,0.0,0.0,5.0
halakja01,2009,1,MTL,NHL,45.0,2630.0,26.0,13.0,5.0,3.0,5.0,105.0,1386.0,18.0,1013.0,9.0,9.0,,3.0,0.0,43.0,562.0
hallgl01,1952,1,DET,NHL,6.0,360.0,4.0,1.0,1.0,,1.0,10.0,,,,,,,,,,
hallgl01,1954,1,DET,NHL,2.0,120.0,2.0,0.0,0.0,,0.0,2.0,,,,,,,,,,
hallgl01,1955,1,DET,NHL,70.0,4200.0,30.0,24.0,16.0,,12.0,148.0,,10.0,604.0,5.0,5.0,,,0.0,28.0,
hallgl01,1956,1,DET,NHL,70.0,4200.0,38.0,20.0,12.0,,4.0,157.0,,5.0,300.0,1.0,4.0,,,0.0,15.0,
hallgl01,1957,1,CHI,NHL,70.0,4200.0,24.0,39.0,7.0,,7.0,202.0,,,,,,,,,,
hallgl01,1958,1,CHI,NHL,70.0,4200.0,28.0,29.0,13.0,,1.0,208.0,,6.0,360.0,2.0,4.0,,,0.0,21.0,
hallgl01,1959,1,CHI,NHL,70.0,4200.0,28.0,29.0,13.0,,6.0,180.0,,4.0,249.0,0.0,4.0,,,0.0,14.0,
hallgl01,1960,1,CHI,NHL,70.0,4200.0,29.0,24.0,17.0,,6.0,180.0,,12.0,772.0,8.0,4.0,,,2.0,27.0,
hallgl01,1961,1,CHI,NHL,70.0,4200.0,31.0,26.0,13.0,,9.0,186.0,,12.0,720.0,6.0,6.0,,,2.0,31.0,
hallgl01,1962,1,CHI,NHL,66.0,3910.0,30.0,20.0,15.0,,5.0,166.0,,6.0,360.0,2.0,4.0,,,0.0,25.0,
hallgl01,1963,1,CHI,NHL,65.0,3860.0,34.0,19.0,11.0,2.0,7.0,148.0,,7.0,400.0,3.0,4.0,,0.0,0.0,22.0,
hallgl01,1964,1,CHI,NHL,41.0,2440.0,18.0,17.0,5.0,1.0,4.0,99.0,,13.0,760.0,7.0,6.0,,0.0,1.0,28.0,
hallgl01,1965,1,CHI,NHL,64.0,3747.0,34.0,21.0,7.0,0.0,4.0,164.0,,6.0,347.0,2.0,4.0,,0.0,0.0,22.0,
hallgl01,1966,1,CHI,NHL,32.0,1664.0,19.0,5.0,5.0,0.0,2.0,66.0,,3.0,176.0,1.0,2.0,,0.0,0.0,8.0,
hallgl01,1967,1,STL,NHL,49.0,2858.0,19.0,21.0,9.0,2.0,5.0,118.0,,18.0,1111.0,8.0,10.0,,0.0,1.0,45.0,
hallgl01,1968,1,STL,NHL,41.0,2354.0,19.0,12.0,8.0,0.0,8.0,85.0,,3.0,131.0,0.0,2.0,,0.0,0.0,5.0,
hallgl01,1969,1,STL,NHL,18.0,1010.0,7.0,8.0,3.0,0.0,1.0,49.0,,7.0,421.0,4.0,3.0,,0.0,0.0,21.0,
hallgl01,1970,1,STL,NHL,32.0,1761.0,13.0,11.0,8.0,1.0,2.0,71.0,,3.0,180.0,0.0,3.0,,0.0,0.0,9.0,
hamelpi01,1974,1,TOR,NHL,4.0,195.0,1.0,2.0,0.0,0.0,0.0,18.0,,,,,,,,,,
hamelpi01,1978,1,TOR,NHL,1.0,1.0,0.0,0.0,0.0,0.0,0.0,0.0,,,,,,,,,,
hamelpi01,1979,1,WIN,NHL,35.0,1947.0,9.0,19.0,3.0,0.0,0.0,130.0,,,,,,,,,,
hamelpi01,1980,1,WIN,NHL,29.0,1623.0,3.0,20.0,4.0,2.0,0.0,128.0,,,,,,,,,,
hanlogl01,1977,1,VAN,NHL,4.0,200.0,1.0,2.0,1.0,1.0,0.0,9.0,,,,,,,,,,
hanlogl01,1978,1,VAN,NHL,31.0,1821.0,12.0,13.0,5.0,1.0,3.0,94.0,,,,,,,,,,
hanlogl01,1979,1,VAN,NHL,57.0,3341.0,17.0,29.0,10.0,4.0,0.0,193.0,,2.0,60.0,0.0,0.0,,0.0,0.0,3.0,
hanlogl01,1980,1,VAN,NHL,17.0,798.0,5.0,8.0,0.0,1.0,1.0,59.0,,,,,,,,,,
hanlogl01,1981,1,VAN,NHL,28.0,1610.0,8.0,14.0,5.0,1.0,1.0,106.0,,,,,,,,,,
hanlogl01,1981,2,STL,NHL,2.0,76.0,0.0,1.0,0.0,0.0,0.0,8.0,,3.0,109.0,0.0,2.0,,0.0,0.0,9.0,
hanlogl01,1982,1,STL,NHL,14.0,671.0,3.0,8.0,1.0,2.0,0.0,50.0,414.0,,,,,,,,,
hanlogl01,1982,2,NYR,NHL,21.0,1173.0,9.0,10.0,1.0,1.0,0.0,67.0,635.0,1.0,60.0,0.0,1.0,,0.0,0.0,5.0,
hanlogl01,1983,1,NYR,NHL,50.0,2837.0,28.0,14.0,4.0,5.0,1.0,166.0,1508.0,5.0,308.0,2.0,3.0,,0.0,1.0,13.0,166.0
hanlogl01,1984,1,NYR,NHL,44.0,2510.0,14.0,20.0,7.0,1.0,0.0,175.0,1439.0,3.0,168.0,0.0,3.0,,0.0,0.0,14.0,99.0
hanlogl01,1985,1,NYR,NHL,23.0,1170.0,5.0,12.0,1.0,0.0,0.0,65.0,608.0,3.0,75.0,0.0,0.0,,0.0,0.0,6.0,32.0
hanlogl01,1986,1,DET,NHL,36.0,1963.0,11.0,16.0,5.0,3.0,1.0,104.0,975.0,8.0,467.0,5.0,2.0,,0.0,2.0,13.0,227.0
hanlogl01,1987,1,DET,NHL,47.0,2623.0,22.0,17.0,5.0,4.0,4.0,141.0,1292.0,8.0,431.0,4.0,3.0,,1.0,1.0,22.0,171.0
hanlogl01,1988,1,DET,NHL,39.0,2092.0,13.0,14.0,8.0,3.0,1.0,124.0,1055.0,2.0,78.0,0.0,1.0,,0.0,0.0,7.0,47.0
hanlogl01,1989,1,DET,NHL,45.0,2290.0,15.0,18.0,5.0,3.0,1.0,154.0,1159.0,,,,,,,,,
hanlogl01,1990,1,DET,NHL,19.0,862.0,4.0,6.0,3.0,0.0,0.0,46.0,438.0,,,,,,,,,
hardijo01,2005,1,MIN,NHL,3.0,185.0,2.0,1.0,0.0,0.0,1.0,8.0,83.0,,,,,,,,,
hardijo01,2006,1,MIN,NHL,7.0,361.0,3.0,2.0,1.0,0.0,1.0,7.0,174.0,,,,,,,,,
hardijo01,2007,1,MIN,NHL,29.0,1571.0,11.0,15.0,2.0,0.0,1.0,77.0,838.0,1.0,20.0,0.0,0.0,,0.0,0.0,0.0,11.0
hardijo01,2008,1,MIN,NHL,19.0,870.0,3.0,9.0,1.0,3.0,0.0,32.0,453.0,,,,,,,,,
hardijo01,2009,1,MIN,NHL,25.0,1300.0,9.0,12.0,0.0,3.0,1.0,66.0,692.0,,,,,,,,,
harripa01,1975,1,MNS,NHL,6.0,307.0,0.0,4.0,1.0,1.0,0.0,28.0,,,,,,,,,,
harripa01,1976,1,MNS,NHL,2.0,120.0,0.0,2.0,0.0,0.0,0.0,11.0,,,,,,,,,,
harripa01,1977,1,MNS,NHL,27.0,1555.0,6.0,16.0,2.0,0.0,1.0,99.0,,,,,,,,,,
harripa01,1978,1,TOR,NHL,25.0,1403.0,8.0,12.0,3.0,0.0,1.0,82.0,,2.0,91.0,0.0,1.0,,0.0,0.0,7.0,
harripa01,1979,1,TOR,NHL,30.0,1492.0,9.0,17.0,2.0,3.0,0.0,110.0,,,,,,,,,,
harripa01,1980,1,TOR,NHL,,,,,,,,,,1.0,40.0,0.0,0.0,,0.0,0.0,1.0,
harripa01,1981,1,PIT,NHL,13.0,700.0,3.0,7.0,0.0,1.0,0.0,64.0,,,,,,,,,,
harripa01,1981,2,BUF,NHL,6.0,229.0,2.0,1.0,1.0,1.0,0.0,14.0,,1.0,26.0,0.0,0.0,,0.0,0.0,1.0,
hasekdo01,1990,1,CHI,NHL,5.0,195.0,3.0,0.0,1.0,0.0,0.0,8.0,93.0,3.0,69.0,0.0,0.0,,0.0,0.0,3.0,39.0
hasekdo01,1991,1,CHI,NHL,20.0,1014.0,10.0,4.0,1.0,0.0,1.0,44.0,413.0,3.0,158.0,0.0,2.0,,1.0,0.0,8.0,70.0
hasekdo01,1992,1,BUF,NHL,28.0,1429.0,11.0,10.0,4.0,1.0,0.0,75.0,720.0,1.0,45.0,1.0,0.0,,0.0,0.0,1.0,24.0
hasekdo01,1993,1,BUF,NHL,58.0,3358.0,30.0,20.0,6.0,3.0,7.0,109.0,1552.0,7.0,484.0,3.0,4.0,,1.0,2.0,13.0,261.0
hasekdo01,1994,1,BUF,NHL,41.0,2416.0,19.0,14.0,7.0,2.0,5.0,85.0,1221.0,5.0,309.0,1.0,4.0,,0.0,0.0,18.0,131.0
hasekdo01,1995,1,BUF,NHL,59.0,3417.0,22.0,30.0,6.0,5.0,2.0,161.0,2011.0,,,,,,,,,
hasekdo01,1996,1,BUF,NHL,67.0,4037.0,37.0,20.0,10.0,3.0,5.0,153.0,2177.0,3.0,153.0,1.0,1.0,,0.0,0.0,5.0,68.0
hasekdo01,1997,1,BUF,NHL,72.0,4220.0,33.0,23.0,13.0,3.0,13.0,147.0,2149.0,15.0,948.0,10.0,5.0,,0.0,1.0,32.0,514.0
hasekdo01,1998,1,BUF,NHL,64.0,3817.0,30.0,18.0,14.0,2.0,9.0,119.0,1877.0,19.0,1217.0,13.0,6.0,,2.0,2.0,36.0,587.0
hasekdo01,1999,1,BUF,NHL,35.0,2066.0,15.0,11.0,6.0,2.0,3.0,76.0,937.0,5.0,301.0,1.0,4.0,,2.0,0.0,12.0,147.0
hasekdo01,2000,1,BUF,NHL,67.0,3904.0,37.0,24.0,4.0,2.0,11.0,137.0,1726.0,13.0,833.0,7.0,6.0,,1.0,1.0,29.0,347.0
hasekdo01,2001,1,DET,NHL,65.0,3872.0,41.0,15.0,8.0,2.0,5.0,140.0,1654.0,23.0,1455.0,16.0,7.0,,1.0,6.0,45.0,562.0
hasekdo01,2003,1,DET,NHL,14.0,817.0,8.0,3.0,2.0,1.0,2.0,30.0,324.0,,,,,,,,,
hasekdo01,2005,1,OTT,NHL,43.0,2584.0,28.0,10.0,4.0,1.0,5.0,90.0,1202.0,,,,,,,,,
hasekdo01,2006,1,DET,NHL,56.0,3341.0,38.0,11.0,6.0,2.0,8.0,114.0,1309.0,18.0,1140.0,10.0,8.0,,1.0,2.0,34.0,444.0
hasekdo01,2007,1,DET,NHL,41.0,2350.0,27.0,10.0,3.0,3.0,5.0,84.0,855.0,4.0,206.0,2.0,2.0,,1.0,0.0,10.0,89.0
hausead01,2005,1,LAK,NHL,1.0,51.0,0.0,0.0,0.0,0.0,0.0,6.0,24.0,,,,,,,,,
haywabr01,1982,1,WIN,NHL,24.0,1440.0,10.0,12.0,2.0,0.0,1.0,89.0,786.0,3.0,160.0,0.0,3.0,,0.0,0.0,14.0,
haywabr01,1983,1,WIN,NHL,28.0,1530.0,7.0,18.0,2.0,1.0,0.0,124.0,860.0,,,,,,,,,
haywabr01,1984,1,WIN,NHL,61.0,3436.0,33.0,17.0,7.0,5.0,0.0,218.0,1814.0,6.0,309.0,2.0,4.0,,0.0,0.0,23.0,156.0
haywabr01,1985,1,WIN,NHL,52.0,2721.0,13.0,28.0,5.0,5.0,0.0,217.0,1373.0,2.0,68.0,0.0,1.0,,0.0,0.0,6.0,31.0
haywabr01,1986,1,MTL,NHL,37.0,2178.0,19.0,13.0,4.0,2.0,1.0,102.0,959.0,13.0,708.0,6.0,5.0,,0.0,0.0,32.0,308.0
haywabr01,1987,1,MTL,NHL,39.0,2247.0,22.0,10.0,4.0,1.0,2.0,107.0,1032.0,4.0,230.0,2.0,2.0,,1.0,0.0,9.0,85.0
haywabr01,1988,1,MTL,NHL,36.0,2091.0,20.0,13.0,3.0,2.0,1.0,101.0,894.0,2.0,124.0,1.0,1.0,,0.0,0.0,7.0,54.0
haywabr01,1989,1,MTL,NHL,29.0,1674.0,10.0,12.0,6.0,1.0,1.0,94.0,770.0,1.0,33.0,0.0,0.0,,0.0,0.0,2.0,18.0
haywabr01,1990,1,MNS,NHL,26.0,1473.0,6.0,15.0,3.0,4.0,2.0,77.0,674.0,6.0,171.0,0.0,2.0,,1.0,0.0,11.0,75.0
haywabr01,1991,1,SJS,NHL,7.0,305.0,1.0,4.0,0.0,0.0,0.0,25.0,177.0,,,,,,,,,
haywabr01,1992,1,SJS,NHL,18.0,930.0,2.0,14.0,1.0,0.0,0.0,86.0,559.0,,,,,,,,,
headdo01,1961,1,BOS,NHL,38.0,2280.0,9.0,26.0,3.0,,2.0,161.0,,,,,,,,,,
healygl01,1985,1,LAK,NHL,1.0,51.0,0.0,0.0,0.0,0.0,0.0,6.0,35.0,,,,,,,,,
healygl01,1987,1,LAK,NHL,34.0,1869.0,12.0,18.0,1.0,4.0,1.0,135.0,1005.0,4.0,240.0,1.0,3.0,,1.0,0.0,20.0,128.0
healygl01,1988,1,LAK,NHL,48.0,2699.0,25.0,19.0,2.0,7.0,0.0,192.0,1509.0,3.0,97.0,0.0,1.0,,0.0,0.0,6.0,59.0
healygl01,1989,1,NYI,NHL,39.0,2197.0,12.0,19.0,6.0,6.0,2.0,128.0,1210.0,4.0,166.0,1.0,2.0,,0.0,0.0,9.0,79.0
healygl01,1990,1,NYI,NHL,53.0,2999.0,18.0,24.0,9.0,4.0,0.0,166.0,1557.0,,,,,,,,,
healygl01,1991,1,NYI,NHL,37.0,1960.0,14.0,16.0,4.0,4.0,1.0,124.0,1045.0,,,,,,,,,
healygl01,1992,1,NYI,NHL,47.0,2655.0,22.0,20.0,2.0,6.0,1.0,146.0,1316.0,18.0,1109.0,9.0,8.0,,1.0,0.0,59.0,524.0
healygl01,1993,1,NYR,NHL,29.0,1368.0,10.0,12.0,2.0,2.0,2.0,69.0,567.0,2.0,68.0,0.0,0.0,,0.0,0.0,1.0,17.0
healygl01,1994,1,NYR,NHL,17.0,888.0,8.0,6.0,1.0,0.0,1.0,35.0,377.0,5.0,230.0,2.0,1.0,,0.0,0.0,13.0,93.0
healygl01,1995,1,NYR,NHL,44.0,2564.0,17.0,14.0,11.0,3.0,2.0,124.0,1237.0,,,,,,,,,
healygl01,1996,1,NYR,NHL,23.0,1357.0,5.0,12.0,4.0,2.0,1.0,59.0,632.0,,,,,,,,,
healygl01,1997,1,TOR,NHL,21.0,1068.0,4.0,10.0,2.0,4.0,0.0,53.0,453.0,,,,,,,,,
healygl01,1998,1,TOR,NHL,9.0,546.0,6.0,3.0,0.0,1.0,0.0,27.0,257.0,1.0,20.0,0.0,0.0,,0.0,0.0,0.0,5.0
healygl01,1999,1,TOR,NHL,20.0,1164.0,9.0,10.0,0.0,1.0,2.0,59.0,527.0,,,,,,,,,
healygl01,2000,1,TOR,NHL,15.0,871.0,4.0,7.0,3.0,1.0,0.0,38.0,331.0,,,,,,,,,
hebencl01,1975,1,PHR,WHA,2.0,80.0,0.0,1.0,0.0,0.0,0.0,9.0,48.0,,,,,,,,,
hebencl01,1976,1,PHR,WHA,56.0,3129.0,17.0,29.0,3.0,1.0,0.0,220.0,1761.0,,,,,,,,,
hebergu01,1991,1,STL,NHL,13.0,738.0,5.0,5.0,1.0,0.0,0.0,36.0,393.0,,,,,,,,,
hebergu01,1992,1,STL,NHL,24.0,1210.0,8.0,8.0,2.0,1.0,1.0,74.0,630.0,1.0,2.0,0.0,0.0,,0.0,0.0,0.0,1.0
hebergu01,1993,1,ANA,NHL,52.0,2991.0,20.0,27.0,3.0,5.0,2.0,141.0,1513.0,,,,,,,,,
hebergu01,1994,1,ANA,NHL,39.0,2092.0,12.0,20.0,4.0,4.0,2.0,109.0,1132.0,,,,,,,,,
hebergu01,1995,1,ANA,NHL,59.0,3326.0,28.0,23.0,5.0,3.0,4.0,157.0,1820.0,,,,,,,,,
hebergu01,1996,1,ANA,NHL,67.0,3863.0,29.0,25.0,12.0,2.0,4.0,172.0,2133.0,9.0,534.0,4.0,4.0,,1.0,1.0,18.0,255.0
hebergu01,1997,1,ANA,NHL,46.0,2660.0,13.0,24.0,6.0,4.0,3.0,130.0,1339.0,,,,,,,,,
hebergu01,1998,1,ANA,NHL,69.0,4083.0,31.0,29.0,9.0,3.0,6.0,165.0,2114.0,4.0,208.0,0.0,3.0,,0.0,0.0,15.0,124.0
hebergu01,1999,1,ANA,NHL,68.0,3976.0,28.0,31.0,9.0,8.0,4.0,166.0,1805.0,,,,,,,,,
hebergu01,2000,1,ANA,NHL,41.0,2215.0,12.0,23.0,4.0,0.0,2.0,115.0,1112.0,,,,,,,,,
hebergu01,2000,2,NYR,NHL,13.0,735.0,5.0,7.0,1.0,2.0,0.0,42.0,409.0,,,,,,,,,
hebersa01,1913,1,TOO,NHA,19.0,1160.0,4.0,15.0,0.0,,0.0,108.0,,,,,,,,,,
hebersa01,1914,1,OT1,NHA,2.0,23.0,0.0,0.0,0.0,,0.0,1.0,,,,,,,,,,
hebersa01,1916,1,OT1,NHA,1.0,60.0,0.0,1.0,0.0,,0.0,8.0,,,,,,,,,,
hebersa01,1916,2,QU1,NHA,13.0,780.0,8.0,5.0,0.0,,0.0,92.0,,,,,,,,,,
hebersa01,1917,1,TOA,NHL,2.0,80.0,1.0,0.0,0.0,,0.0,10.0,,,,,,,,,,
hebersa01,1917,2,OTS,NHL,1.0,10.0,0.0,0.0,0.0,,0.0,0.0,,,,,,,,,,
hebersa01,1921,1,SMJ,WCHL,23.0,1380.0,5.0,18.0,0.0,,0.0,131.0,,,,,,,,,,
hebersa01,1922,1,SAC,WCHL,18.0,1218.0,4.0,12.0,2.0,,0.0,79.0,,,,,,,,,,
hebersa01,1923,1,OTS,NHL,2.0,120.0,1.0,1.0,0.0,,0.0,9.0,,,,,,,,,,
hedbejo01,2000,1,PIT,NHL,9.0,545.0,7.0,1.0,1.0,0.0,0.0,24.0,253.0,18.0,1123.0,9.0,9.0,,1.0,2.0,43.0,482.0
hedbejo01,2001,1,PIT,NHL,66.0,3877.0,25.0,34.0,7.0,3.0,6.0,178.0,1851.0,,,,,,,,,
hedbejo01,2002,1,PIT,NHL,41.0,2410.0,14.0,22.0,4.0,4.0,1.0,126.0,1197.0,,,,,,,,,
hedbejo01,2003,1,VAN,NHL,21.0,1098.0,8.0,6.0,2.0,0.0,3.0,46.0,459.0,2.0,98.0,1.0,1.0,,1.0,0.0,4.0,51.0
hedbejo01,2005,1,DAL,NHL,19.0,1079.0,12.0,4.0,1.0,1.0,0.0,48.0,472.0,,,,,,,,,
hedbejo01,2006,1,ATL,NHL,21.0,1057.0,9.0,4.0,2.0,2.0,0.0,51.0,500.0,2.0,117.0,0.0,2.0,,1.0,0.0,5.0,69.0
hedbejo01,2007,1,ATL,NHL,36.0,1927.0,14.0,15.0,3.0,3.0,1.0,111.0,1026.0,,,,,,,,,
hedbejo01,2008,1,ATL,NHL,33.0,1717.0,13.0,12.0,3.0,3.0,0.0,100.0,875.0,,,,,,,,,
hedbejo01,2009,1,ATL,NHL,47.0,2632.0,21.0,16.0,6.0,4.0,3.0,115.0,1355.0,,,,,,,,,
heinzri01,1980,1,STL,NHL,4.0,220.0,2.0,1.0,1.0,0.0,0.0,8.0,,,,,,,,,,
heinzri01,1981,1,STL,NHL,9.0,433.0,2.0,5.0,0.0,2.0,0.0,35.0,,,,,,,,,,
heinzri01,1981,2,VAN,NHL,3.0,180.0,2.0,1.0,0.0,0.0,1.0,9.0,,,,,,,,,,
heinzri01,1982,1,STL,NHL,9.0,335.0,1.0,5.0,1.0,1.0,1.0,24.0,161.0,,,,,,,,,
heinzri01,1983,1,STL,NHL,22.0,1118.0,7.0,7.0,3.0,1.0,0.0,80.0,539.0,1.0,8.0,0.0,0.0,,0.0,0.0,1.0,2.0
heinzri01,1984,1,STL,NHL,2.0,70.0,0.0,0.0,0.0,0.0,0.0,3.0,26.0,,,,,,,,,
helenri01,2008,1,TBL,NHL,1.0,7.0,0.0,0.0,0.0,0.0,0.0,0.0,2.0,,,,,,,,,
hendejo01,1954,1,BOS,NHL,45.0,2628.0,15.0,14.0,15.0,,5.0,109.0,,2.0,120.0,0.0,2.0,,,0.0,8.0,
hendejo01,1955,1,BOS,NHL,1.0,60.0,0.0,1.0,0.0,,0.0,4.0,,,,,,,,,,
henrygo01,1948,1,BOS,NHL,1.0,60.0,1.0,0.0,0.0,,1.0,0.0,,,,,,,,,,
henrygo01,1949,1,BOS,NHL,2.0,120.0,0.0,2.0,0.0,,0.0,5.0,,,,,,,,,,
henrygo01,1950,1,BOS,NHL,,,,,,,,,,2.0,120.0,0.0,2.0,,,0.0,10.0,
henrygo01,1952,1,BOS,NHL,,,,,,,,,,3.0,163.0,0.0,2.0,,,0.0,11.0,
henryji01,1941,1,NYR,NHL,48.0,2960.0,29.0,17.0,2.0,,1.0,143.0,,6.0,360.0,2.0,4.0,,,1.0,13.0,
henryji01,1945,1,NYR,NHL,11.0,623.0,1.0,7.0,2.0,,1.0,42.0,,,,,,,,,,
henryji01,1946,1,NYR,NHL,2.0,120.0,0.0,2.0,0.0,,0.0,9.0,,,,,,,,,,
henryji01,1947,1,NYR,NHL,48.0,2880.0,17.0,18.0,13.0,,2.0,153.0,,,,,,,,,,
henryji01,1948,1,CHI,NHL,60.0,3600.0,21.0,31.0,8.0,,0.0,211.0,,,,,,,,,,
henryji01,1951,1,BOS,NHL,70.0,4200.0,25.0,29.0,16.0,,7.0,176.0,,7.0,448.0,3.0,4.0,,,1.0,18.0,
henryji01,1952,1,BOS,NHL,70.0,4200.0,28.0,29.0,13.0,,8.0,172.0,,9.0,511.0,5.0,4.0,,,0.0,26.0,
henryji01,1953,1,BOS,NHL,70.0,4200.0,32.0,28.0,10.0,,8.0,181.0,,4.0,240.0,0.0,4.0,,,0.0,16.0,
henryji01,1954,1,BOS,NHL,27.0,1572.0,8.0,12.0,6.0,,1.0,79.0,,3.0,183.0,1.0,2.0,,,0.0,8.0,
hernri01,1909,1,MOW,NHA,12.0,720.0,11.0,1.0,0.0,,1.0,41.0,,,,,,,,,,
hernri01,1910,1,MOW,NHA,16.0,973.0,7.0,9.0,0.0,,0.0,88.0,,,,,,,,,,
herrode01,1972,1,PIT,NHL,18.0,967.0,6.0,7.0,2.0,0.0,2.0,55.0,,,,,,,,,,
herrode01,1973,1,PIT,NHL,5.0,260.0,1.0,3.0,0.0,0.0,0.0,18.0,,,,,,,,,,
herrode01,1974,1,PIT,NHL,3.0,108.0,1.0,1.0,0.0,0.0,0.0,11.0,,,,,,,,,,
herrode01,1974,2,KCS,NHL,22.0,1280.0,4.0,13.0,4.0,1.0,0.0,80.0,,,,,,,,,,
herrode01,1975,1,KCS,NHL,64.0,3620.0,11.0,39.0,11.0,6.0,0.0,243.0,,,,,,,,,,
herrode01,1976,1,PIT,NHL,34.0,1920.0,15.0,11.0,5.0,2.0,1.0,94.0,,3.0,180.0,1.0,2.0,,2.0,0.0,11.0,
herrode01,1977,1,PIT,NHL,60.0,3534.0,20.0,25.0,15.0,4.0,0.0,210.0,,,,,,,,,,
herrode01,1978,1,PIT,NHL,56.0,3208.0,22.0,19.0,12.0,3.0,0.0,180.0,,7.0,421.0,2.0,5.0,,1.0,0.0,24.0,
herrode01,1979,1,MTL,NHL,34.0,1909.0,25.0,3.0,3.0,1.0,0.0,80.0,,5.0,300.0,2.0,3.0,,0.0,0.0,15.0,
herrode01,1980,1,MTL,NHL,25.0,1147.0,6.0,9.0,6.0,2.0,1.0,67.0,,,,,,,,,,
herrode01,1981,1,MTL,NHL,27.0,1547.0,12.0,6.0,8.0,0.0,3.0,68.0,,,,,,,,,,
herrode01,1982,1,PIT,NHL,31.0,1707.0,5.0,18.0,5.0,1.0,1.0,151.0,931.0,,,,,,,,,
herrode01,1983,1,PIT,NHL,38.0,2028.0,8.0,24.0,2.0,7.0,1.0,138.0,1200.0,,,,,,,,,
herrode01,1984,1,PIT,NHL,42.0,2193.0,10.0,22.0,3.0,2.0,1.0,170.0,1362.0,,,,,,,,,
herrode01,1985,1,PIT,NHL,3.0,180.0,0.0,3.0,0.0,2.0,0.0,14.0,92.0,,,,,,,,,
hextaro01,1986,1,PHI,NHL,66.0,3799.0,37.0,21.0,6.0,4.0,1.0,190.0,1933.0,26.0,1540.0,15.0,11.0,,1.0,2.0,71.0,769.0
hextaro01,1987,1,PHI,NHL,62.0,3560.0,30.0,22.0,7.0,1.0,0.0,208.0,1817.0,7.0,379.0,2.0,4.0,,0.0,0.0,30.0,196.0
hextaro01,1988,1,PHI,NHL,64.0,3756.0,30.0,28.0,6.0,5.0,0.0,202.0,1860.0,15.0,886.0,8.0,7.0,,0.0,0.0,49.0,445.0
hextaro01,1989,1,PHI,NHL,8.0,419.0,4.0,2.0,1.0,0.0,0.0,29.0,219.0,,,,,,,,,
hextaro01,1990,1,PHI,NHL,36.0,2035.0,13.0,16.0,5.0,4.0,0.0,106.0,982.0,,,,,,,,,
hextaro01,1991,1,PHI,NHL,45.0,2668.0,16.0,21.0,6.0,6.0,3.0,151.0,1294.0,,,,,,,,,
hextaro01,1992,1,QUE,NHL,54.0,2988.0,29.0,16.0,5.0,3.0,0.0,172.0,1529.0,6.0,372.0,2.0,4.0,,0.0,0.0,18.0,211.0
hextaro01,1993,1,NYI,NHL,65.0,3581.0,27.0,26.0,6.0,3.0,5.0,184.0,1801.0,3.0,158.0,0.0,3.0,,0.0,0.0,16.0,80.0
hextaro01,1994,1,PHI,NHL,31.0,1824.0,17.0,9.0,4.0,1.0,1.0,88.0,801.0,15.0,897.0,10.0,5.0,,1.0,0.0,42.0,437.0
hextaro01,1995,1,PHI,NHL,53.0,3102.0,31.0,13.0,7.0,2.0,4.0,112.0,1292.0,12.0,760.0,6.0,6.0,,1.0,0.0,27.0,319.0
hextaro01,1996,1,PHI,NHL,55.0,3094.0,31.0,16.0,5.0,4.0,5.0,132.0,1285.0,8.0,444.0,4.0,3.0,,0.0,0.0,22.0,203.0
hextaro01,1997,1,PHI,NHL,46.0,2688.0,21.0,17.0,7.0,2.0,4.0,97.0,1089.0,1.0,20.0,0.0,0.0,,0.0,0.0,1.0,8.0
hextaro01,1998,1,PHI,NHL,23.0,1235.0,10.0,7.0,4.0,0.0,0.0,52.0,464.0,,,,,,,,,
highthe01,1943,1,CHI,NHL,24.0,1440.0,10.0,14.0,0.0,,0.0,108.0,,,,,,,,,,
hillejo01,2007,1,AND,NHL,23.0,1223.0,10.0,7.0,1.0,0.0,0.0,42.0,578.0,,,,,,,,,
hillejo01,2008,1,AND,NHL,46.0,2486.0,23.0,15.0,1.0,6.0,4.0,99.0,1217.0,13.0,807.0,7.0,6.0,,1.0,2.0,30.0,524.0
hillejo01,2009,1,AND,NHL,59.0,3338.0,30.0,23.0,4.0,6.0,2.0,152.0,1860.0,,,,,,,,,
himesno01,1927,1,NYA,NHL,1.0,19.0,0.0,0.0,0.0,,0.0,0.0,,,,,,,,,,
himesno01,1928,1,NYA,NHL,1.0,60.0,0.0,1.0,0.0,,0.0,3.0,,,,,,,,,,
hirscco01,1992,1,NYR,NHL,4.0,224.0,1.0,2.0,1.0,1.0,0.0,14.0,116.0,,,,,,,,,
hirscco01,1995,1,VAN,NHL,41.0,2338.0,17.0,14.0,6.0,4.0,1.0,114.0,1173.0,6.0,338.0,2.0,3.0,,0.0,0.0,21.0,166.0
hirscco01,1996,1,VAN,NHL,39.0,2127.0,12.0,20.0,4.0,2.0,2.0,116.0,1090.0,,,,,,,,,
hirscco01,1997,1,VAN,NHL,1.0,50.0,0.0,0.0,0.0,0.0,0.0,5.0,34.0,,,,,,,,,
hirscco01,1998,1,VAN,NHL,20.0,919.0,3.0,8.0,3.0,0.0,1.0,48.0,435.0,,,,,,,,,
hirscco01,2000,1,WAS,NHL,1.0,20.0,1.0,0.0,0.0,0.0,0.0,0.0,8.0,,,,,,,,,
hirscco01,2002,1,DAL,NHL,2.0,97.0,0.0,1.0,0.0,0.0,0.0,4.0,39.0,,,,,,,,,
hnilimi01,1999,1,NYR,NHL,2.0,86.0,0.0,1.0,0.0,1.0,0.0,5.0,44.0,,,,,,,,,
hnilimi01,2000,1,ATL,NHL,36.0,1879.0,12.0,19.0,2.0,1.0,2.0,105.0,951.0,,,,,,,,,
hnilimi01,2001,1,ATL,NHL,60.0,3367.0,13.0,33.0,10.0,9.0,3.0,179.0,1956.0,,,,,,,,,
hnilimi01,2002,1,ATL,NHL,21.0,1097.0,4.0,13.0,1.0,0.0,0.0,65.0,605.0,,,,,,,,,
hnilimi01,2003,1,LAK,NHL,2.0,80.0,0.0,1.0,0.0,0.0,0.0,5.0,42.0,,,,,,,,,
hodgech01,1954,1,MTL,NHL,14.0,840.0,6.0,4.0,4.0,,1.0,31.0,,4.0,83.0,1.0,1.0,,,0.0,6.0,
hodgech01,1957,1,MTL,NHL,12.0,720.0,8.0,2.0,2.0,,1.0,31.0,,,,,,,,,,
hodgech01,1958,1,MTL,NHL,2.0,120.0,1.0,1.0,0.0,,0.0,6.0,,,,,,,,,,
hodgech01,1959,1,MTL,NHL,1.0,60.0,0.0,1.0,0.0,,0.0,3.0,,,,,,,,,,
hodgech01,1960,1,MTL,NHL,30.0,1800.0,18.0,8.0,4.0,,4.0,76.0,,,,,,,,,,
hodgech01,1963,1,MTL,NHL,62.0,3720.0,33.0,18.0,11.0,1.0,8.0,140.0,,7.0,420.0,3.0,4.0,,1.0,1.0,16.0,
hodgech01,1964,1,MTL,NHL,53.0,3120.0,26.0,16.0,10.0,0.0,3.0,135.0,,5.0,300.0,3.0,2.0,,0.0,1.0,10.0,
hodgech01,1965,1,MTL,NHL,26.0,1301.0,12.0,7.0,2.0,0.0,1.0,56.0,,,,,,,,,,
hodgech01,1966,1,MTL,NHL,37.0,2055.0,11.0,15.0,7.0,0.0,3.0,88.0,,,,,,,,,,
hodgech01,1967,1,OAK,NHL,58.0,3311.0,13.0,29.0,13.0,0.0,3.0,158.0,,,,,,,,,,
hodgech01,1968,1,OAK,NHL,14.0,781.0,4.0,6.0,1.0,0.0,0.0,48.0,,,,,,,,,,
hodgech01,1969,1,OAK,NHL,14.0,738.0,3.0,5.0,2.0,0.0,0.0,43.0,,,,,,,,,,
hodgech01,1970,1,VAN,NHL,35.0,1967.0,15.0,13.0,5.0,0.0,0.0,112.0,,,,,,,,,,
hodsoke01,1995,1,DET,NHL,4.0,163.0,2.0,0.0,0.0,0.0,1.0,3.0,67.0,,,,,,,,,
hodsoke01,1996,1,DET,NHL,6.0,294.0,2.0,2.0,1.0,0.0,1.0,8.0,114.0,,,,,,,,,
hodsoke01,1997,1,DET,NHL,21.0,988.0,9.0,3.0,3.0,1.0,2.0,44.0,444.0,1.0,0.0,0.0,0.0,,0.0,0.0,0.0,0.0
hodsoke01,1998,1,DET,NHL,4.0,175.0,0.0,2.0,0.0,0.0,0.0,9.0,79.0,,,,,,,,,
hodsoke01,1998,2,TBL,NHL,5.0,238.0,2.0,1.0,1.0,0.0,0.0,11.0,118.0,,,,,,,,,
hodsoke01,1999,1,TBL,NHL,24.0,769.0,2.0,7.0,4.0,3.0,0.0,47.0,327.0,,,,,,,,,
hodsoke01,2002,1,TBL,NHL,7.0,283.0,0.0,3.0,1.0,1.0,0.0,12.0,101.0,,,,,,,,,
hoffobr01,1989,1,PHI,NHL,7.0,329.0,3.0,0.0,2.0,0.0,0.0,19.0,159.0,,,,,,,,,
hoffobr01,1990,1,PHI,NHL,2.0,39.0,1.0,0.0,1.0,0.0,0.0,3.0,20.0,,,,,,,,,
hoganpa01,1970,1,PIT,NHL,2.0,57.0,0.0,1.0,0.0,0.0,0.0,7.0,,,,,,,,,,
hoganpa01,1973,1,LAS,WHA,27.0,1308.0,6.0,16.0,0.0,2.0,0.0,102.0,711.0,,,,,,,,,
hoganpa01,1974,1,MIB,WHA,32.0,1776.0,9.0,19.0,2.0,1.0,2.0,121.0,1009.0,,,,,,,,,
hoganpa01,1975,1,NEW,WHA,4.0,224.0,1.0,2.0,0.0,0.0,0.0,16.0,108.0,,,,,,,,,
hoganpa01,1975,2,CIN,WHA,45.0,2392.0,19.0,24.0,0.0,3.0,2.0,145.0,1270.0,,,,,,,,,
hoganpa01,1976,1,CIN,WHA,17.0,823.0,5.0,6.0,1.0,0.0,1.0,64.0,401.0,,,,,,,,,
hoganpa01,1976,2,IND,WHA,11.0,395.0,3.0,2.0,0.0,0.0,0.0,24.0,199.0,5.0,348.0,3.0,2.0,,0.0,1.0,17.0,179.0
hoganpa01,1977,1,CIN,WHA,7.0,326.0,1.0,2.0,1.0,0.0,0.0,24.0,153.0,,,,,,,,,
hogosgo01,1977,1,NYI,NHL,1.0,9.0,0.0,0.0,0.0,0.0,0.0,0.0,,,,,,,,,,
hogosgo01,1979,1,QUE,NHL,21.0,1199.0,5.0,12.0,3.0,3.0,1.0,83.0,,,,,,,,,,
holdebi01,1973,1,TOT,WHA,1.0,10.0,0.0,0.0,0.0,0.0,0.0,0.0,7.0,,,,,,,,,
holdebi01,1973,2,WIJ,WHA,1.0,60.0,0.0,1.0,0.0,0.0,0.0,4.0,28.0,,,,,,,,,
holdema01,1981,1,MTL,NHL,1.0,20.0,0.0,0.0,0.0,0.0,0.0,0.0,,,,,,,,,,
holdema01,1982,1,MTL,NHL,2.0,87.0,0.0,1.0,1.0,0.0,0.0,6.0,42.0,,,,,,,,,
holdema01,1983,1,MTL,NHL,1.0,52.0,0.0,1.0,0.0,0.0,0.0,4.0,17.0,,,,,,,,,
holdema01,1984,1,WIN,NHL,4.0,213.0,2.0,0.0,0.0,0.0,0.0,15.0,104.0,,,,,,,,,
hollake01,1980,1,HAR,NHL,1.0,60.0,0.0,1.0,0.0,0.0,0.0,7.0,,,,,,,,,,
hollake01,1983,1,DET,NHL,3.0,146.0,0.0,1.0,1.0,2.0,0.0,10.0,53.0,,,,,,,,,
hollaro01,1979,1,PIT,NHL,34.0,1974.0,10.0,17.0,6.0,4.0,1.0,126.0,,,,,,,,,,
hollaro01,1980,1,PIT,NHL,10.0,539.0,1.0,5.0,3.0,0.0,0.0,45.0,,,,,,,,,,
holmeha01,1912,1,TBS,NHA,15.0,779.0,6.0,7.0,0.0,,1.0,58.0,,,,,,,,,,
holmeha01,1913,1,TBS,NHA,20.0,1204.0,13.0,7.0,0.0,,1.0,65.0,,2.0,120.0,1.0,1.0,0.0,,1.0,2.0,
holmeha01,1914,1,TBS,NHA,20.0,1218.0,8.0,12.0,0.0,,0.0,84.0,,,,,,,,,,
holmeha01,1915,1,TBS,NHA,1.0,60.0,0.0,1.0,0.0,,0.0,6.0,,,,,,,,,,
holmeha01,1915,2,SEA,PCHA,18.0,1080.0,9.0,9.0,0.0,,0.0,67.0,,,,,,,,,,
holmeha01,1916,1,SEA,PCHA,24.0,1465.0,16.0,8.0,0.0,,2.0,80.0,,,,,,,,,,
holmeha01,1917,1,TOA,NHL,16.0,965.0,9.0,7.0,0.0,,0.0,76.0,,2.0,120.0,1.0,1.0,0.0,,0.0,7.0,
holmeha01,1918,1,TOA,NHL,2.0,120.0,0.0,2.0,0.0,,0.0,9.0,,,,,,,,,,
holmeha01,1918,2,SEA,PCHA,20.0,1225.0,11.0,9.0,0.0,,0.0,46.0,,2.0,120.0,1.0,1.0,0.0,,0.0,5.0,
holmeha01,1919,1,SEA,PCHA,22.0,1335.0,12.0,10.0,0.0,,4.0,55.0,,2.0,120.0,1.0,1.0,0.0,,1.0,3.0,
holmeha01,1920,1,SEA,PCHA,24.0,1551.0,12.0,11.0,1.0,,0.0,68.0,,2.0,120.0,0.0,2.0,0.0,,0.0,13.0,
holmeha01,1921,1,SEA,PCHA,24.0,1479.0,12.0,11.0,1.0,,4.0,64.0,,2.0,120.0,0.0,2.0,0.0,,0.0,2.0,
holmeha01,1922,1,SEA,PCHA,30.0,1838.0,15.0,15.0,0.0,,3.0,106.0,,,,,,,,,,
holmeha01,1923,1,SEA,PCHA,30.0,1817.0,14.0,16.0,0.0,,2.0,99.0,,2.0,134.0,0.0,1.0,1.0,,0.0,4.0,
holmeha01,1924,1,VIC,WCHL,28.0,1682.0,16.0,12.0,0.0,,3.0,63.0,,4.0,240.0,2.0,0.0,2.0,,1.0,5.0,
holmeha01,1925,1,VIC,WCHL,30.0,1859.0,15.0,11.0,4.0,,4.0,53.0,,4.0,240.0,2.0,0.0,2.0,,1.0,6.0,
holmeha01,1926,1,DTC,NHL,41.0,2685.0,11.0,26.0,4.0,,6.0,100.0,,,,,,,,,,
holmeha01,1927,1,DTC,NHL,44.0,2740.0,19.0,19.0,6.0,,11.0,79.0,,,,,,,,,,
holmqjo01,2000,1,NYR,NHL,2.0,119.0,0.0,2.0,0.0,0.0,0.0,10.0,71.0,,,,,,,,,
holmqjo01,2001,1,NYR,NHL,1.0,9.0,0.0,0.0,0.0,0.0,0.0,0.0,2.0,,,,,,,,,
holmqjo01,2002,1,NYR,NHL,1.0,39.0,0.0,1.0,0.0,0.0,0.0,2.0,18.0,,,,,,,,,
holmqjo01,2006,1,TBL,NHL,48.0,2548.0,27.0,15.0,3.0,4.0,1.0,121.0,1134.0,6.0,370.0,2.0,4.0,,1.0,0.0,18.0,168.0
holmqjo01,2007,1,TBL,NHL,45.0,2469.0,20.0,16.0,6.0,1.0,2.0,124.0,1129.0,,,,,,,,,
holmqjo01,2007,2,DAL,NHL,2.0,80.0,1.0,0.0,0.0,0.0,0.0,5.0,35.0,,,,,,,,,
holmqle01,1975,1,IND,WHA,19.0,1079.0,6.0,9.0,3.0,2.0,0.0,54.0,522.0,,,,,,,,,
holtch01,2005,1,NYR,NHL,1.0,10.0,0.0,0.0,0.0,0.0,0.0,0.0,2.0,,,,,,,,,
holtch01,2008,1,STL,NHL,1.0,19.0,0.0,0.0,0.0,0.0,0.0,0.0,3.0,,,,,,,,,
hornere01,1928,1,TOR,NHL,1.0,2.0,0.0,0.0,0.0,,0.0,0.0,,,,,,,,,,
hornere01,1931,1,TOR,NHL,1.0,1.0,0.0,0.0,0.0,,0.0,1.0,,,,,,,,,,
houlema01,2006,1,PHI,NHL,1.0,2.0,0.0,0.0,0.0,0.0,0.0,1.0,3.0,,,,,,,,,
howarji01,2005,1,DET,NHL,4.0,201.0,1.0,2.0,0.0,0.0,0.0,10.0,104.0,,,,,,,,,
howarji01,2007,1,DET,NHL,4.0,197.0,0.0,2.0,0.0,0.0,0.0,7.0,95.0,,,,,,,,,
howarji01,2008,1,DET,NHL,1.0,59.0,0.0,1.0,0.0,1.0,0.0,4.0,28.0,,,,,,,,,
howarji01,2009,1,DET,NHL,63.0,3740.0,37.0,15.0,10.0,3.0,3.0,141.0,1849.0,12.0,720.0,5.0,7.0,,0.0,1.0,33.0,387.0
hrivnji01,1989,1,WAS,NHL,11.0,609.0,5.0,5.0,0.0,2.0,0.0,36.0,293.0,,,,,,,,,
hrivnji01,1990,1,WAS,NHL,9.0,432.0,4.0,2.0,1.0,0.0,0.0,26.0,226.0,,,,,,,,,
hrivnji01,1991,1,WAS,NHL,12.0,605.0,6.0,3.0,0.0,1.0,0.0,35.0,274.0,,,,,,,,,
hrivnji01,1992,1,WAS,NHL,27.0,1421.0,13.0,9.0,2.0,2.0,0.0,83.0,677.0,,,,,,,,,
hrivnji01,1992,2,WIN,NHL,3.0,180.0,2.0,1.0,0.0,0.0,0.0,13.0,96.0,,,,,,,,,
hrivnji01,1993,1,STL,NHL,23.0,970.0,4.0,10.0,0.0,1.0,0.0,69.0,563.0,,,,,,,,,
hrudeke01,1983,1,NYI,NHL,12.0,535.0,7.0,2.0,0.0,0.0,0.0,28.0,289.0,,,,,,,,,
hrudeke01,1984,1,NYI,NHL,41.0,2335.0,19.0,17.0,3.0,2.0,2.0,141.0,1234.0,5.0,281.0,1.0,3.0,,1.0,0.0,8.0,149.0
hrudeke01,1985,1,NYI,NHL,45.0,2563.0,19.0,15.0,8.0,2.0,1.0,137.0,1455.0,2.0,120.0,0.0,2.0,,0.0,0.0,6.0,59.0
hrudeke01,1986,1,NYI,NHL,46.0,2634.0,21.0,15.0,7.0,1.0,0.0,145.0,1219.0,14.0,842.0,7.0,7.0,,2.0,0.0,38.0,464.0
hrudeke01,1987,1,NYI,NHL,47.0,2751.0,22.0,17.0,5.0,0.0,3.0,153.0,1467.0,6.0,381.0,2.0,4.0,,0.0,0.0,23.0,154.0
hrudeke01,1988,1,NYI,NHL,50.0,2800.0,18.0,24.0,3.0,6.0,0.0,183.0,1457.0,,,,,,,,,
hrudeke01,1988,2,LAK,NHL,16.0,974.0,10.0,4.0,2.0,1.0,1.0,47.0,49.0,10.0,566.0,4.0,6.0,,1.0,0.0,35.0,293.0
hrudeke01,1989,1,LAK,NHL,52.0,2860.0,22.0,21.0,6.0,7.0,2.0,194.0,1532.0,9.0,539.0,4.0,4.0,,1.0,0.0,39.0,265.0
hrudeke01,1990,1,LAK,NHL,47.0,2730.0,26.0,13.0,6.0,4.0,3.0,132.0,1321.0,12.0,798.0,6.0,6.0,,0.0,0.0,37.0,382.0
hrudeke01,1991,1,LAK,NHL,60.0,3509.0,26.0,17.0,13.0,4.0,1.0,197.0,1916.0,6.0,355.0,2.0,4.0,,1.0,0.0,22.0,179.0
hrudeke01,1992,1,LAK,NHL,50.0,2718.0,18.0,21.0,6.0,4.0,2.0,175.0,1552.0,20.0,1261.0,10.0,10.0,,1.0,0.0,74.0,656.0
hrudeke01,1993,1,LAK,NHL,64.0,3713.0,22.0,31.0,7.0,9.0,1.0,228.0,2219.0,,,,,,,,,
hrudeke01,1994,1,LAK,NHL,35.0,1894.0,14.0,13.0,5.0,3.0,0.0,99.0,1099.0,,,,,,,,,
hrudeke01,1995,1,LAK,NHL,36.0,2077.0,7.0,15.0,10.0,2.0,0.0,113.0,1214.0,,,,,,,,,
hrudeke01,1996,1,SJS,NHL,48.0,2631.0,16.0,24.0,5.0,4.0,0.0,140.0,1263.0,,,,,,,,,
hrudeke01,1997,1,SJS,NHL,28.0,1360.0,4.0,16.0,2.0,4.0,1.0,62.0,600.0,1.0,20.0,0.0,0.0,,0.0,0.0,1.0,6.0
huetcr01,2002,1,LAK,NHL,12.0,541.0,4.0,4.0,1.0,2.0,1.0,21.0,241.0,,,,,,,,,
huetcr01,2003,1,LAK,NHL,41.0,2199.0,10.0,16.0,10.0,7.0,3.0,89.0,961.0,,,,,,,,,
huetcr01,2005,1,MTL,NHL,36.0,2103.0,18.0,11.0,4.0,1.0,7.0,77.0,1085.0,6.0,386.0,2.0,4.0,,0.0,0.0,15.0,212.0
huetcr01,2006,1,MTL,NHL,42.0,2286.0,19.0,16.0,3.0,1.0,2.0,107.0,1280.0,,,,,,,,,
huetcr01,2007,1,MTL,NHL,39.0,2278.0,21.0,12.0,6.0,4.0,2.0,97.0,1150.0,,,,,,,,,
huetcr01,2007,2,WAS,NHL,13.0,771.0,11.0,2.0,0.0,1.0,2.0,21.0,329.0,7.0,451.0,3.0,4.0,,1.0,0.0,22.0,242.0
huetcr01,2008,1,CHI,NHL,41.0,2351.0,20.0,15.0,4.0,5.0,3.0,99.0,1087.0,3.0,130.0,1.0,2.0,,0.0,0.0,7.0,78.0
huetcr01,2009,1,CHI,NHL,48.0,2731.0,26.0,14.0,4.0,1.0,4.0,114.0,1083.0,1.0,20.0,0.0,0.0,,0.0,0.0,0.0,3.0
hughebi01,1972,1,HOU,WHA,3.0,170.0,0.0,1.0,1.0,1.0,0.0,11.0,88.0,,,,,,,,,
humphed01,1975,1,CAC,WHA,8.0,441.0,2.0,5.0,0.0,2.0,0.0,27.0,255.0,1.0,20.0,0.0,0.0,,0.0,0.0,0.0,
humphed01,1976,1,QUN,WHA,22.0,1240.0,12.0,8.0,1.0,0.0,1.0,74.0,619.0,,,,,,,,,
hurmeja01,1999,1,OTT,NHL,1.0,60.0,1.0,0.0,0.0,0.0,0.0,2.0,19.0,,,,,,,,,
hurmeja01,2000,1,OTT,NHL,22.0,1296.0,12.0,5.0,4.0,4.0,2.0,54.0,563.0,,,,,,,,,
hurmeja01,2001,1,OTT,NHL,25.0,1309.0,12.0,9.0,1.0,2.0,3.0,54.0,578.0,,,,,,,,,
hurmeja01,2002,1,FLO,NHL,28.0,1376.0,4.0,11.0,6.0,0.0,1.0,66.0,707.0,,,,,,,,,
ingpe01,1989,1,TOR,NHL,3.0,182.0,0.0,2.0,1.0,1.0,0.0,18.0,107.0,,,,,,,,,
ingpe01,1990,1,TOR,NHL,56.0,3126.0,16.0,29.0,8.0,3.0,1.0,200.0,1716.0,,,,,,,,,
ingpe01,1991,1,EDM,NHL,12.0,463.0,3.0,4.0,0.0,1.0,0.0,33.0,252.0,,,,,,,,,
ingpe01,1993,1,DET,NHL,3.0,170.0,1.0,2.0,0.0,0.0,0.0,15.0,102.0,,,,,,,,,
innesga01,1973,1,PIT,NHL,20.0,1032.0,7.0,10.0,1.0,1.0,0.0,56.0,,,,,,,,,,
innesga01,1974,1,PIT,NHL,57.0,3122.0,24.0,18.0,10.0,4.0,2.0,161.0,,9.0,540.0,5.0,4.0,,3.0,0.0,24.0,
innesga01,1975,1,PIT,NHL,23.0,1212.0,8.0,9.0,2.0,1.0,0.0,82.0,,,,,,,,,,
innesga01,1975,2,PHI,NHL,2.0,120.0,2.0,0.0,0.0,0.0,0.0,3.0,,,,,,,,,,
innesga01,1976,1,PHI,NHL,6.0,210.0,1.0,0.0,2.0,0.0,0.0,9.0,,,,,,,,,,
innesga01,1977,1,IND,WHA,52.0,2850.0,14.0,30.0,4.0,6.0,0.0,200.0,1543.0,,,,,,,,,
innesga01,1978,1,IND,WHA,10.0,609.0,3.0,6.0,1.0,1.0,0.0,51.0,369.0,,,,,,,,,
innesga01,1978,2,WAS,NHL,37.0,2107.0,14.0,14.0,8.0,2.0,0.0,130.0,,,,,,,,,,
innesga01,1979,1,WAS,NHL,14.0,727.0,2.0,9.0,2.0,3.0,0.0,44.0,,,,,,,,,,
innesga01,1980,1,WAS,NHL,3.0,180.0,0.0,1.0,2.0,1.0,0.0,9.0,,,,,,,,,,
irbear01,1991,1,SJS,NHL,13.0,645.0,2.0,6.0,3.0,1.0,0.0,48.0,365.0,,,,,,,,,
irbear01,1992,1,SJS,NHL,36.0,2074.0,7.0,26.0,0.0,3.0,1.0,142.0,1250.0,,,,,,,,,
irbear01,1993,1,SJS,NHL,74.0,4412.0,30.0,28.0,16.0,4.0,3.0,209.0,2064.0,14.0,806.0,7.0,7.0,,0.0,0.0,50.0,399.0
irbear01,1994,1,SJS,NHL,38.0,2043.0,14.0,19.0,3.0,4.0,4.0,111.0,1056.0,6.0,316.0,2.0,4.0,,1.0,0.0,27.0,184.0
irbear01,1995,1,SJS,NHL,22.0,1112.0,4.0,12.0,4.0,0.0,0.0,85.0,607.0,,,,,,,,,
irbear01,1996,1,DAL,NHL,35.0,1965.0,17.0,12.0,3.0,3.0,3.0,88.0,825.0,1.0,13.0,0.0,0.0,,0.0,0.0,0.0,4.0
irbear01,1997,1,VAN,NHL,41.0,1999.0,14.0,11.0,6.0,3.0,2.0,91.0,982.0,,,,,,,,,
irbear01,1998,1,CAR,NHL,62.0,3643.0,27.0,20.0,12.0,3.0,6.0,135.0,1753.0,6.0,408.0,2.0,4.0,,1.0,0.0,15.0,181.0
irbear01,1999,1,CAR,NHL,75.0,4345.0,34.0,28.0,9.0,8.0,5.0,175.0,1858.0,,,,,,,,,
irbear01,2000,1,CAR,NHL,77.0,4406.0,37.0,29.0,9.0,7.0,6.0,180.0,1947.0,6.0,360.0,2.0,4.0,,0.0,0.0,20.0,201.0
irbear01,2001,1,CAR,NHL,51.0,2974.0,20.0,19.0,11.0,3.0,3.0,126.0,1282.0,18.0,1078.0,10.0,8.0,,1.0,1.0,30.0,480.0
irbear01,2002,1,CAR,NHL,34.0,1884.0,7.0,24.0,2.0,5.0,0.0,100.0,816.0,,,,,,,,,
irbear01,2003,1,CAR,NHL,10.0,564.0,5.0,2.0,1.0,2.0,0.0,23.0,228.0,,,,,,,,,
irelara01,1978,1,BUF,NHL,2.0,30.0,0.0,0.0,0.0,0.0,0.0,3.0,,,,,,,,,,
ironsjo01,1925,1,NYA,NHL,1.0,40.0,0.0,0.0,0.0,,0.0,3.0,,,,,,,,,,
ironsjo01,1927,1,TOR,NHL,1.0,70.0,0.0,0.0,1.0,,1.0,0.0,,,,,,,,,,
ironsro01,1968,1,STL,NHL,1.0,3.0,0.0,0.0,0.0,0.0,0.0,0.0,,,,,,,,,,
jablopa01,1989,1,STL,NHL,4.0,208.0,0.0,3.0,0.0,0.0,0.0,17.0,98.0,,,,,,,,,
jablopa01,1990,1,STL,NHL,8.0,492.0,2.0,3.0,3.0,1.0,0.0,25.0,228.0,3.0,90.0,0.0,0.0,,0.0,0.0,5.0,35.0
jablopa01,1991,1,STL,NHL,10.0,468.0,3.0,6.0,0.0,1.0,0.0,38.0,259.0,,,,,,,,,
jablopa01,1992,1,TBL,NHL,43.0,2268.0,8.0,24.0,4.0,2.0,1.0,150.0,1194.0,,,,,,,,,
jablopa01,1993,1,TBL,NHL,15.0,834.0,5.0,6.0,3.0,0.0,0.0,54.0,374.0,,,,,,,,,
jablopa01,1995,1,STL,NHL,1.0,8.0,0.0,0.0,0.0,0.0,0.0,1.0,5.0,,,,,,,,,
jablopa01,1995,2,MTL,NHL,23.0,1264.0,5.0,9.0,6.0,4.0,0.0,62.0,676.0,1.0,49.0,0.0,0.0,,0.0,0.0,1.0,17.0
jablopa01,1996,1,MTL,NHL,17.0,754.0,4.0,6.0,2.0,0.0,0.0,50.0,438.0,,,,,,,,,
jablopa01,1996,2,PHO,NHL,2.0,59.0,0.0,1.0,0.0,1.0,0.0,2.0,24.0,,,,,,,,,
jablopa01,1997,1,CAR,NHL,5.0,279.0,1.0,4.0,0.0,1.0,0.0,14.0,115.0,,,,,,,,,
jacksdo01,1947,1,CHI,NHL,6.0,360.0,2.0,3.0,1.0,,0.0,42.0,,,,,,,,,,
jackspe01,1931,1,BOS,NHL,4.0,232.0,1.0,1.0,1.0,,0.0,8.0,,,,,,,,,,
jackspe01,1933,1,NYA,NHL,1.0,60.0,0.0,1.0,0.0,,0.0,9.0,,,,,,,,,,
jackspe01,1934,1,NYR,NHL,1.0,60.0,0.0,1.0,0.0,,0.0,8.0,,,,,,,,,,
jackspe01,1935,1,BOS,NHL,1.0,40.0,0.0,0.0,0.0,,0.0,1.0,,,,,,,,,,
jakspa01,1994,1,LAK,NHL,1.0,40.0,0.0,0.0,0.0,0.0,0.0,2.0,25.0,,,,,,,,,
janasst01,1979,1,MNS,NHL,1.0,60.0,0.0,0.0,1.0,0.0,0.0,2.0,,,,,,,,,,
janasst01,1981,1,COR,NHL,2.0,100.0,0.0,1.0,0.0,0.0,0.0,13.0,,,,,,,,,,
janecbo01,1983,1,CHI,NHL,8.0,412.0,2.0,3.0,1.0,0.0,0.0,28.0,237.0,,,,,,,,,
janecbo01,1984,1,LAK,NHL,51.0,3002.0,22.0,21.0,8.0,4.0,2.0,183.0,1483.0,3.0,184.0,0.0,3.0,,1.0,0.0,10.0,100.0
janecbo01,1985,1,LAK,NHL,38.0,2083.0,14.0,16.0,4.0,2.0,0.0,162.0,1130.0,,,,,,,,,
janecbo01,1986,1,LAK,NHL,7.0,420.0,4.0,3.0,0.0,0.0,0.0,34.0,222.0,,,,,,,,,
janecbo01,1987,1,LAK,NHL,5.0,303.0,1.0,4.0,0.0,0.0,0.0,23.0,165.0,,,,,,,,,
janecbo01,1988,1,LAK,NHL,1.0,30.0,0.0,0.0,0.0,0.0,0.0,2.0,22.0,,,,,,,,,
jenkiro01,1938,2,NYA,NHL,1.0,30.0,0.0,1.0,0.0,,0.0,7.0,,,,,,,,,,
jenseal01,1980,1,DET,NHL,1.0,60.0,0.0,1.0,0.0,0.0,0.0,7.0,,,,,,,,,,
jenseal01,1981,1,WAS,NHL,26.0,1274.0,8.0,8.0,4.0,0.0,0.0,81.0,,,,,,,,,,
jenseal01,1982,1,WAS,NHL,40.0,2358.0,22.0,12.0,6.0,1.0,1.0,135.0,1140.0,3.0,139.0,1.0,2.0,,0.0,0.0,10.0,
jenseal01,1983,1,WAS,NHL,43.0,2414.0,25.0,13.0,3.0,3.0,4.0,117.0,995.0,6.0,258.0,3.0,1.0,,1.0,0.0,14.0,120.0
jenseal01,1984,1,WAS,NHL,14.0,803.0,10.0,3.0,1.0,1.0,1.0,34.0,295.0,3.0,201.0,1.0,2.0,,1.0,0.0,8.0,86.0
jenseal01,1985,1,WAS,NHL,44.0,2437.0,28.0,9.0,3.0,3.0,2.0,129.0,1168.0,,,,,,,,,
jenseal01,1986,1,WAS,NHL,6.0,328.0,1.0,3.0,1.0,1.0,0.0,27.0,184.0,,,,,,,,,
jenseal01,1986,2,LAK,NHL,5.0,300.0,1.0,4.0,0.0,1.0,0.0,27.0,154.0,,,,,,,,,
jenseda02,1984,1,PHI,NHL,1.0,60.0,0.0,1.0,0.0,0.0,0.0,7.0,30.0,,,,,,,,,
jenseda02,1985,1,PHI,NHL,29.0,1436.0,15.0,9.0,1.0,3.0,2.0,88.0,756.0,,,,,,,,,
johnsbo01,1972,1,STL,NHL,12.0,583.0,6.0,5.0,0.0,0.0,0.0,26.0,,,,,,,,,,
johnsbo01,1974,1,PIT,NHL,12.0,476.0,3.0,4.0,1.0,0.0,0.0,40.0,,,,,,,,,,
johnsbo01,1975,1,DOT,WHA,24.0,1345.0,8.0,14.0,1.0,0.0,0.0,88.0,689.0,,,,,,,,,
johnsbo01,1975,2,CLC,WHA,18.0,1043.0,9.0,8.0,0.0,0.0,1.0,56.0,601.0,2.0,120.0,0.0,2.0,,0.0,0.0,8.0,
johnsbr02,1998,1,STL,NHL,6.0,286.0,3.0,2.0,0.0,0.0,0.0,10.0,127.0,,,,,,,,,
johnsbr02,2000,1,STL,NHL,31.0,1744.0,19.0,9.0,2.0,2.0,4.0,63.0,676.0,2.0,62.0,0.0,1.0,,0.0,0.0,2.0,36.0
johnsbr02,2001,1,STL,NHL,58.0,3491.0,34.0,20.0,4.0,5.0,5.0,127.0,1293.0,10.0,590.0,5.0,5.0,,1.0,3.0,18.0,252.0
johnsbr02,2002,1,STL,NHL,38.0,2042.0,16.0,13.0,5.0,2.0,2.0,84.0,844.0,,,,,,,,,
johnsbr02,2003,1,STL,NHL,10.0,493.0,4.0,3.0,1.0,0.0,1.0,20.0,203.0,,,,,,,,,
johnsbr02,2003,2,PHO,NHL,8.0,486.0,1.0,6.0,1.0,0.0,0.0,21.0,243.0,,,,,,,,,
johnsbr02,2005,1,WAS,NHL,26.0,1413.0,9.0,12.0,1.0,1.0,1.0,81.0,854.0,,,,,,,,,
johnsbr02,2006,1,WAS,NHL,30.0,1644.0,6.0,15.0,7.0,4.0,0.0,99.0,894.0,,,,,,,,,
johnsbr02,2007,1,WAS,NHL,19.0,1032.0,7.0,8.0,2.0,3.0,0.0,46.0,500.0,,,,,,,,,
johnsbr02,2008,1,WAS,NHL,21.0,1131.0,12.0,6.0,2.0,2.0,0.0,53.0,579.0,,,,,,,,,
johnsbr02,2009,1,PIT,NHL,23.0,1108.0,10.0,6.0,1.0,6.0,0.0,51.0,541.0,1.0,31.0,0.0,0.0,,0.0,0.0,1.0,7.0
johnsch02,2009,1,NYR,NHL,5.0,281.0,1.0,2.0,1.0,1.0,0.0,11.0,135.0,,,,,,,,,
johnsed01,1962,1,BOS,NHL,50.0,2913.0,11.0,27.0,11.0,,1.0,196.0,,,,,,,,,,
johnsed01,1963,1,BOS,NHL,70.0,4200.0,18.0,40.0,12.0,1.0,6.0,211.0,,,,,,,,,,
johnsed01,1964,1,BOS,NHL,47.0,2820.0,11.0,32.0,4.0,4.0,3.0,163.0,,,,,,,,,,
johnsed01,1965,1,BOS,NHL,33.0,1744.0,10.0,19.0,2.0,1.0,1.0,108.0,,,,,,,,,,
johnsed01,1966,1,BOS,NHL,34.0,1880.0,8.0,21.0,2.0,1.0,0.0,116.0,,,,,,,,,,
johnsed01,1967,1,BOS,NHL,28.0,1524.0,11.0,8.0,5.0,2.0,0.0,73.0,,,,,,,,,,
johnsed01,1968,1,BOS,NHL,24.0,1440.0,14.0,6.0,4.0,1.0,2.0,74.0,,1.0,65.0,0.0,1.0,,0.0,0.0,4.0,
johnsed01,1969,1,BOS,NHL,37.0,2176.0,16.0,9.0,11.0,0.0,3.0,108.0,,1.0,60.0,0.0,1.0,,0.0,0.0,4.0,
johnsed01,1970,1,BOS,NHL,38.0,2280.0,30.0,6.0,2.0,2.0,4.0,96.0,,1.0,60.0,0.0,1.0,,0.0,0.0,7.0,
johnsed01,1971,1,BOS,NHL,38.0,2260.0,27.0,8.0,3.0,1.0,2.0,102.0,,7.0,420.0,6.0,1.0,,0.0,1.0,13.0,
johnsed01,1972,1,BOS,NHL,45.0,2510.0,24.0,17.0,1.0,3.0,5.0,137.0,,3.0,160.0,1.0,2.0,,0.0,0.0,9.0,
johnsed01,1973,1,TOR,NHL,26.0,1516.0,12.0,9.0,4.0,1.0,1.0,78.0,,1.0,60.0,0.0,1.0,,0.0,0.0,6.0,
johnsed01,1974,1,STL,NHL,30.0,1800.0,12.0,13.0,5.0,0.0,2.0,93.0,,1.0,60.0,0.0,1.0,,0.0,0.0,5.0,
johnsed01,1975,1,STL,NHL,38.0,2152.0,11.0,17.0,9.0,1.0,1.0,130.0,,,,,,,,,,
johnsed01,1976,1,STL,NHL,38.0,2111.0,13.0,16.0,5.0,1.0,1.0,108.0,,3.0,138.0,0.0,2.0,,0.0,0.0,9.0,
johnsed01,1977,1,STL,NHL,12.0,650.0,5.0,6.0,1.0,0.0,0.0,45.0,,,,,,,,,,
johnsed01,1977,2,CHI,NHL,4.0,240.0,1.0,3.0,0.0,0.0,0.0,17.0,,,,,,,,,,
jonesch01,1909,1,COB,NHA,12.0,724.0,4.0,8.0,0.0,,0.0,104.0,,,,,,,,,,
josepcu01,1989,1,STL,NHL,15.0,852.0,9.0,5.0,1.0,0.0,0.0,48.0,435.0,6.0,327.0,4.0,1.0,,1.0,0.0,18.0,167.0
josepcu01,1990,1,STL,NHL,30.0,1710.0,16.0,10.0,2.0,0.0,0.0,89.0,874.0,,,,,,,,,
josepcu01,1991,1,STL,NHL,60.0,3494.0,27.0,20.0,10.0,5.0,2.0,175.0,1953.0,6.0,379.0,2.0,4.0,,0.0,0.0,23.0,217.0
josepcu01,1992,1,STL,NHL,68.0,3890.0,29.0,28.0,9.0,7.0,1.0,196.0,2202.0,11.0,715.0,7.0,4.0,,1.0,2.0,27.0,438.0
josepcu01,1993,1,STL,NHL,71.0,4127.0,36.0,23.0,11.0,0.0,1.0,213.0,2382.0,4.0,246.0,0.0,4.0,,1.0,0.0,15.0,158.0
josepcu01,1994,1,STL,NHL,36.0,1914.0,20.0,10.0,1.0,0.0,1.0,89.0,904.0,7.0,392.0,3.0,3.0,,1.0,0.0,24.0,178.0
josepcu01,1995,1,EDM,NHL,34.0,1936.0,15.0,16.0,2.0,4.0,0.0,111.0,971.0,,,,,,,,,
josepcu01,1996,1,EDM,NHL,72.0,4100.0,32.0,29.0,9.0,3.0,6.0,200.0,2144.0,12.0,767.0,5.0,7.0,,1.0,2.0,36.0,405.0
josepcu01,1997,1,EDM,NHL,71.0,4132.0,29.0,31.0,9.0,6.0,8.0,181.0,1901.0,12.0,716.0,5.0,7.0,,1.0,3.0,23.0,319.0
josepcu01,1998,1,TOR,NHL,67.0,4001.0,35.0,24.0,7.0,4.0,3.0,171.0,1903.0,17.0,1011.0,9.0,8.0,,5.0,1.0,41.0,440.0
josepcu01,1999,1,TOR,NHL,63.0,3801.0,36.0,20.0,7.0,4.0,4.0,158.0,1854.0,12.0,729.0,6.0,6.0,,1.0,1.0,25.0,369.0
josepcu01,2000,1,TOR,NHL,68.0,4100.0,33.0,27.0,8.0,5.0,6.0,163.0,1907.0,11.0,685.0,7.0,4.0,,0.0,3.0,24.0,329.0
josepcu01,2001,1,TOR,NHL,51.0,3065.0,29.0,17.0,5.0,4.0,4.0,114.0,1210.0,20.0,1253.0,10.0,10.0,,1.0,3.0,48.0,557.0
josepcu01,2002,1,DET,NHL,61.0,3566.0,34.0,19.0,6.0,3.0,5.0,148.0,1676.0,4.0,289.0,0.0,4.0,,0.0,0.0,10.0,120.0
josepcu01,2003,1,DET,NHL,31.0,1708.0,16.0,10.0,3.0,2.0,2.0,68.0,744.0,9.0,518.0,4.0,4.0,,0.0,1.0,12.0,197.0
josepcu01,2005,1,PHO,NHL,60.0,3424.0,32.0,21.0,3.0,3.0,4.0,166.0,1690.0,,,,,,,,,
josepcu01,2006,1,PHO,NHL,55.0,2993.0,18.0,31.0,2.0,2.0,4.0,159.0,1481.0,,,,,,,,,
josepcu01,2007,1,CAL,NHL,9.0,400.0,3.0,2.0,0.0,1.0,0.0,17.0,181.0,2.0,79.0,1.0,0.0,,0.0,0.0,1.0,33.0
josepcu01,2008,1,TOR,NHL,21.0,841.0,5.0,9.0,1.0,1.0,0.0,50.0,383.0,,,,,,,,,
junkijo01,1968,1,BOS,NHL,1.0,8.0,0.0,0.0,0.0,0.0,0.0,0.0,,,,,,,,,,
junkijo01,1973,1,NYJ,WHA,53.0,3122.0,21.0,25.0,4.0,3.0,1.0,197.0,1762.0,,,,,,,,,
junkijo01,1974,1,SDM,WHA,16.0,839.0,6.0,7.0,0.0,0.0,1.0,46.0,416.0,,,,,,,,,
kaareja01,1980,1,COR,NHL,5.0,220.0,2.0,2.0,0.0,0.0,0.0,22.0,,,,,,,,,,
kamppha01,1978,1,EDO,WHA,2.0,90.0,0.0,1.0,0.0,0.0,0.0,10.0,48.0,,,,,,,,,
kamppha01,1984,1,NJD,NHL,13.0,645.0,1.0,10.0,1.0,2.0,0.0,54.0,351.0,,,,,,,,,
kapoumi01,1977,1,CZE,WHA,4.0,191.0,0.0,2.0,0.0,0.0,0.0,16.0,106.0,,,,,,,,,
karakmi01,1935,1,CHI,NHL,48.0,2990.0,21.0,19.0,8.0,,9.0,92.0,,2.0,120.0,1.0,1.0,,,0.0,7.0,
karakmi01,1936,1,CHI,NHL,48.0,2980.0,14.0,27.0,7.0,,5.0,131.0,,,,,,,,,,
karakmi01,1937,1,CHI,NHL,48.0,2980.0,14.0,25.0,9.0,,1.0,139.0,,8.0,505.0,6.0,2.0,,,2.0,15.0,
karakmi01,1938,1,CHI,NHL,48.0,2990.0,12.0,28.0,8.0,,5.0,132.0,,,,,,,,,,
karakmi01,1939,1,MTL,NHL,5.0,310.0,0.0,4.0,1.0,,0.0,18.0,,,,,,,,,,
karakmi01,1939,2,CHI,NHL,17.0,1050.0,7.0,9.0,1.0,,0.0,58.0,,,,,,,,,,
karakmi01,1943,1,CHI,NHL,26.0,1560.0,12.0,9.0,5.0,,3.0,79.0,,9.0,549.0,4.0,5.0,,,1.0,24.0,
karakmi01,1944,1,CHI,NHL,48.0,2880.0,12.0,29.0,7.0,,4.0,187.0,,,,,,,,,,
karakmi01,1945,1,CHI,NHL,48.0,2880.0,22.0,19.0,7.0,,1.0,166.0,,4.0,240.0,0.0,4.0,,,0.0,26.0,
keansdo01,1979,1,LAK,NHL,10.0,559.0,3.0,3.0,3.0,3.0,0.0,23.0,,1.0,40.0,0.0,1.0,,0.0,0.0,7.0,
keansdo01,1980,1,LAK,NHL,9.0,454.0,2.0,3.0,1.0,1.0,0.0,37.0,,,,,,,,,,
keansdo01,1981,1,LAK,NHL,31.0,1436.0,8.0,10.0,7.0,5.0,0.0,103.0,,2.0,32.0,0.0,1.0,,0.0,0.0,1.0,
keansdo01,1982,1,LAK,NHL,6.0,304.0,0.0,2.0,2.0,0.0,0.0,24.0,138.0,,,,,,,,,
keansdo01,1983,1,BOS,NHL,33.0,1779.0,19.0,8.0,3.0,2.0,2.0,92.0,791.0,,,,,,,,,
keansdo01,1984,1,BOS,NHL,25.0,1497.0,16.0,6.0,3.0,0.0,1.0,82.0,669.0,4.0,240.0,2.0,2.0,,0.0,0.0,15.0,110.0
keansdo01,1985,1,BOS,NHL,30.0,1757.0,14.0,13.0,3.0,1.0,0.0,107.0,782.0,,,,,,,,,
keansdo01,1986,1,BOS,NHL,36.0,1942.0,18.0,8.0,4.0,1.0,0.0,108.0,909.0,2.0,120.0,0.0,2.0,,0.0,0.0,11.0,58.0
keansdo01,1987,1,BOS,NHL,30.0,1660.0,16.0,11.0,0.0,3.0,1.0,90.0,751.0,,,,,,,,,
keatsdu01,1916,1,TBS,NHA,2.0,10.0,0.0,0.0,0.0,,0.0,5.0,,,,,,,,,,
keenado01,1958,1,BOS,NHL,1.0,60.0,0.0,1.0,0.0,,0.0,4.0,,,,,,,,,,
keetlma01,2007,1,CAL,NHL,1.0,9.0,0.0,0.0,0.0,0.0,0.0,0.0,2.0,,,,,,,,,
kerrda01,1930,1,MTM,NHL,28.0,1769.0,13.0,11.0,4.0,,1.0,70.0,,2.0,120.0,0.0,2.0,0.0,,0.0,8.0,
kerrda01,1931,1,NYA,NHL,1.0,60.0,0.0,1.0,0.0,,0.0,6.0,,,,,,,,,,
kerrda01,1932,1,MTM,NHL,26.0,1520.0,14.0,8.0,3.0,,4.0,58.0,,2.0,120.0,0.0,2.0,0.0,,0.0,5.0,
kerrda01,1933,1,MTM,NHL,48.0,3060.0,19.0,18.0,11.0,,6.0,122.0,,4.0,240.0,1.0,2.0,1.0,,1.0,7.0,
kerrda01,1934,1,NYR,NHL,37.0,2290.0,19.0,12.0,6.0,,4.0,94.0,,4.0,240.0,1.0,1.0,2.0,,0.0,10.0,
kerrda01,1935,1,NYR,NHL,47.0,2980.0,18.0,17.0,12.0,,8.0,95.0,,,,,,,,,,
kerrda01,1936,1,NYR,NHL,48.0,3020.0,19.0,20.0,9.0,,4.0,106.0,,9.0,553.0,6.0,3.0,,,4.0,10.0,
kerrda01,1937,1,NYR,NHL,48.0,2960.0,27.0,15.0,6.0,,8.0,96.0,,3.0,231.0,1.0,2.0,,,0.0,8.0,
kerrda01,1938,1,NYR,NHL,48.0,2970.0,26.0,16.0,6.0,,6.0,105.0,,1.0,119.0,0.0,1.0,,,0.0,2.0,
kerrda01,1939,1,NYR,NHL,48.0,3000.0,27.0,11.0,10.0,,8.0,77.0,,12.0,749.0,8.0,4.0,,,3.0,20.0,
kerrda01,1940,1,NYR,NHL,48.0,3010.0,21.0,19.0,8.0,,2.0,125.0,,3.0,192.0,1.0,2.0,,,0.0,6.0,
khabini01,1994,1,WIN,NHL,26.0,1339.0,8.0,9.0,4.0,1.0,0.0,76.0,723.0,,,,,,,,,
khabini01,1995,1,WIN,NHL,53.0,2914.0,26.0,20.0,3.0,4.0,2.0,152.0,1656.0,6.0,359.0,2.0,4.0,,1.0,0.0,19.0,214.0
khabini01,1996,1,PHO,NHL,72.0,4091.0,30.0,33.0,6.0,7.0,7.0,193.0,2094.0,7.0,426.0,3.0,4.0,,2.0,1.0,15.0,222.0
khabini01,1997,1,PHO,NHL,70.0,4026.0,30.0,28.0,10.0,4.0,4.0,184.0,1835.0,4.0,185.0,2.0,1.0,,0.0,0.0,13.0,106.0
khabini01,1998,1,PHO,NHL,63.0,3657.0,32.0,23.0,7.0,6.0,8.0,130.0,1681.0,7.0,449.0,3.0,4.0,,1.0,0.0,18.0,236.0
khabini01,2000,1,TBL,NHL,2.0,123.0,1.0,1.0,0.0,0.0,0.0,6.0,69.0,,,,,,,,,
khabini01,2001,1,TBL,NHL,70.0,3896.0,24.0,32.0,10.0,7.0,7.0,153.0,1914.0,,,,,,,,,
khabini01,2002,1,TBL,NHL,65.0,3787.0,30.0,22.0,11.0,5.0,4.0,156.0,1760.0,10.0,644.0,5.0,5.0,,1.0,0.0,26.0,299.0
khabini01,2003,1,TBL,NHL,55.0,3274.0,28.0,19.0,7.0,5.0,3.0,127.0,1414.0,23.0,1401.0,16.0,7.0,,1.0,5.0,40.0,598.0
khabini01,2005,1,CHI,NHL,50.0,2815.0,17.0,26.0,6.0,3.0,0.0,157.0,1379.0,,,,,,,,,
khabini01,2006,1,CHI,NHL,60.0,3425.0,25.0,26.0,5.0,7.0,1.0,163.0,1668.0,,,,,,,,,
khabini01,2007,1,CHI,NHL,50.0,2892.0,23.0,20.0,6.0,6.0,2.0,127.0,1389.0,,,,,,,,,
khabini01,2008,1,CHI,NHL,42.0,2467.0,25.0,8.0,7.0,1.0,3.0,96.0,1192.0,15.0,881.0,8.0,6.0,,3.0,0.0,43.0,421.0
khabini01,2009,1,EDM,NHL,18.0,1089.0,7.0,9.0,2.0,2.0,0.0,55.0,602.0,,,,,,,,,
khudoan01,2009,1,MIN,NHL,2.0,69.0,2.0,0.0,0.0,0.0,0.0,1.0,48.0,,,,,,,,,
kiddtr01,1991,1,CAL,NHL,2.0,120.0,1.0,1.0,0.0,1.0,0.0,8.0,56.0,,,,,,,,,
kiddtr01,1993,1,CAL,NHL,31.0,1614.0,13.0,7.0,6.0,0.0,0.0,85.0,752.0,,,,,,,,,
kiddtr01,1994,1,CAL,NHL,43.0,2463.0,22.0,14.0,6.0,4.0,3.0,107.0,1170.0,7.0,434.0,3.0,4.0,,0.0,1.0,26.0,181.0
kiddtr01,1995,1,CAL,NHL,47.0,2570.0,15.0,21.0,8.0,2.0,3.0,119.0,1130.0,2.0,83.0,0.0,1.0,,0.0,0.0,9.0,40.0
kiddtr01,1996,1,CAL,NHL,55.0,2979.0,21.0,23.0,6.0,4.0,4.0,141.0,1416.0,,,,,,,,,
kiddtr01,1997,1,CAR,NHL,47.0,2685.0,21.0,21.0,3.0,7.0,3.0,97.0,1237.0,,,,,,,,,
kiddtr01,1998,1,CAR,NHL,25.0,1358.0,7.0,10.0,6.0,3.0,2.0,61.0,640.0,,,,,,,,,
kiddtr01,1999,1,FLO,NHL,28.0,1574.0,14.0,11.0,2.0,0.0,1.0,69.0,809.0,,,,,,,,,
kiddtr01,2000,1,FLO,NHL,42.0,2354.0,10.0,23.0,6.0,3.0,1.0,130.0,1217.0,,,,,,,,,
kiddtr01,2001,1,FLO,NHL,33.0,1683.0,4.0,16.0,5.0,4.0,1.0,90.0,857.0,,,,,,,,,
kiddtr01,2002,1,TOR,NHL,19.0,1143.0,6.0,10.0,2.0,0.0,0.0,59.0,565.0,,,,,,,,,
kiddtr01,2003,1,TOR,NHL,15.0,883.0,6.0,5.0,2.0,1.0,1.0,48.0,388.0,1.0,33.0,0.0,0.0,,0.0,0.0,1.0,11.0
kielyjo01,1975,1,CIN,WHA,22.0,1087.0,6.0,8.0,1.0,1.0,0.0,78.0,604.0,,,,,,,,,
kingsc01,1990,1,DET,NHL,1.0,45.0,0.0,0.0,0.0,0.0,0.0,2.0,11.0,,,,,,,,,
kingsc01,1991,1,DET,NHL,1.0,16.0,0.0,0.0,0.0,0.0,0.0,1.0,5.0,,,,,,,,,
kiprumi01,2000,1,SJS,NHL,5.0,154.0,2.0,1.0,0.0,1.0,0.0,5.0,51.0,3.0,149.0,1.0,1.0,,1.0,0.0,5.0,79.0
kiprumi01,2001,1,SJS,NHL,20.0,1037.0,7.0,6.0,3.0,2.0,2.0,43.0,508.0,1.0,8.0,0.0,0.0,,0.0,0.0,0.0,2.0
kiprumi01,2002,1,SJS,NHL,22.0,1199.0,5.0,14.0,0.0,1.0,1.0,65.0,537.0,,,,,,,,,
kiprumi01,2003,1,CAL,NHL,38.0,2301.0,24.0,10.0,4.0,4.0,4.0,65.0,966.0,26.0,1655.0,15.0,11.0,,2.0,5.0,51.0,710.0
kiprumi01,2005,1,CAL,NHL,74.0,4380.0,42.0,20.0,11.0,5.0,10.0,151.0,1951.0,7.0,428.0,3.0,4.0,,1.0,0.0,16.0,202.0
kiprumi01,2006,1,CAL,NHL,74.0,4419.0,40.0,24.0,9.0,6.0,7.0,181.0,2190.0,6.0,384.0,2.0,4.0,,0.0,0.0,18.0,255.0
kiprumi01,2007,1,CAL,NHL,76.0,4398.0,39.0,26.0,10.0,3.0,2.0,197.0,2096.0,7.0,336.0,2.0,4.0,,0.0,1.0,18.0,196.0
kiprumi01,2008,1,CAL,NHL,76.0,4418.0,45.0,24.0,5.0,3.0,4.0,209.0,2155.0,6.0,324.0,2.0,4.0,,1.0,0.0,19.0,164.0
kiprumi01,2009,1,CAL,NHL,73.0,4235.0,35.0,28.0,10.0,4.0,4.0,163.0,2035.0,,,,,,,,,
kleiste01,1985,1,NYR,NHL,4.0,191.0,0.0,2.0,0.0,0.0,0.0,14.0,109.0,,,,,,,,,
klymkju01,1958,1,NYR,NHL,1.0,19.0,0.0,0.0,0.0,,0.0,2.0,,,,,,,,,,
knickri01,1992,1,LAK,NHL,10.0,532.0,6.0,4.0,0.0,0.0,0.0,35.0,292.0,,,,,,,,,
knickri01,1993,1,LAK,NHL,4.0,174.0,1.0,2.0,0.0,2.0,0.0,9.0,71.0,,,,,,,,,
kochadi01,1999,1,TBL,NHL,5.0,238.0,1.0,4.0,0.0,1.0,0.0,17.0,111.0,,,,,,,,,
kochadi01,2000,1,TBL,NHL,10.0,314.0,0.0,3.0,0.0,1.0,0.0,18.0,138.0,,,,,,,,,
kochadi01,2001,1,TBL,NHL,5.0,237.0,0.0,3.0,1.0,0.0,0.0,16.0,129.0,,,,,,,,,
kochadi01,2002,1,MIN,NHL,1.0,60.0,0.0,1.0,0.0,0.0,0.0,5.0,28.0,,,,,,,,,
kolesvi01,2005,1,COL,NHL,8.0,370.0,3.0,3.0,0.0,0.0,0.0,20.0,178.0,,,,,,,,,
kolziol01,1989,1,WAS,NHL,2.0,120.0,0.0,2.0,0.0,0.0,0.0,12.0,63.0,,,,,,,,,
kolziol01,1992,1,WAS,NHL,1.0,20.0,0.0,0.0,0.0,0.0,0.0,2.0,7.0,,,,,,,,,
kolziol01,1993,1,WAS,NHL,7.0,224.0,0.0,3.0,0.0,1.0,0.0,20.0,128.0,,,,,,,,,
kolziol01,1994,1,WAS,NHL,14.0,724.0,2.0,8.0,2.0,4.0,0.0,30.0,305.0,2.0,44.0,1.0,0.0,,0.0,0.0,1.0,21.0
kolziol01,1995,1,WAS,NHL,18.0,897.0,4.0,8.0,2.0,1.0,0.0,46.0,406.0,5.0,341.0,2.0,3.0,,0.0,0.0,11.0,167.0
kolziol01,1996,1,WAS,NHL,29.0,1645.0,8.0,15.0,4.0,6.0,2.0,71.0,758.0,,,,,,,,,
kolziol01,1997,1,WAS,NHL,64.0,3788.0,33.0,18.0,10.0,5.0,5.0,139.0,1729.0,21.0,1351.0,12.0,9.0,,0.0,4.0,44.0,740.0
kolziol01,1998,1,WAS,NHL,64.0,3586.0,26.0,31.0,3.0,5.0,4.0,154.0,1538.0,,,,,,,,,
kolziol01,1999,1,WAS,NHL,73.0,4371.0,41.0,20.0,11.0,1.0,5.0,163.0,1957.0,5.0,284.0,1.0,4.0,,0.0,0.0,16.0,103.0
kolziol01,2000,1,WAS,NHL,72.0,4279.0,37.0,26.0,8.0,7.0,5.0,177.0,1941.0,6.0,375.0,2.0,4.0,,0.0,1.0,14.0,153.0
kolziol01,2001,1,WAS,NHL,71.0,4131.0,31.0,29.0,8.0,5.0,6.0,192.0,1977.0,,,,,,,,,
kolziol01,2002,1,WAS,NHL,66.0,3894.0,33.0,25.0,6.0,5.0,4.0,156.0,1925.0,6.0,404.0,2.0,4.0,,0.0,1.0,14.0,192.0
kolziol01,2003,1,WAS,NHL,63.0,3738.0,19.0,35.0,9.0,7.0,2.0,180.0,1958.0,,,,,,,,,
kolziol01,2005,1,WAS,NHL,59.0,3506.0,20.0,28.0,11.0,8.0,0.0,206.0,1987.0,,,,,,,,,
kolziol01,2006,1,WAS,NHL,54.0,3184.0,22.0,24.0,6.0,7.0,1.0,159.0,1771.0,,,,,,,,,
kolziol01,2007,1,WAS,NHL,54.0,3154.0,25.0,21.0,6.0,3.0,1.0,153.0,1423.0,,,,,,,,,
kolziol01,2008,1,TBL,NHL,8.0,410.0,2.0,4.0,1.0,0.0,0.0,25.0,245.0,,,,,,,,,
konstev01,2000,1,TBL,NHL,1.0,0.0,0.0,0.0,0.0,0.0,0.0,0.0,0.0,,,,,,,,,
konstev01,2002,1,TBL,NHL,1.0,20.0,0.0,0.0,0.0,0.0,0.0,1.0,6.0,,,,,,,,,
krahnbr01,2008,1,DAL,NHL,1.0,20.0,0.0,0.0,0.0,0.0,0.0,3.0,9.0,,,,,,,,,
kuntale01,1993,1,MTL,NHL,6.0,302.0,2.0,2.0,0.0,1.0,0.0,16.0,130.0,,,,,,,,,
kurtga01,1971,1,CLF,NHL,16.0,838.0,1.0,7.0,5.0,1.0,0.0,60.0,,,,,,,,,,
kurtga01,1972,1,NRA,WHA,36.0,1881.0,10.0,21.0,0.0,1.0,0.0,150.0,1034.0,,,,,,,,,
kurtga01,1973,1,NYJ,WHA,20.0,1089.0,8.0,10.0,0.0,1.0,0.0,75.0,566.0,,,,,,,,,
kurtga01,1974,1,PHR,WHA,47.0,2841.0,25.0,16.0,4.0,1.0,2.0,156.0,1356.0,4.0,207.0,1.0,2.0,,1.0,0.0,12.0,81.0
kurtga01,1975,1,PHR,WHA,40.0,2369.0,18.0,20.0,2.0,1.0,1.0,147.0,1162.0,,,,,,,,,
kurtga01,1976,1,PHR,WHA,33.0,1752.0,11.0,19.0,1.0,0.0,0.0,162.0,1001.0,,,,,,,,,
labarja01,2000,1,NYR,NHL,1.0,10.0,0.0,0.0,0.0,0.0,0.0,0.0,2.0,,,,,,,,,
labarja01,2003,1,NYR,NHL,4.0,198.0,1.0,2.0,0.0,0.0,0.0,16.0,91.0,,,,,,,,,
labarja01,2005,1,LAK,NHL,29.0,1433.0,11.0,9.0,2.0,5.0,1.0,69.0,688.0,,,,,,,,,
labarja01,2007,1,LAK,NHL,45.0,2421.0,17.0,23.0,2.0,3.0,1.0,121.0,1341.0,,,,,,,,,
labarja01,2008,1,LAK,NHL,19.0,995.0,5.0,8.0,4.0,1.0,2.0,47.0,439.0,,,,,,,,,
labarja01,2008,2,VAN,NHL,9.0,451.0,3.0,2.0,2.0,0.0,0.0,20.0,235.0,,,,,,,,,
labarja01,2009,1,PHO,NHL,17.0,928.0,8.0,5.0,1.0,1.0,0.0,33.0,459.0,,,,,,,,,
labbeje01,1999,1,NYR,NHL,1.0,60.0,0.0,1.0,0.0,0.0,0.0,3.0,22.0,,,,,,,,,
labbeje01,2001,1,CBS,NHL,3.0,117.0,1.0,1.0,0.0,0.0,0.0,6.0,68.0,,,,,,,,,
labbeje01,2002,1,CBS,NHL,11.0,451.0,2.0,4.0,0.0,1.0,0.0,27.0,233.0,,,,,,,,,
labrepa01,1995,1,MTL,NHL,2.0,98.0,0.0,1.0,0.0,0.0,0.0,7.0,47.0,,,,,,,,,
lachebl01,1994,1,BOS,NHL,35.0,1965.0,19.0,11.0,2.0,0.0,4.0,79.0,805.0,5.0,283.0,1.0,4.0,,1.0,0.0,12.0,125.0
lachebl01,1995,1,BOS,NHL,12.0,671.0,3.0,5.0,2.0,1.0,0.0,44.0,284.0,,,,,,,,,
lacosda01,2007,1,CBS,NHL,1.0,13.0,0.0,0.0,0.0,0.0,0.0,0.0,5.0,,,,,,,,,
lacosda01,2008,1,CBS,NHL,3.0,156.0,2.0,0.0,0.0,0.0,1.0,4.0,80.0,,,,,,,,,
lacrofr01,1925,1,MTL,NHL,5.0,280.0,1.0,4.0,0.0,,0.0,16.0,,,,,,,,,,
laferri01,1981,1,COR,NHL,1.0,20.0,0.0,0.0,0.0,0.0,0.0,1.0,,,,,,,,,,
laforma01,1985,1,DET,NHL,28.0,1383.0,4.0,21.0,0.0,5.0,1.0,114.0,742.0,,,,,,,,,
laforma01,1986,1,DET,NHL,5.0,219.0,2.0,1.0,0.0,0.0,0.0,12.0,111.0,,,,,,,,,
laforma01,1987,1,PHI,NHL,21.0,972.0,5.0,9.0,2.0,2.0,1.0,60.0,478.0,2.0,48.0,1.0,0.0,,0.0,0.0,1.0,12.0
laforma01,1988,1,PHI,NHL,17.0,933.0,5.0,7.0,2.0,0.0,0.0,64.0,497.0,,,,,,,,,
laforma01,1989,1,TOR,NHL,27.0,1343.0,9.0,14.0,0.0,2.0,0.0,87.0,765.0,,,,,,,,,
laforma01,1993,1,OTT,NHL,5.0,182.0,0.0,2.0,0.0,0.0,0.0,17.0,96.0,,,,,,,,,
lairdbi01,1921,1,REG,WCHL,25.0,1567.0,14.0,10.0,1.0,,0.0,78.0,,6.0,360.0,3.0,1.0,2.0,,1.0,8.0,
lairdbi01,1922,1,REG,WCHL,28.0,1701.0,16.0,12.0,0.0,,3.0,83.0,,2.0,150.0,0.0,1.0,1.0,,0.0,4.0,
lajeusi01,2001,1,OTT,NHL,1.0,24.0,0.0,0.0,0.0,0.0,0.0,0.0,9.0,,,,,,,,,
lalimpa01,1996,1,PIT,NHL,39.0,2058.0,21.0,12.0,2.0,3.0,3.0,101.0,1166.0,,,,,,,,,
lalimpa01,1999,1,OTT,NHL,38.0,2038.0,19.0,14.0,3.0,1.0,3.0,79.0,834.0,,,,,,,,,
lalimpa01,2000,1,OTT,NHL,60.0,3607.0,36.0,19.0,5.0,3.0,7.0,141.0,1640.0,4.0,251.0,0.0,4.0,,0.0,0.0,10.0,99.0
lalimpa01,2001,1,OTT,NHL,61.0,3583.0,27.0,24.0,8.0,1.0,7.0,148.0,1521.0,12.0,778.0,7.0,5.0,,0.0,4.0,18.0,332.0
lalimpa01,2002,1,OTT,NHL,67.0,3943.0,39.0,20.0,7.0,1.0,8.0,142.0,1591.0,18.0,1122.0,11.0,7.0,,0.0,1.0,34.0,449.0
lalimpa01,2003,1,OTT,NHL,57.0,3324.0,25.0,23.0,7.0,3.0,5.0,127.0,1334.0,7.0,398.0,3.0,4.0,,0.0,0.0,13.0,139.0
lalimpa01,2005,1,STL,NHL,31.0,1699.0,4.0,18.0,8.0,2.0,0.0,103.0,868.0,,,,,,,,,
lalimpa01,2006,1,CHI,NHL,12.0,645.0,4.0,6.0,1.0,0.0,1.0,33.0,317.0,,,,,,,,,
lalimpa01,2007,1,CHI,NHL,32.0,1828.0,16.0,12.0,2.0,3.0,1.0,86.0,835.0,,,,,,,,,
lalimpa01,2008,1,BUF,NHL,24.0,1297.0,5.0,13.0,3.0,1.0,0.0,67.0,669.0,,,,,,,,,
lalimpa01,2009,1,BUF,NHL,16.0,854.0,4.0,8.0,2.0,0.0,0.0,40.0,432.0,,,,,,,,,
lamotma01,1999,1,CHI,NHL,2.0,116.0,1.0,1.0,0.0,0.0,0.0,10.0,50.0,,,,,,,,,
lamotma01,2003,1,DET,NHL,2.0,125.0,1.0,0.0,1.0,0.0,0.0,3.0,58.0,,,,,,,,,
landobr01,1972,1,NEW,WHA,30.0,1671.0,15.0,11.0,1.0,0.0,1.0,100.0,888.0,,,,,,,,,
landobr01,1973,1,NEW,WHA,24.0,180.0,11.0,9.0,2.0,0.0,0.0,10.0,87.0,1.0,40.0,0.0,0.0,,0.0,0.0,3.0,16.0
landobr01,1974,1,NEW,WHA,7.0,339.0,2.0,3.0,0.0,0.0,0.0,19.0,190.0,,,,,,,,,
landobr01,1975,1,NEW,WHA,38.0,2181.0,14.0,19.0,5.0,3.0,0.0,126.0,1094.0,4.0,197.0,3.0,0.0,,0.0,0.0,7.0,104.0
landobr01,1976,1,NEW,WHA,23.0,1118.0,8.0,8.0,1.0,3.0,1.0,59.0,570.0,3.0,152.0,1.0,2.0,,0.0,0.0,11.0,75.0
langksc01,1995,1,WIN,NHL,1.0,6.0,0.0,0.0,0.0,0.0,0.0,0.0,2.0,,,,,,,,,
langksc01,1997,1,PHO,NHL,3.0,137.0,0.0,1.0,1.0,0.0,0.0,10.0,60.0,,,,,,,,,
langksc01,1998,1,PHO,NHL,1.0,35.0,0.0,0.0,0.0,0.0,0.0,3.0,17.0,,,,,,,,,
langksc01,1999,1,ATL,NHL,15.0,765.0,3.0,11.0,0.0,1.0,0.0,55.0,395.0,,,,,,,,,
langos01,1916,1,OT1,NHA,1.0,60.0,1.0,0.0,0.0,,0.0,5.0,,,,,,,,,,
lapoino01,1975,1,CIN,WHA,12.0,641.0,4.0,6.0,0.0,2.0,0.0,55.0,377.0,,,,,,,,,
lapoino01,1976,1,CIN,WHA,52.0,2817.0,21.0,25.0,2.0,2.0,2.0,175.0,1437.0,4.0,273.0,0.0,3.0,,0.0,0.0,16.0,124.0
lapoino01,1977,1,CIN,WHA,13.0,647.0,5.0,6.0,1.0,2.0,0.0,50.0,345.0,,,,,,,,,
laroc01,1909,1,LES,NHA,1.0,72.0,1.0,0.0,0.0,,0.0,4.0,,,,,,,,,,
larocmi01,1973,1,MTL,NHL,27.0,1431.0,15.0,8.0,2.0,2.0,0.0,69.0,,6.0,364.0,2.0,4.0,,3.0,0.0,18.0,
larocmi01,1974,1,MTL,NHL,25.0,1480.0,17.0,5.0,3.0,2.0,3.0,74.0,,,,,,,,,,
larocmi01,1975,1,MTL,NHL,22.0,1220.0,16.0,1.0,3.0,0.0,2.0,50.0,,,,,,,,,,
larocmi01,1976,1,MTL,NHL,26.0,1525.0,19.0,2.0,4.0,0.0,4.0,53.0,,,,,,,,,,
larocmi01,1977,1,MTL,NHL,30.0,1729.0,22.0,3.0,4.0,0.0,1.0,77.0,,,,,,,,,,
larocmi01,1978,1,MTL,NHL,34.0,1986.0,22.0,7.0,4.0,0.0,3.0,94.0,,1.0,20.0,0.0,0.0,,0.0,0.0,0.0,
larocmi01,1979,1,MTL,NHL,39.0,2259.0,17.0,13.0,8.0,0.0,3.0,125.0,,5.0,300.0,4.0,1.0,,0.0,1.0,11.0,
larocmi01,1980,1,MTL,NHL,28.0,1623.0,16.0,9.0,3.0,2.0,1.0,82.0,,,,,,,,,,
larocmi01,1980,2,TOR,NHL,8.0,460.0,3.0,3.0,2.0,0.0,0.0,40.0,,2.0,75.0,0.0,1.0,,0.0,0.0,8.0,
larocmi01,1981,1,TOR,NHL,50.0,2647.0,10.0,24.0,8.0,4.0,0.0,207.0,,,,,,,,,,
larocmi01,1982,1,TOR,NHL,16.0,835.0,3.0,8.0,3.0,0.0,0.0,68.0,454.0,,,,,,,,,
larocmi01,1982,2,PHI,NHL,2.0,120.0,0.0,1.0,1.0,0.0,0.0,8.0,56.0,,,,,,,,,
larocmi01,1983,1,STL,NHL,5.0,300.0,0.0,5.0,0.0,1.0,0.0,31.0,164.0,,,,,,,,,
larocmi02,2000,1,CHI,NHL,3.0,152.0,0.0,2.0,0.0,0.0,0.0,9.0,59.0,,,,,,,,,
larsscu01,1974,1,WIJ,WHA,26.0,1514.0,12.0,11.0,1.0,2.0,1.0,100.0,887.0,,,,,,,,,
larsscu01,1975,1,WIJ,WHA,23.0,1287.0,11.0,10.0,1.0,0.0,0.0,83.0,635.0,2.0,110.0,2.0,0.0,,0.0,0.0,6.0,
larsscu01,1976,1,WIJ,WHA,19.0,1019.0,7.0,9.0,0.0,2.0,0.0,82.0,545.0,1.0,20.0,0.0,0.0,,0.0,0.0,1.0,6.0
lasakja01,2001,1,NAS,NHL,3.0,177.0,0.0,3.0,0.0,1.0,0.0,13.0,104.0,,,,,,,,,
lasakja01,2002,1,NAS,NHL,3.0,90.0,0.0,1.0,0.0,0.0,0.0,5.0,39.0,,,,,,,,,
laskoga01,1982,1,LAK,NHL,46.0,2277.0,15.0,20.0,4.0,3.0,0.0,173.0,1212.0,,,,,,,,,
laskoga01,1983,1,LAK,NHL,13.0,665.0,4.0,7.0,1.0,2.0,0.0,55.0,321.0,,,,,,,,,
laxtogo01,1975,1,PIT,NHL,8.0,414.0,3.0,4.0,0.0,2.0,0.0,31.0,,,,,,,,,,
laxtogo01,1976,1,PIT,NHL,6.0,253.0,1.0,3.0,0.0,0.0,0.0,26.0,,,,,,,,,,
laxtogo01,1977,1,PIT,NHL,2.0,73.0,0.0,1.0,0.0,0.0,0.0,9.0,,,,,,,,,,
laxtogo01,1978,1,PIT,NHL,1.0,60.0,0.0,1.0,0.0,0.0,0.0,8.0,,,,,,,,,,
leblaal01,1913,1,MOW,NHA,4.0,169.0,2.0,1.0,0.0,,0.0,17.0,,,,,,,,,,
leblara01,1991,1,CHI,NHL,1.0,60.0,1.0,0.0,0.0,0.0,0.0,1.0,22.0,,,,,,,,,
leclapa01,2003,1,CBS,NHL,2.0,119.0,0.0,2.0,0.0,0.0,0.0,7.0,69.0,,,,,,,,,
leclapa01,2005,1,CBS,NHL,33.0,1804.0,11.0,15.0,3.0,2.0,0.0,97.0,1084.0,,,,,,,,,
leclapa01,2006,1,CBS,NHL,24.0,1315.0,6.0,15.0,2.0,1.0,1.0,65.0,629.0,,,,,,,,,
leclapa01,2007,1,CBS,NHL,54.0,2986.0,24.0,17.0,6.0,3.0,9.0,112.0,1379.0,,,,,,,,,
leclapa01,2008,1,CBS,NHL,12.0,674.0,4.0,6.0,1.0,1.0,0.0,43.0,324.0,,,,,,,,,
leclapa01,2009,1,OTT,NHL,34.0,1745.0,12.0,14.0,2.0,1.0,0.0,93.0,822.0,3.0,211.0,1.0,2.0,,0.0,0.0,10.0,125.0
leducal01,1931,1,MTL,NHL,1.0,2.0,0.0,0.0,0.0,,0.0,1.0,,,,,,,,,,
legacma01,1998,1,LAK,NHL,17.0,899.0,2.0,9.0,2.0,5.0,0.0,39.0,439.0,,,,,,,,,
legacma01,1999,1,DET,NHL,4.0,240.0,4.0,0.0,0.0,0.0,0.0,11.0,117.0,,,,,,,,,
legacma01,2000,1,DET,NHL,39.0,2136.0,24.0,5.0,5.0,1.0,2.0,73.0,909.0,,,,,,,,,
legacma01,2001,1,DET,NHL,20.0,1117.0,10.0,6.0,2.0,0.0,1.0,45.0,503.0,1.0,11.0,0.0,0.0,,0.0,0.0,1.0,2.0
legacma01,2002,1,DET,NHL,25.0,1406.0,14.0,5.0,4.0,1.0,0.0,51.0,681.0,,,,,,,,,
legacma01,2003,1,DET,NHL,41.0,2325.0,23.0,10.0,5.0,3.0,3.0,82.0,1019.0,4.0,220.0,2.0,2.0,,0.0,0.0,8.0,84.0
legacma01,2005,1,DET,NHL,51.0,2905.0,37.0,8.0,3.0,1.0,7.0,106.0,1244.0,6.0,408.0,2.0,4.0,,1.0,0.0,18.0,155.0
legacma01,2006,1,STL,NHL,45.0,2522.0,23.0,15.0,5.0,6.0,5.0,109.0,1177.0,,,,,,,,,
legacma01,2007,1,STL,NHL,66.0,3666.0,27.0,25.0,8.0,6.0,5.0,147.0,1648.0,,,,,,,,,
legacma01,2008,1,STL,NHL,29.0,1452.0,13.0,9.0,2.0,1.0,0.0,77.0,669.0,,,,,,,,,
legacma01,2009,1,CAR,NHL,28.0,1472.0,10.0,7.0,5.0,3.0,1.0,69.0,745.0,,,,,,,,,
legricl01,1980,1,DET,NHL,3.0,63.0,0.0,1.0,0.0,0.0,0.0,4.0,,,,,,,,,,
legricl01,1981,1,DET,NHL,1.0,28.0,0.0,0.0,1.0,0.0,0.0,0.0,,,,,,,,,,
lehmahu01,1911,1,NWR,PCHA,15.0,911.0,9.0,6.0,0.0,,0.0,77.0,,,,,,,,,,
lehmahu01,1912,1,NWR,PCHA,12.0,737.0,4.0,8.0,0.0,,0.0,51.0,,,,,,,,,,
lehmahu01,1913,1,NWR,PCHA,16.0,997.0,7.0,9.0,0.0,,0.0,81.0,,,,,,,,,,
lehmahu01,1914,1,VML,PCHA,17.0,1043.0,13.0,4.0,0.0,,1.0,71.0,,,,,,,,,,
lehmahu01,1915,1,VML,PCHA,18.0,1091.0,9.0,9.0,0.0,,0.0,69.0,,,,,,,,,,
lehmahu01,1916,1,VML,PCHA,23.0,1404.0,14.0,9.0,0.0,,0.0,124.0,,,,,,,,,,
lehmahu01,1917,1,VML,PCHA,18.0,1165.0,9.0,9.0,0.0,,1.0,60.0,,2.0,120.0,1.0,0.0,1.0,,1.0,2.0,
lehmahu01,1918,1,VML,PCHA,20.0,1277.0,12.0,8.0,0.0,,1.0,55.0,,2.0,120.0,1.0,1.0,0.0,,0.0,7.0,
lehmahu01,1919,1,VML,PCHA,22.0,1352.0,11.0,11.0,0.0,,1.0,65.0,,2.0,120.0,1.0,1.0,0.0,,0.0,7.0,
lehmahu01,1920,1,VML,PCHA,24.0,1450.0,13.0,11.0,0.0,,3.0,79.0,,2.0,120.0,2.0,0.0,0.0,,1.0,2.0,
lehmahu01,1921,1,VML,PCHA,22.0,1325.0,12.0,10.0,0.0,,4.0,62.0,,4.0,240.0,3.0,1.0,0.0,,2.0,2.0,
lehmahu01,1922,1,VAM,PCHA,25.0,1565.0,16.0,8.0,1.0,,4.0,61.0,,2.0,120.0,1.0,1.0,0.0,,1.0,3.0,
lehmahu01,1923,1,VAM,PCHA,30.0,1842.0,13.0,16.0,1.0,,1.0,80.0,,5.0,314.0,2.0,2.0,1.0,,0.0,13.0,
lehmahu01,1924,1,VMR,WCHL,11.0,662.0,7.0,4.0,0.0,,0.0,30.0,,,,,,,,,,
lehmahu01,1925,1,VMR,WCHL,30.0,1826.0,10.0,18.0,2.0,,3.0,90.0,,,,,,,,,,
lehmahu01,1926,1,CHI,NHL,44.0,2797.0,19.0,22.0,3.0,,5.0,116.0,,2.0,120.0,0.0,1.0,1.0,,0.0,10.0,
lehmahu01,1927,1,CHI,NHL,4.0,250.0,1.0,2.0,1.0,,1.0,20.0,,,,,,,,,,
lehtoka01,2003,1,ATL,NHL,4.0,240.0,4.0,0.0,0.0,0.0,1.0,5.0,106.0,,,,,,,,,
lehtoka01,2005,1,ATL,NHL,38.0,2166.0,20.0,15.0,0.0,3.0,2.0,106.0,1123.0,,,,,,,,,
lehtoka01,2006,1,ATL,NHL,68.0,3934.0,34.0,24.0,9.0,5.0,4.0,183.0,2075.0,2.0,118.0,0.0,2.0,,0.0,0.0,11.0,73.0
lehtoka01,2007,1,ATL,NHL,48.0,2707.0,17.0,22.0,5.0,2.0,4.0,131.0,1560.0,,,,,,,,,
lehtoka01,2008,1,ATL,NHL,46.0,2624.0,19.0,22.0,3.0,4.0,3.0,134.0,1498.0,,,,,,,,,
lehtoka01,2009,1,DAL,NHL,12.0,663.0,6.0,4.0,0.0,0.0,0.0,31.0,350.0,,,,,,,,,
leighmi01,2002,1,CHI,NHL,8.0,447.0,2.0,3.0,2.0,1.0,1.0,21.0,241.0,,,,,,,,,
leighmi01,2003,1,CHI,NHL,34.0,1988.0,6.0,18.0,8.0,5.0,2.0,99.0,987.0,,,,,,,,,
leighmi01,2006,1,NAS,NHL,1.0,20.0,0.0,0.0,0.0,0.0,0.0,2.0,10.0,,,,,,,,,
leighmi01,2006,2,PHI,NHL,4.0,195.0,2.0,2.0,0.0,0.0,0.0,12.0,102.0,,,,,,,,,
leighmi01,2007,1,CAR,NHL,3.0,158.0,1.0,1.0,0.0,0.0,0.0,7.0,68.0,,,,,,,,,
leighmi01,2008,1,CAR,NHL,19.0,1029.0,6.0,7.0,2.0,1.0,0.0,50.0,507.0,,,,,,,,,
leighmi01,2009,1,CAR,NHL,7.0,350.0,1.0,4.0,0.0,0.0,0.0,25.0,164.0,,,,,,,,,
leighmi01,2009,2,PHI,NHL,27.0,1449.0,16.0,5.0,2.0,0.0,1.0,60.0,735.0,14.0,757.0,8.0,3.0,,0.0,3.0,31.0,371.0
lemelja01,1972,1,QUN,WHA,9.0,434.0,3.0,4.0,0.0,0.0,0.0,29.0,199.0,,,,,,,,,
lemelre01,1978,1,ATF,NHL,18.0,994.0,8.0,8.0,1.0,1.0,0.0,55.0,,1.0,20.0,0.0,0.0,,0.0,0.0,0.0,
lemelre01,1979,1,ATF,NHL,3.0,150.0,0.0,2.0,0.0,0.0,0.0,15.0,,,,,,,,,,
lemelre01,1980,1,CAL,NHL,29.0,1629.0,14.0,6.0,7.0,2.0,2.0,88.0,,6.0,366.0,3.0,3.0,,0.0,0.0,22.0,
lemelre01,1981,1,CAL,NHL,34.0,1866.0,10.0,15.0,6.0,2.0,0.0,135.0,,,,,,,,,,
lemelre01,1982,1,CAL,NHL,39.0,2211.0,16.0,12.0,8.0,3.0,0.0,133.0,1192.0,7.0,327.0,3.0,3.0,,0.0,0.0,27.0,
lemelre01,1983,1,CAL,NHL,51.0,2568.0,21.0,12.0,9.0,0.0,0.0,150.0,1405.0,8.0,448.0,4.0,4.0,,1.0,0.0,32.0,290.0
lemelre01,1984,1,CAL,NHL,56.0,3176.0,30.0,12.0,10.0,3.0,1.0,183.0,1638.0,4.0,248.0,1.0,3.0,,0.0,1.0,15.0,128.0
lemelre01,1985,1,CAL,NHL,60.0,3369.0,29.0,24.0,4.0,2.0,1.0,229.0,1787.0,3.0,109.0,0.0,1.0,,0.0,0.0,7.0,48.0
lemelre01,1986,1,CAL,NHL,34.0,1735.0,16.0,9.0,1.0,4.0,2.0,94.0,825.0,2.0,101.0,0.0,1.0,,0.0,0.0,6.0,47.0
lemelre01,1987,1,BOS,NHL,49.0,2828.0,24.0,17.0,6.0,2.0,3.0,138.0,1244.0,17.0,1027.0,11.0,6.0,,2.0,1.0,45.0,430.0
lemelre01,1988,1,BOS,NHL,40.0,2392.0,19.0,15.0,6.0,3.0,0.0,120.0,1061.0,4.0,252.0,1.0,3.0,,0.0,0.0,16.0,112.0
lemelre01,1989,1,BOS,NHL,43.0,2310.0,22.0,15.0,2.0,2.0,2.0,108.0,1002.0,3.0,135.0,0.0,1.0,,0.0,0.0,13.0,57.0
lemelre01,1990,1,BOS,NHL,33.0,1829.0,17.0,10.0,3.0,2.0,1.0,111.0,841.0,2.0,32.0,0.0,0.0,,0.0,0.0,0.0,18.0
lemelre01,1991,1,BOS,NHL,8.0,407.0,5.0,1.0,0.0,0.0,0.0,23.0,210.0,2.0,54.0,0.0,0.0,,1.0,0.0,3.0,23.0
lemelre01,1992,1,BOS,NHL,10.0,542.0,5.0,4.0,0.0,1.0,0.0,31.0,225.0,,,,,,,,,
lenarmi01,1992,1,HAR,NHL,3.0,168.0,1.0,1.0,1.0,0.0,0.0,9.0,87.0,,,,,,,,,
lenarmi01,1993,1,HAR,NHL,1.0,21.0,0.0,0.0,0.0,0.0,0.0,1.0,12.0,,,,,,,,,
lenevda01,2005,1,PHO,NHL,15.0,814.0,3.0,8.0,2.0,1.0,0.0,44.0,386.0,,,,,,,,,
lenevda01,2006,1,PHO,NHL,6.0,233.0,2.0,1.0,0.0,0.0,0.0,15.0,142.0,,,,,,,,,
lessama01,1978,1,LAK,NHL,49.0,2860.0,23.0,15.0,10.0,2.0,4.0,148.0,,2.0,126.0,0.0,2.0,,0.0,0.0,9.0,
lessama01,1979,1,LAK,NHL,50.0,2836.0,18.0,22.0,7.0,3.0,0.0,185.0,,4.0,207.0,1.0,2.0,,0.0,0.0,14.0,
lessama01,1980,1,LAK,NHL,64.0,3746.0,35.0,18.0,11.0,3.0,2.0,203.0,,4.0,220.0,1.0,3.0,,1.0,0.0,20.0,
lessama01,1981,1,LAK,NHL,52.0,2933.0,13.0,28.0,8.0,3.0,2.0,213.0,,10.0,583.0,4.0,5.0,,0.0,0.0,41.0,
lessama01,1982,1,LAK,NHL,19.0,888.0,3.0,10.0,2.0,0.0,1.0,68.0,432.0,,,,,,,,,
lessama01,1983,1,LAK,NHL,6.0,266.0,0.0,4.0,1.0,2.0,0.0,26.0,160.0,,,,,,,,,
lesuepe01,1909,1,OT1,NHA,12.0,730.0,9.0,3.0,0.0,,0.0,66.0,,,,,,,,,,
lesuepe01,1910,1,OT1,NHA,16.0,990.0,13.0,3.0,0.0,,1.0,69.0,,,,,,,,,,
lesuepe01,1911,1,OT1,NHA,18.0,1116.0,9.0,9.0,0.0,,0.0,91.0,,,,,,,,,,
lesuepe01,1912,1,OT1,NHA,18.0,994.0,7.0,10.0,0.0,,0.0,70.0,,,,,,,,,,
lesuepe01,1913,1,OT1,NHA,13.0,773.0,6.0,6.0,0.0,,1.0,42.0,,,,,,,,,,
lesuepe01,1914,1,TOO,NHA,20.0,1205.0,7.0,13.0,0.0,,0.0,96.0,,,,,,,,,,
lesuepe01,1915,1,TBS,NHA,23.0,1416.0,9.0,13.0,1.0,,1.0,92.0,,,,,,,,,,
levaslo01,1975,1,MFS,WHA,4.0,193.0,2.0,1.0,0.0,0.0,0.0,10.0,87.0,,,,,,,,,
levaslo01,1976,1,MF2,WHA,30.0,1715.0,15.0,11.0,2.0,1.0,2.0,78.0,974.0,,,,,,,,,
levaslo01,1976,2,EDO,WHA,21.0,1213.0,6.0,12.0,3.0,1.0,0.0,88.0,658.0,2.0,133.0,0.0,2.0,,0.0,0.0,10.0,74.0
levaslo01,1977,1,NEW,WHA,27.0,1655.0,14.0,11.0,2.0,3.0,3.0,91.0,796.0,12.0,719.0,8.0,4.0,,1.0,0.0,31.0,
levaslo01,1978,1,QUN,WHA,3.0,140.0,0.0,1.0,1.0,0.0,0.0,14.0,85.0,1.0,59.0,0.0,1.0,,1.0,0.0,8.0,
levaslo01,1979,1,MNS,NHL,1.0,60.0,0.0,1.0,0.0,0.0,0.0,7.0,,,,,,,,,,
levinal01,1931,1,TOR,NHL,1.0,1.0,0.0,0.0,0.0,,0.0,1.0,,,,,,,,,,
lindbpe01,1981,1,PHI,NHL,8.0,480.0,2.0,4.0,2.0,0.0,0.0,35.0,,,,,,,,,,
lindbpe01,1982,1,PHI,NHL,40.0,2333.0,23.0,13.0,3.0,2.0,3.0,116.0,1060.0,3.0,180.0,0.0,3.0,,0.0,0.0,18.0,
lindbpe01,1983,1,PHI,NHL,36.0,1999.0,16.0,13.0,3.0,3.0,1.0,135.0,966.0,2.0,26.0,0.0,1.0,,0.0,0.0,3.0,13.0
lindbpe01,1984,1,PHI,NHL,65.0,3858.0,40.0,17.0,7.0,3.0,2.0,194.0,1929.0,18.0,1008.0,12.0,6.0,,1.0,3.0,42.0,490.0
lindbpe01,1985,1,PHI,NHL,8.0,480.0,6.0,2.0,0.0,0.0,1.0,23.0,199.0,,,,,,,,,
lindsbe01,1909,1,REN,NHA,12.0,730.0,8.0,3.0,1.0,,0.0,54.0,,,,,,,,,,
lindsbe01,1910,1,REN,NHA,16.0,960.0,8.0,8.0,0.0,,0.0,101.0,,,,,,,,,,
lindsbe01,1911,1,VA1,PCHA,16.0,974.0,7.0,9.0,0.0,,0.0,90.0,,,,,,,,,,
lindsbe01,1912,1,VA1,PCHA,15.0,927.0,10.0,5.0,0.0,,1.0,56.0,,,,,,,,,,
lindsbe01,1913,1,VA1,PCHA,16.0,1012.0,10.0,6.0,0.0,,0.0,80.0,,,,,,,,,,
lindsbe01,1914,1,VA1,PCHA,17.0,1054.0,4.0,13.0,0.0,,0.0,116.0,,,,,,,,,,
lindsbe01,1915,1,MOW,NHA,23.0,1380.0,10.0,13.0,0.0,,1.0,110.0,,,,,,,,,,
lindsbe01,1916,1,MOW,NHA,15.0,903.0,4.0,11.0,0.0,,0.0,96.0,,,,,,,,,,
lindsbe01,1917,1,MTW,NHL,4.0,240.0,1.0,3.0,0.0,,0.0,35.0,,,,,,,,,,
lindsbe01,1918,1,TOA,NHL,16.0,979.0,5.0,11.0,0.0,,0.0,83.0,,,,,,,,,,
littlne01,2001,1,PHI,NHL,1.0,60.0,0.0,1.0,0.0,0.0,0.0,4.0,29.0,,,,,,,,,
littlne01,2003,1,PHI,NHL,1.0,33.0,0.0,1.0,0.0,0.0,0.0,2.0,8.0,,,,,,,,,
littmda01,1990,1,BUF,NHL,1.0,36.0,0.0,0.0,0.0,0.0,0.0,3.0,18.0,,,,,,,,,
littmda01,1991,1,BUF,NHL,1.0,60.0,0.0,1.0,0.0,0.0,0.0,4.0,29.0,,,,,,,,,
littmda01,1992,1,TBL,NHL,1.0,45.0,0.0,1.0,0.0,0.0,0.0,7.0,21.0,,,,,,,,,
liutmi01,1977,1,CIN,WHA,27.0,1215.0,8.0,12.0,0.0,2.0,0.0,86.0,663.0,,,,,,,,,
liutmi01,1978,1,CIN,WHA,54.0,3181.0,23.0,27.0,4.0,4.0,3.0,184.0,1556.0,3.0,179.0,1.0,2.0,,0.0,0.0,10.0,
liutmi01,1979,1,STL,NHL,64.0,3661.0,32.0,23.0,9.0,1.0,2.0,194.0,,3.0,193.0,0.0,3.0,,0.0,0.0,12.0,
liutmi01,1980,1,STL,NHL,61.0,3570.0,33.0,14.0,13.0,2.0,1.0,199.0,,11.0,685.0,5.0,6.0,,0.0,0.0,50.0,
liutmi01,1981,1,STL,NHL,64.0,3691.0,28.0,28.0,7.0,3.0,2.0,250.0,,10.0,494.0,5.0,3.0,,0.0,0.0,27.0,
liutmi01,1982,1,STL,NHL,68.0,3794.0,21.0,27.0,13.0,4.0,1.0,235.0,1919.0,4.0,240.0,1.0,3.0,,1.0,0.0,15.0,
liutmi01,1983,1,STL,NHL,58.0,3425.0,25.0,29.0,4.0,6.0,3.0,197.0,1697.0,11.0,714.0,6.0,5.0,,1.0,1.0,29.0,362.0
liutmi01,1984,1,STL,NHL,32.0,1869.0,12.0,12.0,6.0,0.0,1.0,119.0,992.0,,,,,,,,,
liutmi01,1984,2,HAR,NHL,13.0,791.0,5.0,7.0,1.0,0.0,1.0,38.0,419.0,,,,,,,,,
liutmi01,1985,1,HAR,NHL,57.0,3282.0,27.0,23.0,4.0,3.0,2.0,198.0,1574.0,8.0,441.0,5.0,2.0,,0.0,1.0,14.0,226.0
liutmi01,1986,1,HAR,NHL,59.0,3476.0,31.0,22.0,5.0,3.0,4.0,187.0,1625.0,6.0,332.0,2.0,4.0,,1.0,0.0,25.0,159.0
liutmi01,1987,1,HAR,NHL,60.0,3532.0,25.0,28.0,5.0,3.0,2.0,187.0,1620.0,3.0,160.0,1.0,1.0,,0.0,0.0,11.0,82.0
liutmi01,1988,1,HAR,NHL,35.0,2006.0,13.0,19.0,1.0,4.0,1.0,142.0,1027.0,,,,,,,,,
liutmi01,1989,1,HAR,NHL,29.0,1683.0,15.0,12.0,1.0,3.0,3.0,74.0,745.0,,,,,,,,,
liutmi01,1989,2,WAS,NHL,8.0,478.0,4.0,4.0,0.0,3.0,1.0,17.0,217.0,9.0,507.0,4.0,4.0,,1.0,0.0,28.0,223.0
liutmi01,1990,1,WAS,NHL,35.0,1834.0,13.0,16.0,3.0,2.0,0.0,114.0,786.0,2.0,48.0,0.0,1.0,,0.0,0.0,4.0,30.0
liutmi01,1991,1,WAS,NHL,21.0,1123.0,10.0,7.0,2.0,1.0,1.0,70.0,558.0,,,,,,,,,
lockeke01,1974,1,VAN,NHL,25.0,912.0,6.0,7.0,1.0,2.0,2.0,48.0,,1.0,60.0,0.0,1.0,,0.0,0.0,6.0,
lockeke01,1975,1,VAN,NHL,30.0,1436.0,7.0,8.0,7.0,1.0,0.0,83.0,,,,,,,,,,
lockeke01,1976,1,SDM,WHA,45.0,2397.0,18.0,19.0,1.0,4.0,1.0,148.0,1144.0,5.0,260.0,1.0,3.0,,0.0,0.0,19.0,146.0
lockhho01,1916,1,TOB,NHA,12.0,720.0,7.0,5.0,0.0,,1.0,69.0,,,,,,,,,,
lockhho01,1919,1,TRS,NHL,7.0,310.0,4.0,2.0,0.0,,0.0,25.0,,,,,,,,,,
lockhho01,1919,2,QUB,NHL,1.0,60.0,0.0,1.0,0.0,,0.0,11.0,,,,,,,,,,
lockhho01,1920,1,HAM,NHL,24.0,1454.0,6.0,18.0,0.0,,1.0,132.0,,,,,,,,,,
lockhho01,1921,1,HAM,NHL,24.0,1409.0,6.0,17.0,0.0,,0.0,103.0,,,,,,,,,,
lockhho01,1923,1,TRS,NHL,1.0,60.0,0.0,1.0,0.0,,0.0,5.0,,,,,,,,,,
lockhho01,1924,1,BOS,NHL,2.0,120.0,0.0,2.0,0.0,,0.0,11.0,,,,,,,,,,
loprepe01,1974,1,MNS,NHL,35.0,1964.0,9.0,20.0,3.0,4.0,1.0,137.0,,,,,,,,,,
loprepe01,1975,1,MNS,NHL,34.0,1789.0,7.0,22.0,1.0,0.0,1.0,123.0,,,,,,,,,,
loprepe01,1976,1,MNS,NHL,44.0,2590.0,13.0,20.0,10.0,1.0,1.0,156.0,,2.0,77.0,0.0,2.0,,1.0,0.0,6.0,
loprepe01,1977,1,MNS,NHL,53.0,3065.0,12.0,35.0,6.0,1.0,2.0,216.0,,,,,,,,,,
loprepe01,1978,1,MNS,NHL,7.0,345.0,2.0,4.0,0.0,0.0,0.0,28.0,,,,,,,,,,
loprepe01,1980,1,EDM,NHL,2.0,105.0,0.0,1.0,0.0,1.0,0.0,8.0,,,,,,,,,,
lopresa01,1940,1,CHI,NHL,27.0,1670.0,9.0,15.0,3.0,,1.0,84.0,,5.0,343.0,2.0,3.0,,,0.0,12.0,
lopresa01,1941,1,CHI,NHL,47.0,2860.0,21.0,23.0,3.0,,3.0,152.0,,3.0,187.0,1.0,2.0,,,1.0,5.0,
lorenda01,1990,1,NYI,NHL,2.0,80.0,0.0,1.0,0.0,0.0,0.0,5.0,36.0,,,,,,,,,
lorenda01,1991,1,NYI,NHL,2.0,120.0,0.0,2.0,0.0,1.0,0.0,10.0,60.0,,,,,,,,,
lorenda01,1992,1,NYI,NHL,4.0,157.0,1.0,2.0,0.0,0.0,0.0,10.0,78.0,,,,,,,,,
loustro01,1980,1,WIN,NHL,1.0,60.0,0.0,1.0,0.0,0.0,0.0,10.0,,,,,,,,,,
lowro01,1972,1,TOR,NHL,42.0,2343.0,12.0,24.0,4.0,1.0,1.0,152.0,,,,,,,,,,
lowro01,1974,1,WAS,NHL,48.0,2588.0,8.0,36.0,2.0,2.0,1.0,235.0,,,,,,,,,,
lowro01,1975,1,WAS,NHL,43.0,2289.0,6.0,31.0,2.0,3.0,0.0,208.0,,,,,,,,,,
lowro01,1976,1,WAS,NHL,54.0,2918.0,16.0,27.0,5.0,1.0,0.0,188.0,,,,,,,,,,
lowro01,1977,1,DET,NHL,32.0,1816.0,9.0,12.0,9.0,2.0,1.0,102.0,,4.0,240.0,1.0,3.0,,0.0,0.0,17.0,
lowro01,1979,1,QUE,NHL,15.0,828.0,5.0,7.0,2.0,1.0,0.0,51.0,,,,,,,,,,
lowro01,1979,2,EDM,NHL,11.0,650.0,8.0,2.0,1.0,0.0,0.0,37.0,,3.0,212.0,0.0,3.0,,0.0,0.0,12.0,
lowro01,1980,1,EDM,NHL,24.0,1260.0,5.0,13.0,3.0,2.0,0.0,93.0,,,,,,,,,,
lowro01,1981,1,EDM,NHL,29.0,1554.0,17.0,7.0,1.0,2.0,0.0,100.0,,,,,,,,,,
lowro01,1982,1,EDM,NHL,3.0,104.0,0.0,1.0,0.0,1.0,0.0,10.0,55.0,,,,,,,,,
lowro01,1982,2,NJD,NHL,11.0,608.0,2.0,7.0,1.0,1.0,0.0,41.0,344.0,,,,,,,,,
lowro01,1983,1,NJD,NHL,44.0,2218.0,8.0,25.0,4.0,1.0,0.0,161.0,1133.0,,,,,,,,,
lowro01,1984,1,NJD,NHL,26.0,1326.0,6.0,11.0,4.0,1.0,1.0,85.0,628.0,,,,,,,,,
lozinla01,1980,1,DET,NHL,30.0,1459.0,6.0,11.0,7.0,0.0,0.0,105.0,,,,,,,,,,
lumleha01,1943,1,NYR,NHL,1.0,20.0,0.0,0.0,0.0,,0.0,0.0,,,,,,,,,,
lumleha01,1943,2,DET,NHL,2.0,120.0,0.0,2.0,0.0,,0.0,13.0,,,,,,,,,,
lumleha01,1944,1,DET,NHL,37.0,2220.0,24.0,10.0,3.0,,1.0,119.0,,14.0,871.0,7.0,7.0,,,2.0,31.0,
lumleha01,1945,1,DET,NHL,50.0,3000.0,20.0,20.0,10.0,,2.0,159.0,,5.0,310.0,1.0,4.0,,,1.0,16.0,
lumleha01,1946,1,DET,NHL,52.0,3120.0,22.0,20.0,10.0,,3.0,159.0,,,,,,,,,,
lumleha01,1947,1,DET,NHL,60.0,3592.0,30.0,18.0,12.0,,7.0,147.0,,10.0,600.0,4.0,6.0,,,0.0,30.0,
lumleha01,1948,1,DET,NHL,60.0,3600.0,34.0,19.0,7.0,,6.0,145.0,,11.0,725.0,4.0,7.0,,,0.0,26.0,
lumleha01,1949,1,DET,NHL,63.0,3780.0,33.0,16.0,14.0,,7.0,148.0,,14.0,908.0,8.0,6.0,,,3.0,28.0,
lumleha01,1950,1,CHI,NHL,64.0,3785.0,12.0,41.0,10.0,,3.0,246.0,,,,,,,,,,
lumleha01,1951,1,CHI,NHL,70.0,4180.0,17.0,44.0,9.0,,2.0,241.0,,,,,,,,,,
lumleha01,1952,1,TOR,NHL,70.0,4200.0,27.0,30.0,13.0,,10.0,167.0,,,,,,,,,,
lumleha01,1953,1,TOR,NHL,69.0,4140.0,32.0,24.0,13.0,,13.0,128.0,,5.0,321.0,1.0,4.0,,,0.0,15.0,
lumleha01,1954,1,TOR,NHL,69.0,4140.0,23.0,24.0,22.0,,8.0,134.0,,4.0,240.0,0.0,4.0,,,0.0,14.0,
lumleha01,1955,1,TOR,NHL,59.0,3527.0,21.0,28.0,10.0,,3.0,159.0,,5.0,304.0,1.0,4.0,,,1.0,14.0,
lumleha01,1957,1,BOS,NHL,24.0,1440.0,11.0,10.0,3.0,,3.0,71.0,,1.0,60.0,0.0,1.0,,,0.0,5.0,
lumleha01,1958,1,BOS,NHL,11.0,660.0,8.0,2.0,1.0,,1.0,27.0,,7.0,436.0,3.0,4.0,,,0.0,20.0,
lumleha01,1959,1,BOS,NHL,42.0,2520.0,16.0,21.0,5.0,,2.0,147.0,,,,,,,,,,
lundqhe01,2005,1,NYR,NHL,53.0,3112.0,30.0,12.0,9.0,2.0,2.0,116.0,1485.0,3.0,177.0,0.0,3.0,,0.0,0.0,13.0,79.0
lundqhe01,2006,1,NYR,NHL,70.0,4109.0,37.0,22.0,8.0,2.0,5.0,160.0,1927.0,10.0,637.0,6.0,4.0,,1.0,1.0,22.0,291.0
lundqhe01,2007,1,NYR,NHL,72.0,4305.0,37.0,24.0,10.0,4.0,10.0,160.0,1823.0,10.0,608.0,5.0,5.0,,1.0,1.0,26.0,287.0
lundqhe01,2008,1,NYR,NHL,70.0,4153.0,38.0,25.0,7.0,3.0,3.0,168.0,2007.0,7.0,380.0,3.0,4.0,,0.0,1.0,19.0,207.0
lundqhe01,2009,1,NYR,NHL,73.0,4204.0,35.0,27.0,10.0,9.0,4.0,167.0,2109.0,,,,,,,,,
luongro01,1999,1,NYI,NHL,24.0,1292.0,7.0,14.0,1.0,2.0,1.0,70.0,730.0,,,,,,,,,
luongro01,2000,1,FLO,NHL,47.0,2628.0,12.0,24.0,7.0,6.0,5.0,107.0,1333.0,,,,,,,,,
luongro01,2001,1,FLO,NHL,58.0,3030.0,16.0,33.0,4.0,4.0,4.0,140.0,1653.0,,,,,,,,,
luongro01,2002,1,FLO,NHL,65.0,3627.0,20.0,34.0,7.0,7.0,6.0,164.0,2011.0,,,,,,,,,
luongro01,2003,1,FLO,NHL,72.0,4252.0,25.0,33.0,14.0,7.0,7.0,172.0,2475.0,,,,,,,,,
luongro01,2005,1,FLO,NHL,75.0,4305.0,35.0,30.0,9.0,4.0,4.0,213.0,2488.0,,,,,,,,,
luongro01,2006,1,VAN,NHL,76.0,4490.0,47.0,22.0,6.0,3.0,5.0,171.0,2169.0,12.0,847.0,5.0,7.0,,0.0,0.0,25.0,427.0
luongro01,2007,1,VAN,NHL,73.0,4233.0,35.0,29.0,9.0,3.0,6.0,168.0,2029.0,,,,,,,,,
luongro01,2008,1,VAN,NHL,54.0,3181.0,33.0,13.0,7.0,5.0,9.0,124.0,1542.0,10.0,618.0,6.0,4.0,,2.0,1.0,26.0,304.0
luongro01,2009,1,VAN,NHL,68.0,3899.0,40.0,22.0,4.0,4.0,4.0,167.0,1915.0,12.0,707.0,6.0,6.0,,2.0,0.0,38.0,362.0
macdojo01,2006,1,DET,NHL,8.0,468.0,1.0,5.0,1.0,1.0,0.0,27.0,211.0,,,,,,,,,
macdojo01,2006,2,BOS,NHL,7.0,358.0,2.0,2.0,1.0,1.0,0.0,16.0,195.0,,,,,,,,,
macdojo01,2007,1,NYI,NHL,2.0,120.0,0.0,1.0,1.0,0.0,0.0,6.0,73.0,,,,,,,,,
macdojo01,2008,1,NYI,NHL,49.0,2792.0,14.0,26.0,6.0,7.0,1.0,157.0,1584.0,,,,,,,,,
macdojo01,2009,1,TOR,NHL,6.0,319.0,1.0,4.0,0.0,1.0,0.0,17.0,157.0,,,,,,,,,
macindr01,2007,1,VAN,NHL,2.0,61.0,0.0,1.0,0.0,0.0,0.0,3.0,22.0,,,,,,,,,
mackesh01,1982,1,NJD,NHL,4.0,130.0,0.0,1.0,0.0,0.0,0.0,15.0,68.0,,,,,,,,,
madelda01,1992,1,OTT,NHL,2.0,90.0,0.0,2.0,0.0,0.0,0.0,10.0,44.0,,,,,,,,,
madelda01,1993,1,OTT,NHL,32.0,1583.0,3.0,18.0,5.0,3.0,0.0,115.0,868.0,,,,,,,,,
madelda01,1994,1,OTT,NHL,5.0,255.0,1.0,3.0,0.0,1.0,0.0,15.0,147.0,,,,,,,,,
malarcl01,1981,1,QUE,NHL,2.0,120.0,0.0,1.0,1.0,0.0,0.0,14.0,,,,,,,,,,
malarcl01,1982,1,QUE,NHL,15.0,900.0,8.0,5.0,2.0,0.0,0.0,71.0,517.0,,,,,,,,,
malarcl01,1983,1,QUE,NHL,23.0,1215.0,10.0,9.0,2.0,0.0,0.0,80.0,591.0,,,,,,,,,
malarcl01,1985,1,QUE,NHL,46.0,2657.0,26.0,12.0,4.0,0.0,4.0,142.0,1358.0,3.0,143.0,0.0,2.0,,0.0,0.0,11.0,81.0
malarcl01,1986,1,QUE,NHL,54.0,3092.0,18.0,26.0,9.0,1.0,1.0,175.0,1512.0,3.0,140.0,0.0,2.0,,0.0,0.0,8.0,56.0
malarcl01,1987,1,WAS,NHL,54.0,2926.0,24.0,20.0,4.0,2.0,4.0,154.0,1340.0,4.0,193.0,0.0,2.0,,0.0,0.0,15.0,95.0
malarcl01,1988,1,WAS,NHL,42.0,2428.0,16.0,18.0,7.0,1.0,1.0,141.0,1145.0,,,,,,,,,
malarcl01,1988,2,BUF,NHL,7.0,326.0,3.0,1.0,1.0,0.0,1.0,13.0,142.0,1.0,59.0,0.0,1.0,,0.0,0.0,5.0,32.0
malarcl01,1989,1,BUF,NHL,29.0,1596.0,14.0,11.0,2.0,1.0,0.0,89.0,914.0,,,,,,,,,
malarcl01,1990,1,BUF,NHL,37.0,2131.0,12.0,14.0,10.0,1.0,1.0,119.0,1090.0,4.0,246.0,2.0,2.0,,0.0,0.0,17.0,116.0
malarcl01,1991,1,BUF,NHL,29.0,1639.0,10.0,13.0,3.0,1.0,0.0,102.0,903.0,,,,,,,,,
manelge01,1990,1,NYI,NHL,4.0,140.0,1.0,1.0,0.0,0.0,0.0,15.0,94.0,,,,,,,,,
maniace01,1960,1,TOR,NHL,7.0,420.0,4.0,2.0,1.0,,0.0,18.0,,2.0,145.0,1.0,1.0,,,0.0,6.0,
maniace01,1962,1,MTL,NHL,14.0,820.0,5.0,5.0,4.0,,0.0,42.0,,,,,,,,,,
maniace01,1965,1,NYR,NHL,28.0,1613.0,9.0,14.0,4.0,0.0,2.0,94.0,,,,,,,,,,
maniace01,1966,1,NYR,NHL,6.0,219.0,0.0,1.0,1.0,0.0,0.0,14.0,,,,,,,,,,
maniace01,1967,1,MNS,NHL,52.0,2877.0,21.0,17.0,9.0,0.0,6.0,133.0,,14.0,895.0,7.0,7.0,,0.0,0.0,39.0,
maniace01,1968,1,MNS,NHL,64.0,3599.0,18.0,33.0,10.0,2.0,1.0,198.0,,,,,,,,,,
maniace01,1969,1,MNS,NHL,50.0,2887.0,9.0,24.0,16.0,0.0,2.0,163.0,,3.0,180.0,1.0,2.0,,0.0,1.0,6.0,
maniace01,1970,1,MNS,NHL,40.0,2380.0,19.0,15.0,6.0,0.0,5.0,107.0,,8.0,480.0,3.0,5.0,,1.0,0.0,28.0,
maniace01,1971,1,MNS,NHL,43.0,2539.0,20.0,17.0,4.0,0.0,3.0,112.0,,4.0,238.0,1.0,3.0,,0.0,0.0,12.0,
maniace01,1972,1,MNS,NHL,47.0,2736.0,21.0,18.0,6.0,1.0,5.0,132.0,,5.0,309.0,2.0,3.0,,1.0,2.0,9.0,
maniace01,1973,1,MNS,NHL,40.0,2378.0,12.0,18.0,10.0,0.0,1.0,138.0,,,,,,,,,,
maniace01,1974,1,MNS,NHL,37.0,2129.0,11.0,21.0,4.0,1.0,1.0,149.0,,,,,,,,,,
maniace01,1975,1,MNS,NHL,47.0,2704.0,13.0,27.0,5.0,0.0,2.0,151.0,,,,,,,,,,
maniace01,1976,1,VAN,NHL,47.0,2699.0,17.0,21.0,9.0,4.0,1.0,151.0,,,,,,,,,,
maniace01,1977,1,VAN,NHL,46.0,2570.0,10.0,24.0,8.0,1.0,1.0,172.0,,,,,,,,,,
mannipe01,2008,1,NYI,NHL,3.0,133.0,1.0,1.0,0.0,0.0,0.0,10.0,87.0,,,,,,,,,
maracno01,1997,1,DET,NHL,4.0,178.0,2.0,0.0,1.0,0.0,0.0,6.0,63.0,,,,,,,,,
maracno01,1998,1,DET,NHL,16.0,821.0,6.0,5.0,2.0,1.0,0.0,31.0,379.0,2.0,58.0,0.0,0.0,,0.0,0.0,3.0,22.0
maracno01,1999,1,ATL,NHL,32.0,1618.0,4.0,19.0,2.0,5.0,1.0,94.0,852.0,,,,,,,,,
maracno01,2000,1,ATL,NHL,13.0,753.0,2.0,8.0,3.0,3.0,0.0,43.0,406.0,,,,,,,,,
maracno01,2001,1,ATL,NHL,1.0,60.0,0.0,1.0,0.0,0.0,0.0,3.0,20.0,,,,,,,,,
marchra01,1912,1,TBS,NHA,8.0,421.0,3.0,4.0,0.0,,0.0,37.0,,,,,,,,,,
markkju01,2001,1,EDM,NHL,14.0,784.0,6.0,4.0,2.0,0.0,2.0,24.0,336.0,,,,,,,,,
markkju01,2002,1,EDM,NHL,22.0,1180.0,7.0,8.0,3.0,3.0,3.0,51.0,533.0,1.0,14.0,0.0,0.0,,0.0,0.0,1.0,12.0
markkju01,2003,1,NYR,NHL,26.0,1244.0,8.0,12.0,1.0,2.0,2.0,53.0,611.0,,,,,,,,,
markkju01,2003,2,EDM,NHL,7.0,394.0,2.0,2.0,2.0,0.0,0.0,12.0,182.0,,,,,,,,,
markkju01,2005,1,EDM,NHL,37.0,2016.0,15.0,12.0,6.0,1.0,0.0,105.0,873.0,6.0,360.0,3.0,3.0,,1.0,1.0,13.0,137.0
markkju01,2006,1,EDM,NHL,22.0,992.0,5.0,9.0,1.0,4.0,0.0,52.0,457.0,,,,,,,,,
maroije01,1943,1,TOR,NHL,1.0,60.0,1.0,0.0,0.0,,0.0,4.0,,,,,,,,,,
maroije01,1953,1,CHI,NHL,2.0,120.0,0.0,2.0,0.0,,0.0,11.0,,,,,,,,,,
martise01,1967,1,STL,NHL,30.0,1552.0,8.0,10.0,7.0,1.0,1.0,67.0,,2.0,73.0,0.0,0.0,,0.0,0.0,5.0,
masonbo01,1983,1,WAS,NHL,2.0,120.0,2.0,0.0,0.0,0.0,0.0,3.0,46.0,,,,,,,,,
masonbo01,1984,1,WAS,NHL,12.0,661.0,8.0,2.0,1.0,0.0,1.0,31.0,291.0,,,,,,,,,
masonbo01,1985,1,WAS,NHL,1.0,16.0,1.0,0.0,0.0,0.0,0.0,0.0,5.0,,,,,,,,,
masonbo01,1986,1,WAS,NHL,45.0,2536.0,20.0,18.0,5.0,3.0,0.0,137.0,1247.0,4.0,309.0,2.0,2.0,,0.0,1.0,9.0,143.0
masonbo01,1987,1,CHI,NHL,41.0,2312.0,13.0,18.0,8.0,1.0,0.0,160.0,1353.0,1.0,60.0,0.0,1.0,,0.0,0.0,3.0,31.0
masonbo01,1988,1,QUE,NHL,22.0,1168.0,5.0,14.0,1.0,1.0,0.0,92.0,627.0,,,,,,,,,
masonbo01,1989,1,WAS,NHL,16.0,822.0,4.0,9.0,1.0,4.0,0.0,48.0,389.0,,,,,,,,,
masonbo01,1990,1,VAN,NHL,6.0,353.0,2.0,4.0,0.0,0.0,0.0,29.0,188.0,,,,,,,,,
masonch02,1998,1,NAS,NHL,3.0,69.0,0.0,0.0,0.0,0.0,0.0,6.0,44.0,,,,,,,,,
masonch02,2000,1,NAS,NHL,1.0,59.0,0.0,1.0,0.0,0.0,0.0,2.0,20.0,,,,,,,,,
masonch02,2003,1,NAS,NHL,17.0,744.0,4.0,4.0,1.0,3.0,1.0,27.0,365.0,,,,,,,,,
masonch02,2005,1,NAS,NHL,23.0,1227.0,12.0,5.0,1.0,0.0,2.0,52.0,597.0,5.0,296.0,1.0,4.0,,0.0,0.0,17.0,171.0
masonch02,2006,1,NAS,NHL,40.0,2342.0,24.0,11.0,4.0,5.0,5.0,93.0,1244.0,,,,,,,,,
masonch02,2007,1,NAS,NHL,51.0,2692.0,18.0,22.0,6.0,5.0,4.0,130.0,1278.0,,,,,,,,,
masonch02,2008,1,STL,NHL,57.0,3215.0,27.0,21.0,7.0,7.0,6.0,129.0,1544.0,4.0,256.0,0.0,4.0,,1.0,0.0,10.0,119.0
masonch02,2009,1,STL,NHL,61.0,3512.0,30.0,22.0,8.0,8.0,2.0,148.0,1699.0,,,,,,,,,
masonst01,2008,1,CBS,NHL,61.0,3664.0,33.0,20.0,7.0,7.0,10.0,140.0,1658.0,4.0,239.0,0.0,4.0,,1.0,0.0,17.0,139.0
masonst01,2009,1,CBS,NHL,58.0,3201.0,20.0,26.0,9.0,2.0,5.0,163.0,1653.0,,,,,,,,,
mattsma01,1977,1,WIJ,WHA,6.0,321.0,3.0,3.0,0.0,0.0,0.0,16.0,164.0,,,,,,,,,
mattsma01,1977,2,QUN,WHA,6.0,266.0,1.0,3.0,0.0,0.0,0.0,30.0,166.0,,,,,,,,,
mattsma01,1977,3,WIJ,WHA,4.0,190.0,1.0,2.0,0.0,0.0,0.0,14.0,93.0,,,,,,,,,
mattsma01,1978,1,WIJ,WHA,52.0,2990.0,25.0,21.0,3.0,3.0,0.0,181.0,1544.0,,,,,,,,,
mattsma01,1979,1,WIN,NHL,21.0,1200.0,5.0,11.0,4.0,3.0,2.0,65.0,,,,,,,,,,
mattsma01,1980,1,WIN,NHL,31.0,1707.0,3.0,21.0,4.0,5.0,1.0,128.0,,,,,,,,,,
mattsma01,1982,1,MNS,NHL,2.0,100.0,1.0,1.0,0.0,0.0,1.0,6.0,70.0,,,,,,,,,
mattsma01,1982,2,LAK,NHL,19.0,899.0,5.0,5.0,4.0,1.0,1.0,65.0,454.0,,,,,,,,,
mattsma01,1983,1,LAK,NHL,19.0,1101.0,7.0,8.0,2.0,1.0,1.0,79.0,530.0,,,,,,,,,
mayda01,1985,1,STL,NHL,3.0,184.0,1.0,2.0,0.0,0.0,0.0,13.0,86.0,,,,,,,,,
mayda01,1987,1,STL,NHL,3.0,180.0,0.0,3.0,0.0,1.0,0.0,18.0,107.0,,,,,,,,,
mayergi01,1949,1,TOR,NHL,1.0,60.0,0.0,1.0,0.0,,0.0,2.0,,,,,,,,,,
mayergi01,1953,1,TOR,NHL,1.0,60.0,0.0,0.0,1.0,,0.0,3.0,,,,,,,,,,
mayergi01,1954,1,TOR,NHL,1.0,60.0,1.0,0.0,0.0,,0.0,1.0,,,,,,,,,,
mayergi01,1955,1,TOR,NHL,6.0,360.0,1.0,5.0,0.0,,0.0,19.0,,,,,,,,,,
mcaulke01,1943,1,NYR,NHL,50.0,2980.0,6.0,39.0,5.0,,0.0,310.0,,,,,,,,,,
mcaulke01,1944,1,NYR,NHL,46.0,2760.0,11.0,25.0,10.0,,1.0,227.0,,,,,,,,,,
mccarch01,1914,1,MOW,NHA,19.0,1182.0,14.0,5.0,0.0,,0.0,76.0,,2.0,120.0,1.0,1.0,0.0,,1.0,4.0,
mccarja01,1959,1,NYR,NHL,4.0,240.0,1.0,1.0,2.0,,0.0,7.0,,,,,,,,,,
mccarja01,1960,1,NYR,NHL,8.0,440.0,1.0,6.0,1.0,,1.0,36.0,,,,,,,,,,
mccarja01,1972,1,MFS,WHA,38.0,2160.0,15.0,19.0,1.0,3.0,1.0,129.0,1181.0,4.0,213.0,1.0,2.0,,0.0,0.0,14.0,130.0
mccarja01,1973,1,MFS,WHA,2.0,42.0,0.0,0.0,0.0,0.0,0.0,5.0,26.0,,,,,,,,,
mccarja01,1974,1,MFS,WHA,2.0,61.0,1.0,0.0,0.0,0.0,0.0,5.0,38.0,,,,,,,,,
mccoofr01,1944,1,TOR,NHL,50.0,3000.0,24.0,22.0,4.0,,4.0,161.0,,13.0,807.0,8.0,5.0,,,4.0,30.0,
mccoofr01,1945,1,TOR,NHL,22.0,1320.0,10.0,9.0,3.0,,0.0,81.0,,,,,,,,,,
mcculfr01,1915,1,VA1,PCHA,18.0,1103.0,5.0,13.0,0.0,,0.0,102.0,,,,,,,,,,
mccusre01,1922,1,REG,WCHL,2.0,120.0,0.0,2.0,0.0,,0.0,14.0,,,,,,,,,,
mccusre01,1923,1,REG,WCHL,30.0,1854.0,17.0,11.0,2.0,,4.0,67.0,,2.0,120.0,0.0,1.0,1.0,,0.0,4.0,
mccusre01,1924,1,REG,WCHL,28.0,1680.0,8.0,20.0,0.0,,1.0,123.0,,,,,,,,,,
mccusre01,1925,1,POR,WCHL,30.0,1826.0,12.0,16.0,2.0,,0.0,110.0,,,,,,,,,,
mcdufpe01,1971,1,STL,NHL,10.0,467.0,0.0,6.0,0.0,0.0,0.0,29.0,,1.0,60.0,0.0,1.0,,0.0,0.0,7.0,
mcdufpe01,1972,1,NYR,NHL,1.0,60.0,1.0,0.0,0.0,0.0,0.0,1.0,,,,,,,,,,
mcdufpe01,1973,1,NYR,NHL,6.0,340.0,3.0,2.0,1.0,0.0,0.0,18.0,,,,,,,,,,
mcdufpe01,1974,1,KCS,NHL,36.0,2100.0,7.0,25.0,4.0,1.0,0.0,148.0,,,,,,,,,,
mcdufpe01,1975,1,DET,NHL,4.0,240.0,0.0,3.0,1.0,0.0,0.0,22.0,,,,,,,,,,
mcdufpe01,1977,1,IND,WHA,12.0,539.0,1.0,6.0,1.0,1.0,0.0,39.0,313.0,,,,,,,,,
mcelhcu01,2007,1,CAL,NHL,5.0,150.0,0.0,2.0,0.0,1.0,0.0,5.0,51.0,,,,,,,,,
mcelhcu01,2008,1,CAL,NHL,14.0,518.0,1.0,6.0,1.0,3.0,0.0,31.0,280.0,1.0,34.0,0.0,0.0,,0.0,0.0,1.0,10.0
mcelhcu01,2009,1,CAL,NHL,10.0,502.0,3.0,4.0,0.0,1.0,0.0,27.0,235.0,,,,,,,,,
mcelhcu01,2009,2,AND,NHL,10.0,521.0,5.0,1.0,2.0,0.0,0.0,24.0,288.0,,,,,,,,,
mcgrato01,1947,1,DET,NHL,1.0,8.0,0.0,0.0,0.0,,0.0,1.0,,,,,,,,,,
mckayro01,1990,1,HAR,NHL,1.0,35.0,0.0,0.0,0.0,0.0,0.0,3.0,15.0,,,,,,,,,
mckenbi01,1973,1,DET,NHL,13.0,720.0,4.0,4.0,4.0,0.0,1.0,43.0,,,,,,,,,,
mckenbi01,1974,1,DET,NHL,13.0,740.0,1.0,9.0,2.0,1.0,0.0,58.0,,,,,,,,,,
mckenbi01,1975,1,KCS,NHL,22.0,1120.0,1.0,16.0,1.0,1.0,0.0,97.0,,,,,,,,,,
mckenbi01,1976,1,COR,NHL,5.0,200.0,0.0,2.0,1.0,0.0,0.0,8.0,,,,,,,,,,
mckenbi01,1977,1,COR,NHL,12.0,654.0,3.0,6.0,2.0,1.0,0.0,42.0,,,,,,,,,,
mckenbi01,1979,1,COR,NHL,26.0,1342.0,9.0,12.0,3.0,1.0,1.0,78.0,,,,,,,,,,
mckenmi01,2008,1,TBL,NHL,15.0,776.0,4.0,8.0,1.0,2.0,1.0,46.0,406.0,,,,,,,,,
mckicst01,1990,1,VAN,NHL,1.0,20.0,0.0,0.0,0.0,0.0,0.0,2.0,8.0,,,,,,,,,
mclacmu01,1970,1,TOR,NHL,2.0,25.0,0.0,1.0,0.0,0.0,0.0,4.0,,,,,,,,,,
mcleaki01,1985,1,NJD,NHL,2.0,111.0,1.0,1.0,0.0,0.0,0.0,11.0,59.0,,,,,,,,,
mcleaki01,1986,1,NJD,NHL,4.0,160.0,1.0,1.0,0.0,1.0,0.0,10.0,73.0,,,,,,,,,
mcleaki01,1987,1,VAN,NHL,41.0,2380.0,11.0,27.0,3.0,4.0,1.0,147.0,1178.0,,,,,,,,,
mcleaki01,1988,1,VAN,NHL,42.0,2477.0,20.0,17.0,3.0,3.0,4.0,127.0,1169.0,5.0,302.0,2.0,3.0,,0.0,0.0,18.0,167.0
mcleaki01,1989,1,VAN,NHL,63.0,3739.0,21.0,30.0,10.0,7.0,0.0,216.0,1804.0,,,,,,,,,
mcleaki01,1990,1,VAN,NHL,41.0,1969.0,10.0,22.0,3.0,3.0,0.0,131.0,983.0,2.0,123.0,1.0,1.0,,0.0,0.0,7.0,66.0
mcleaki01,1991,1,VAN,NHL,65.0,3852.0,38.0,17.0,9.0,1.0,5.0,176.0,1780.0,13.0,785.0,6.0,7.0,,2.0,2.0,33.0,364.0
mcleaki01,1992,1,VAN,NHL,54.0,3261.0,28.0,21.0,5.0,0.0,3.0,184.0,1615.0,12.0,754.0,6.0,6.0,,1.0,0.0,42.0,369.0
mcleaki01,1993,1,VAN,NHL,52.0,3128.0,23.0,26.0,3.0,5.0,3.0,156.0,1430.0,24.0,1544.0,15.0,9.0,,2.0,4.0,59.0,820.0
mcleaki01,1994,1,VAN,NHL,40.0,2374.0,18.0,12.0,10.0,1.0,1.0,109.0,1140.0,11.0,660.0,4.0,7.0,,0.0,0.0,36.0,336.0
mcleaki01,1995,1,VAN,NHL,45.0,2645.0,15.0,21.0,9.0,4.0,2.0,156.0,1292.0,1.0,21.0,0.0,1.0,,0.0,0.0,3.0,12.0
mcleaki01,1996,1,VAN,NHL,44.0,2581.0,21.0,18.0,3.0,3.0,0.0,138.0,1247.0,,,,,,,,,
mcleaki01,1997,1,VAN,NHL,29.0,1583.0,6.0,17.0,4.0,1.0,1.0,97.0,800.0,,,,,,,,,
mcleaki01,1997,2,CAR,NHL,8.0,401.0,4.0,2.0,0.0,0.0,0.0,22.0,181.0,,,,,,,,,
mcleaki01,1997,3,FLO,NHL,7.0,406.0,4.0,2.0,1.0,0.0,0.0,22.0,207.0,,,,,,,,,
mcleaki01,1998,1,FLO,NHL,30.0,1597.0,9.0,10.0,4.0,1.0,2.0,73.0,727.0,,,,,,,,,
mcleaki01,1999,1,NYR,NHL,22.0,1206.0,7.0,8.0,4.0,2.0,0.0,58.0,558.0,,,,,,,,,
mcleaki01,2000,1,NYR,NHL,23.0,1220.0,8.0,10.0,1.0,0.0,0.0,71.0,639.0,,,,,,,,,
mclelda01,1972,1,VAN,NHL,2.0,120.0,1.0,1.0,0.0,0.0,0.0,10.0,,,,,,,,,,
mclenja01,1993,1,NYI,NHL,22.0,1287.0,8.0,7.0,6.0,0.0,0.0,61.0,639.0,2.0,82.0,0.0,1.0,,0.0,0.0,6.0,47.0
mclenja01,1994,1,NYI,NHL,21.0,1185.0,6.0,11.0,2.0,1.0,0.0,67.0,539.0,,,,,,,,,
mclenja01,1995,1,NYI,NHL,13.0,636.0,3.0,9.0,1.0,1.0,0.0,39.0,342.0,,,,,,,,,
mclenja01,1997,1,STL,NHL,30.0,1658.0,16.0,8.0,2.0,1.0,2.0,60.0,618.0,1.0,14.0,0.0,0.0,,0.0,0.0,1.0,4.0
mclenja01,1998,1,STL,NHL,33.0,1763.0,13.0,14.0,4.0,3.0,3.0,70.0,640.0,1.0,37.0,0.0,1.0,,1.0,0.0,0.0,7.0
mclenja01,1999,1,STL,NHL,19.0,1009.0,9.0,5.0,2.0,0.0,2.0,33.0,341.0,,,,,,,,,
mclenja01,2000,1,MIN,NHL,38.0,2230.0,5.0,23.0,9.0,2.0,2.0,98.0,1032.0,,,,,,,,,
mclenja01,2002,1,CAL,NHL,22.0,1165.0,2.0,11.0,4.0,2.0,0.0,58.0,537.0,,,,,,,,,
mclenja01,2003,1,CAL,NHL,26.0,1446.0,12.0,9.0,3.0,2.0,4.0,53.0,587.0,,,,,,,,,
mclenja01,2003,2,NYR,NHL,4.0,244.0,1.0,3.0,0.0,1.0,0.0,12.0,97.0,,,,,,,,,
mclenja01,2005,1,FLO,NHL,17.0,678.0,2.0,4.0,2.0,1.0,0.0,34.0,360.0,,,,,,,,,
mclenja01,2006,1,CAL,NHL,9.0,533.0,3.0,5.0,1.0,2.0,0.0,32.0,304.0,1.0,0.0,0.0,0.0,,0.0,0.0,0.0,0.0
mcleodo01,1970,1,DET,NHL,14.0,698.0,3.0,7.0,0.0,2.0,0.0,60.0,,,,,,,,,,
mcleodo01,1971,1,PHI,NHL,4.0,181.0,0.0,3.0,1.0,1.0,0.0,14.0,,,,,,,,,,
mcleodo01,1972,1,HOU,WHA,41.0,2410.0,19.0,20.0,1.0,1.0,1.0,143.0,1230.0,3.0,178.0,0.0,3.0,,1.0,0.0,8.0,76.0
mcleodo01,1973,1,HOU,WHA,49.0,2971.0,33.0,13.0,3.0,3.0,3.0,127.0,1432.0,14.0,842.0,12.0,2.0,,0.0,0.0,35.0,386.0
mcleodo01,1974,1,VAB,WHA,72.0,4184.0,33.0,35.0,2.0,7.0,1.0,233.0,2109.0,,,,,,,,,
mcleodo01,1975,1,CAC,WHA,63.0,3534.0,30.0,27.0,3.0,2.0,1.0,206.0,1599.0,10.0,579.0,5.0,5.0,,0.0,0.0,37.0,
mcleodo01,1976,1,CAC,WHA,67.0,3701.0,25.0,34.0,5.0,5.0,3.0,210.0,1736.0,,,,,,,,,
mcleodo01,1977,1,QUN,WHA,7.0,403.0,2.0,4.0,0.0,1.0,0.0,28.0,215.0,,,,,,,,,
mcleodo01,1977,2,EDO,WHA,33.0,1723.0,15.0,10.0,1.0,2.0,2.0,102.0,750.0,4.0,207.0,1.0,3.0,,0.0,1.0,16.0,
mcleoji01,1971,1,STL,NHL,16.0,880.0,6.0,6.0,4.0,1.0,0.0,44.0,,,,,,,,,,
mcleoji01,1972,1,CHC,WHA,54.0,2996.0,22.0,25.0,2.0,4.0,1.0,166.0,1742.0,,,,,,,,,
mcleoji01,1973,1,NYJ,WHA,10.0,516.0,3.0,7.0,0.0,1.0,0.0,36.0,296.0,,,,,,,,,
mcleoji01,1973,2,LAS,WHA,17.0,969.0,4.0,13.0,0.0,1.0,1.0,69.0,481.0,,,,,,,,,
mcleoji01,1974,1,MIB,WHA,16.0,694.0,3.0,6.0,1.0,1.0,0.0,53.0,421.0,,,,,,,,,
mcnamge01,1960,1,TOR,NHL,5.0,300.0,2.0,2.0,1.0,,0.0,13.0,,,,,,,,,,
mcnamge01,1969,1,TOR,NHL,2.0,23.0,0.0,0.0,0.0,0.0,0.0,2.0,,,,,,,,,,
mcneige01,1947,1,MTL,NHL,2.0,95.0,0.0,1.0,1.0,,0.0,7.0,,,,,,,,,,
mcneige01,1949,1,MTL,NHL,6.0,360.0,3.0,1.0,2.0,,1.0,9.0,,2.0,135.0,1.0,1.0,,,0.0,5.0,
mcneige01,1950,1,MTL,NHL,70.0,4200.0,25.0,30.0,15.0,,6.0,184.0,,11.0,775.0,5.0,6.0,,,1.0,25.0,
mcneige01,1951,1,MTL,NHL,70.0,4200.0,34.0,26.0,10.0,,5.0,164.0,,11.0,688.0,4.0,7.0,,,1.0,23.0,
mcneige01,1952,1,MTL,NHL,66.0,3960.0,25.0,23.0,18.0,,10.0,140.0,,8.0,487.0,5.0,3.0,,,2.0,16.0,
mcneige01,1953,1,MTL,NHL,53.0,3180.0,28.0,19.0,6.0,,6.0,114.0,,3.0,190.0,2.0,1.0,,,1.0,3.0,
mcneige01,1956,1,MTL,NHL,9.0,540.0,4.0,5.0,0.0,,0.0,32.0,,,,,,,,,,
mcraego01,1972,1,TOR,NHL,11.0,620.0,7.0,3.0,0.0,0.0,0.0,39.0,,,,,,,,,,
mcraego01,1974,1,TOR,NHL,20.0,1063.0,10.0,3.0,6.0,0.0,0.0,57.0,,7.0,441.0,2.0,5.0,,0.0,0.0,21.0,
mcraego01,1975,1,TOR,NHL,20.0,956.0,6.0,5.0,2.0,1.0,0.0,59.0,,1.0,13.0,0.0,0.0,,0.0,0.0,1.0,
mcraego01,1976,1,TOR,NHL,2.0,120.0,0.0,1.0,1.0,0.0,0.0,9.0,,,,,,,,,,
mcraego01,1977,1,TOR,NHL,18.0,1040.0,7.0,10.0,1.0,3.0,1.0,57.0,,,,,,,,,,
mcvicro01,2005,1,VAN,NHL,1.0,3.0,0.0,0.0,0.0,0.0,0.0,0.0,0.0,,,,,,,,,
melanro01,1980,1,NYI,NHL,11.0,620.0,8.0,1.0,1.0,0.0,0.0,32.0,,3.0,92.0,1.0,0.0,,0.0,0.0,6.0,
melanro01,1981,1,NYI,NHL,36.0,2115.0,22.0,7.0,6.0,3.0,0.0,114.0,,3.0,64.0,0.0,1.0,,0.0,0.0,5.0,
melanro01,1982,1,NYI,NHL,44.0,2460.0,24.0,12.0,5.0,3.0,1.0,109.0,1206.0,5.0,238.0,2.0,2.0,,0.0,0.0,10.0,
melanro01,1983,1,NYI,NHL,37.0,2019.0,20.0,11.0,2.0,1.0,0.0,110.0,1129.0,6.0,87.0,0.0,1.0,,1.0,0.0,5.0,32.0
melanro01,1984,1,NYI,NHL,8.0,425.0,3.0,3.0,0.0,0.0,0.0,35.0,257.0,,,,,,,,,
melanro01,1984,2,MNS,NHL,20.0,1142.0,5.0,10.0,3.0,1.0,0.0,78.0,587.0,,,,,,,,,
melanro01,1985,1,MNS,NHL,6.0,325.0,2.0,1.0,2.0,0.0,0.0,24.0,175.0,,,,,,,,,
melanro01,1985,2,LAK,NHL,22.0,1246.0,4.0,16.0,1.0,8.0,0.0,87.0,654.0,,,,,,,,,
melanro01,1986,1,LAK,NHL,46.0,2734.0,18.0,21.0,6.0,3.0,1.0,168.0,1420.0,5.0,260.0,1.0,4.0,,1.0,0.0,24.0,154.0
melanro01,1987,1,LAK,NHL,47.0,2676.0,17.0,20.0,7.0,2.0,2.0,195.0,1399.0,1.0,60.0,0.0,1.0,,0.0,0.0,9.0,50.0
melanro01,1988,1,LAK,NHL,4.0,178.0,1.0,1.0,0.0,0.0,0.0,19.0,109.0,,,,,,,,,
melanro01,1990,1,NJD,NHL,1.0,20.0,0.0,0.0,0.0,0.0,0.0,2.0,7.0,,,,,,,,,
melanro01,1991,1,MTL,NHL,9.0,492.0,5.0,3.0,0.0,0.0,2.0,22.0,195.0,,,,,,,,,
melocgi01,1970,1,CHI,NHL,2.0,120.0,2.0,0.0,0.0,0.0,0.0,6.0,,,,,,,,,,
melocgi01,1971,1,CLF,NHL,56.0,3121.0,16.0,25.0,13.0,3.0,4.0,173.0,,,,,,,,,,
melocgi01,1972,1,CLF,NHL,59.0,3473.0,12.0,32.0,14.0,1.0,1.0,235.0,,,,,,,,,,
melocgi01,1973,1,CLF,NHL,47.0,2800.0,9.0,33.0,5.0,2.0,1.0,198.0,,,,,,,,,,
melocgi01,1974,1,CLF,NHL,47.0,2771.0,9.0,27.0,10.0,4.0,1.0,186.0,,,,,,,,,,
melocgi01,1975,1,CLF,NHL,41.0,2440.0,12.0,23.0,6.0,3.0,1.0,140.0,,,,,,,,,,
melocgi01,1976,1,CLE,NHL,51.0,2961.0,19.0,24.0,6.0,1.0,2.0,171.0,,,,,,,,,,
melocgi01,1977,1,CLE,NHL,54.0,3100.0,16.0,27.0,8.0,0.0,1.0,195.0,,,,,,,,,,
melocgi01,1978,1,MNS,NHL,53.0,3118.0,20.0,25.0,7.0,4.0,2.0,173.0,,,,,,,,,,
melocgi01,1979,1,MNS,NHL,54.0,3141.0,27.0,20.0,5.0,1.0,1.0,160.0,,11.0,564.0,5.0,4.0,,0.0,1.0,34.0,
melocgi01,1980,1,MNS,NHL,38.0,2215.0,17.0,14.0,6.0,1.0,2.0,120.0,,13.0,802.0,8.0,5.0,,1.0,0.0,47.0,
melocgi01,1981,1,MNS,NHL,51.0,3026.0,26.0,15.0,9.0,2.0,1.0,175.0,,4.0,184.0,1.0,2.0,,1.0,0.0,8.0,
melocgi01,1982,1,MNS,NHL,47.0,2689.0,20.0,13.0,11.0,2.0,1.0,160.0,1411.0,5.0,319.0,2.0,3.0,,1.0,0.0,18.0,
melocgi01,1983,1,MNS,NHL,52.0,2883.0,21.0,17.0,8.0,3.0,2.0,201.0,1524.0,4.0,200.0,1.0,2.0,,2.0,0.0,11.0,88.0
melocgi01,1984,1,MNS,NHL,32.0,1817.0,10.0,13.0,6.0,1.0,0.0,115.0,949.0,8.0,395.0,4.0,3.0,,0.0,1.0,25.0,256.0
melocgi01,1985,1,PIT,NHL,34.0,1989.0,13.0,15.0,5.0,5.0,0.0,119.0,1003.0,,,,,,,,,
melocgi01,1986,1,PIT,NHL,43.0,2343.0,13.0,19.0,7.0,3.0,0.0,134.0,1123.0,,,,,,,,,
melocgi01,1987,1,PIT,NHL,27.0,1394.0,8.0,9.0,5.0,2.0,0.0,95.0,722.0,,,,,,,,,
menarpa01,1972,1,CHC,WHA,1.0,45.0,0.0,1.0,0.0,0.0,0.0,5.0,23.0,,,,,,,,,
micalco01,1981,1,DET,NHL,18.0,809.0,4.0,10.0,1.0,1.0,0.0,63.0,,,,,,,,,,
micalco01,1982,1,DET,NHL,34.0,1756.0,11.0,13.0,5.0,5.0,2.0,106.0,766.0,,,,,,,,,
micalco01,1983,1,DET,NHL,14.0,808.0,5.0,8.0,1.0,4.0,0.0,52.0,361.0,1.0,7.0,0.0,0.0,,0.0,0.0,2.0,5.0
micalco01,1984,1,DET,NHL,36.0,1856.0,5.0,19.0,7.0,2.0,0.0,136.0,986.0,2.0,42.0,0.0,0.0,,0.0,0.0,6.0,18.0
micalco01,1985,1,DET,NHL,11.0,565.0,1.0,9.0,1.0,0.0,0.0,52.0,342.0,,,,,,,,,
michaal01,1999,1,VAN,NHL,2.0,69.0,0.0,1.0,0.0,0.0,0.0,5.0,27.0,,,,,,,,,
michaol01,2001,1,MTL,NHL,1.0,18.0,0.0,0.0,0.0,0.0,0.0,0.0,14.0,,,,,,,,,
middlli01,1979,1,WIN,NHL,10.0,580.0,2.0,8.0,0.0,2.0,0.0,40.0,,,,,,,,,,
middlli01,1980,1,WIN,NHL,14.0,653.0,0.0,9.0,3.0,0.0,0.0,65.0,,,,,,,,,,
middlli01,1981,1,MNS,NHL,3.0,140.0,0.0,0.0,2.0,0.0,0.0,7.0,,,,,,,,,,
middlli01,1982,1,NJD,NHL,9.0,412.0,0.0,6.0,1.0,0.0,0.0,37.0,220.0,,,,,,,,,
middlli01,1982,2,EDM,NHL,1.0,60.0,1.0,0.0,0.0,0.0,0.0,3.0,33.0,,,,,,,,,
millaal01,1957,1,BOS,NHL,6.0,360.0,1.0,4.0,1.0,,0.0,25.0,,,,,,,,,,
millegr01,1978,1,PIT,NHL,28.0,1532.0,14.0,11.0,1.0,2.0,2.0,86.0,,,,,,,,,,
millegr01,1979,1,PIT,NHL,44.0,2586.0,18.0,18.0,7.0,2.0,2.0,157.0,,5.0,300.0,2.0,3.0,,0.0,0.0,21.0,
millegr01,1980,1,PIT,NHL,63.0,3721.0,25.0,27.0,10.0,6.0,0.0,258.0,,5.0,325.0,2.0,3.0,,1.0,0.0,19.0,
millegr01,1981,1,HAR,NHL,55.0,3201.0,11.0,30.0,12.0,5.0,0.0,229.0,,,,,,,,,,
millegr01,1982,1,HAR,NHL,60.0,3520.0,14.0,38.0,6.0,3.0,1.0,282.0,2056.0,,,,,,,,,
millegr01,1983,1,HAR,NHL,60.0,3583.0,21.0,30.0,9.0,5.0,2.0,221.0,1817.0,,,,,,,,,
millegr01,1984,1,HAR,NHL,44.0,2659.0,16.0,22.0,6.0,1.0,1.0,187.0,1288.0,,,,,,,,,
millegr01,1984,2,STL,NHL,10.0,607.0,2.0,7.0,1.0,2.0,0.0,35.0,271.0,1.0,60.0,0.0,1.0,,0.0,0.0,2.0,35.0
millegr01,1985,1,STL,NHL,36.0,2168.0,14.0,16.0,6.0,5.0,1.0,129.0,1140.0,10.0,586.0,6.0,3.0,,3.0,0.0,29.0,330.0
millegr01,1986,1,STL,NHL,42.0,2482.0,15.0,18.0,9.0,3.0,0.0,146.0,1152.0,4.0,250.0,1.0,3.0,,0.0,0.0,10.0,122.0
millegr01,1987,1,STL,NHL,48.0,2854.0,21.0,19.0,7.0,1.0,1.0,167.0,1396.0,10.0,600.0,5.0,5.0,,0.0,0.0,38.0,252.0
millegr01,1988,1,STL,NHL,52.0,3019.0,22.0,20.0,7.0,3.0,6.0,170.0,1411.0,10.0,649.0,5.0,5.0,,0.0,0.0,34.0,308.0
millegr01,1989,1,STL,NHL,21.0,1245.0,11.0,7.0,3.0,2.0,1.0,61.0,556.0,,,,,,,,,
millegr01,1989,2,QUE,NHL,18.0,1080.0,3.0,14.0,1.0,3.0,0.0,95.0,648.0,,,,,,,,,
millegr01,1989,3,CHI,NHL,10.0,575.0,5.0,4.0,1.0,1.0,0.0,32.0,267.0,14.0,613.0,6.0,6.0,,0.0,0.0,40.0,300.0
millegr01,1990,1,CHI,NHL,3.0,58.0,0.0,1.0,0.0,0.0,0.0,4.0,32.0,,,,,,,,,
millegr01,1991,1,DET,NHL,10.0,487.0,3.0,2.0,3.0,2.0,0.0,22.0,212.0,,,,,,,,,
millejo01,1927,1,NYA,NHL,28.0,1721.0,8.0,16.0,4.0,,5.0,77.0,,,,,,,,,,
millejo01,1927,2,NYR,NHL,,,,,,,,,,3.0,180.0,2.0,1.0,0.0,,1.0,3.0,
millejo01,1928,1,PIP,NHL,44.0,2780.0,9.0,27.0,8.0,,11.0,80.0,,,,,,,,,,
millejo01,1929,1,PIP,NHL,43.0,2630.0,5.0,35.0,3.0,,0.0,179.0,,,,,,,,,,
millejo01,1930,1,PHQ,NHL,12.0,740.0,2.0,9.0,1.0,,0.0,47.0,,,,,,,,,,
millery01,2002,1,BUF,NHL,15.0,912.0,6.0,8.0,1.0,1.0,1.0,40.0,410.0,,,,,,,,,
millery01,2003,1,BUF,NHL,3.0,178.0,0.0,3.0,0.0,0.0,0.0,15.0,73.0,,,,,,,,,
millery01,2005,1,BUF,NHL,48.0,2862.0,30.0,14.0,3.0,3.0,1.0,124.0,1440.0,18.0,1123.0,11.0,7.0,,1.0,1.0,48.0,522.0
millery01,2006,1,BUF,NHL,63.0,3692.0,40.0,16.0,6.0,1.0,2.0,168.0,1886.0,16.0,1029.0,9.0,7.0,,1.0,0.0,38.0,489.0
millery01,2007,1,BUF,NHL,76.0,4474.0,36.0,27.0,10.0,8.0,3.0,197.0,2104.0,,,,,,,,,
millery01,2008,1,BUF,NHL,59.0,3443.0,34.0,18.0,6.0,6.0,5.0,145.0,1773.0,,,,,,,,,
millery01,2009,1,BUF,NHL,69.0,4047.0,41.0,18.0,8.0,7.0,5.0,150.0,2098.0,6.0,384.0,2.0,4.0,,1.0,0.0,15.0,204.0
minarmi01,1999,1,EDM,NHL,1.0,60.0,1.0,0.0,0.0,0.0,0.0,3.0,36.0,,,,,,,,,
mioed01,1977,1,IND,WHA,17.0,900.0,6.0,8.0,0.0,1.0,0.0,64.0,470.0,,,,,,,,,
mioed01,1978,1,IND,WHA,5.0,242.0,2.0,2.0,0.0,0.0,1.0,13.0,153.0,,,,,,,,,
mioed01,1978,2,EDO,WHA,22.0,1068.0,7.0,10.0,0.0,2.0,1.0,71.0,482.0,3.0,90.0,0.0,0.0,,1.0,0.0,6.0,
mioed01,1979,1,EDM,NHL,34.0,1711.0,9.0,13.0,5.0,2.0,1.0,120.0,,,,,,,,,,
mioed01,1980,1,EDM,NHL,43.0,2393.0,16.0,15.0,9.0,4.0,0.0,155.0,,,,,,,,,,
mioed01,1981,1,NYR,NHL,25.0,1500.0,13.0,6.0,5.0,0.0,0.0,89.0,,8.0,443.0,4.0,3.0,,1.0,0.0,28.0,
mioed01,1982,1,NYR,NHL,41.0,2365.0,16.0,18.0,6.0,3.0,2.0,136.0,1159.0,8.0,480.0,5.0,3.0,,0.0,0.0,32.0,
mioed01,1983,1,DET,NHL,24.0,1295.0,7.0,11.0,3.0,3.0,1.0,95.0,677.0,1.0,63.0,0.0,1.0,,0.0,0.0,3.0,24.0
mioed01,1984,1,DET,NHL,7.0,376.0,1.0,3.0,2.0,1.0,0.0,27.0,174.0,,,,,,,,,
mioed01,1985,1,DET,NHL,18.0,788.0,2.0,7.0,0.0,0.0,0.0,83.0,453.0,,,,,,,,,
mitchiv01,1919,1,TRS,NHL,16.0,830.0,6.0,7.0,0.0,,0.0,60.0,,,,,,,,,,
mitchiv01,1920,1,TRS,NHL,4.0,240.0,2.0,2.0,0.0,,0.0,22.0,,,,,,,,,,
mitchiv01,1921,1,TRS,NHL,2.0,120.0,2.0,0.0,0.0,,0.0,6.0,,,,,,,,,,
mitchmi01,1914,1,PO1,PCHA,18.0,1113.0,9.0,9.0,0.0,,0.0,83.0,,,,,,,,,,
moffami01,1981,1,BOS,NHL,2.0,120.0,2.0,0.0,0.0,0.0,0.0,6.0,,11.0,663.0,6.0,5.0,,0.0,0.0,38.0,
moffami01,1982,1,BOS,NHL,13.0,673.0,4.0,6.0,1.0,1.0,0.0,49.0,271.0,,,,,,,,,
moffami01,1983,1,BOS,NHL,4.0,186.0,1.0,1.0,1.0,0.0,0.0,15.0,81.0,,,,,,,,,
montoal01,2008,1,PHO,NHL,5.0,259.0,3.0,1.0,0.0,0.0,1.0,9.0,120.0,,,,,,,,,
moogan01,1980,1,EDM,NHL,7.0,313.0,3.0,3.0,0.0,0.0,0.0,20.0,,9.0,526.0,5.0,4.0,,1.0,0.0,32.0,
moogan01,1981,1,EDM,NHL,8.0,399.0,3.0,5.0,0.0,2.0,0.0,32.0,,,,,,,,,,
moogan01,1982,1,EDM,NHL,50.0,2833.0,33.0,8.0,7.0,1.0,1.0,167.0,1531.0,16.0,949.0,11.0,5.0,,2.0,0.0,48.0,
moogan01,1983,1,EDM,NHL,38.0,2212.0,27.0,8.0,1.0,2.0,1.0,139.0,1179.0,7.0,263.0,4.0,0.0,,0.0,0.0,12.0,110.0
moogan01,1984,1,EDM,NHL,39.0,2019.0,22.0,9.0,3.0,1.0,1.0,111.0,1050.0,2.0,20.0,0.0,0.0,,0.0,0.0,0.0,3.0
moogan01,1985,1,EDM,NHL,47.0,2664.0,27.0,9.0,7.0,2.0,1.0,164.0,1480.0,1.0,60.0,1.0,0.0,,0.0,0.0,1.0,27.0
moogan01,1986,1,EDM,NHL,46.0,2461.0,28.0,11.0,3.0,2.0,0.0,144.0,1218.0,2.0,120.0,2.0,0.0,,0.0,0.0,8.0,37.0
moogan01,1987,1,BOS,NHL,6.0,360.0,4.0,2.0,0.0,1.0,1.0,17.0,181.0,7.0,354.0,1.0,4.0,,0.0,0.0,25.0,166.0
moogan01,1988,1,BOS,NHL,41.0,2482.0,18.0,14.0,8.0,0.0,1.0,133.0,1079.0,6.0,359.0,4.0,2.0,,0.0,0.0,14.0,136.0
moogan01,1989,1,BOS,NHL,46.0,2536.0,24.0,10.0,7.0,0.0,3.0,122.0,1145.0,20.0,1195.0,13.0,7.0,,2.0,2.0,44.0,486.0
moogan01,1990,1,BOS,NHL,51.0,2844.0,25.0,13.0,9.0,1.0,4.0,136.0,1307.0,19.0,1133.0,10.0,9.0,,2.0,0.0,60.0,569.0
moogan01,1991,1,BOS,NHL,62.0,3640.0,28.0,22.0,9.0,7.0,1.0,196.0,1727.0,15.0,866.0,8.0,7.0,,1.0,1.0,46.0,385.0
moogan01,1992,1,BOS,NHL,55.0,3194.0,37.0,14.0,3.0,1.0,3.0,168.0,1357.0,3.0,161.0,0.0,3.0,,0.0,0.0,14.0,67.0
moogan01,1993,1,DAL,NHL,55.0,3121.0,24.0,20.0,7.0,7.0,2.0,170.0,1604.0,4.0,246.0,1.0,3.0,,0.0,0.0,12.0,121.0
moogan01,1994,1,DAL,NHL,31.0,1770.0,10.0,12.0,7.0,1.0,2.0,72.0,846.0,5.0,277.0,1.0,4.0,,0.0,0.0,16.0,169.0
moogan01,1995,1,DAL,NHL,41.0,2228.0,13.0,19.0,7.0,6.0,1.0,111.0,1106.0,,,,,,,,,
moogan01,1996,1,DAL,NHL,48.0,2738.0,28.0,13.0,5.0,0.0,3.0,98.0,1121.0,7.0,449.0,3.0,4.0,,0.0,0.0,21.0,214.0
moogan01,1997,1,MTL,NHL,42.0,2337.0,18.0,17.0,5.0,1.0,3.0,97.0,1024.0,9.0,474.0,4.0,5.0,,1.0,1.0,24.0,204.0
mooreal01,1936,1,NYA,NHL,18.0,1110.0,7.0,11.0,0.0,,1.0,64.0,,,,,,,,,,
mooreal01,1937,1,CHI,NHL,,,,,,,,,,1.0,60.0,1.0,0.0,,,0.0,1.0,
mooreal01,1938,1,NYA,NHL,2.0,120.0,0.0,2.0,0.0,,0.0,14.0,,2.0,120.0,0.0,2.0,,,0.0,6.0,
mooreal01,1939,1,DET,NHL,1.0,60.0,0.0,1.0,0.0,,0.0,3.0,,,,,,,,,,
moorero01,1978,1,PHI,NHL,5.0,237.0,3.0,0.0,1.0,0.0,2.0,7.0,,5.0,268.0,3.0,2.0,,0.0,0.0,18.0,
moorero01,1982,1,WAS,NHL,1.0,20.0,0.0,1.0,0.0,1.0,0.0,1.0,8.0,,,,,,,,,
moranpa01,1909,1,HAI,NHA,11.0,665.0,3.0,8.0,0.0,,0.0,80.0,,,,,,,,,,
moranpa01,1910,1,QU1,NHA,16.0,983.0,4.0,12.0,0.0,,0.0,97.0,,,,,,,,,,
moranpa01,1911,1,QU1,NHA,18.0,1099.0,10.0,8.0,0.0,,0.0,78.0,,,,,,,,,,
moranpa01,1912,1,QU1,NHA,20.0,1215.0,16.0,4.0,0.0,,1.0,75.0,,,,,,,,,,
moranpa01,1913,1,QU1,NHA,20.0,1225.0,12.0,8.0,0.0,,1.0,73.0,,,,,,,,,,
moranpa01,1914,1,QU1,NHA,20.0,1305.0,11.0,9.0,0.0,,0.0,85.0,,,,,,,,,,
moranpa01,1915,1,QU1,NHA,22.0,1391.0,10.0,10.0,2.0,,0.0,82.0,,,,,,,,,,
moranpa01,1916,1,QU1,NHA,6.0,377.0,1.0,5.0,0.0,,0.0,34.0,,,,,,,,,,
morisje01,1963,1,MTL,NHL,1.0,36.0,0.0,1.0,0.0,0.0,0.0,4.0,,,,,,,,,,
morrimi01,2005,1,EDM,NHL,21.0,892.0,10.0,4.0,2.0,0.0,0.0,42.0,361.0,,,,,,,,,
morrimi01,2005,2,OTT,NHL,4.0,207.0,1.0,0.0,1.0,0.0,0.0,12.0,96.0,,,,,,,,,
morrimi01,2006,1,PHO,NHL,4.0,127.0,0.0,3.0,0.0,0.0,0.0,13.0,62.0,,,,,,,,,
mossty01,1997,1,CAL,NHL,6.0,367.0,2.0,3.0,1.0,0.0,0.0,20.0,186.0,,,,,,,,,
mossty01,1998,1,CAL,NHL,11.0,550.0,3.0,7.0,0.0,0.0,0.0,23.0,295.0,,,,,,,,,
mossty01,2000,1,CAR,NHL,12.0,557.0,1.0,6.0,0.0,1.0,0.0,37.0,251.0,,,,,,,,,
mossty01,2002,1,VAN,NHL,1.0,22.0,0.0,0.0,0.0,0.0,0.0,1.0,14.0,,,,,,,,,
mowerjo01,1940,1,DET,NHL,48.0,3040.0,21.0,16.0,11.0,,4.0,102.0,,9.0,561.0,4.0,5.0,,,0.0,20.0,
mowerjo01,1941,1,DET,NHL,47.0,2880.0,19.0,25.0,3.0,,5.0,144.0,,12.0,720.0,7.0,5.0,,,0.0,38.0,
mowerjo01,1942,1,DET,NHL,50.0,3010.0,25.0,14.0,11.0,,6.0,124.0,,10.0,680.0,8.0,2.0,,,2.0,22.0,
mowerjo01,1946,1,DET,NHL,7.0,420.0,0.0,6.0,1.0,,0.0,29.0,,1.0,40.0,0.0,1.0,,,0.0,5.0,
mrazeje01,1975,1,PHI,NHL,1.0,6.0,0.0,0.0,0.0,0.0,0.0,1.0,,,,,,,,,,
mummeha01,1919,1,QUB,NHL,3.0,142.0,1.0,1.0,0.0,,0.0,18.0,,,,,,,,,,
mummeha01,1921,1,HAM,NHL,1.0,49.0,1.0,0.0,0.0,,0.0,2.0,,,,,,,,,,
munroad01,2003,1,CHI,NHL,7.0,426.0,1.0,5.0,1.0,1.0,0.0,26.0,217.0,,,,,,,,,
munroad01,2005,1,CHI,NHL,10.0,501.0,3.0,5.0,2.0,1.0,1.0,25.0,234.0,,,,,,,,,
munrodu01,1924,1,MTM,NHL,1.0,2.0,0.0,0.0,0.0,,0.0,0.0,,,,,,,,,,
murphha01,1952,1,MTL,NHL,1.0,60.0,1.0,0.0,0.0,,0.0,4.0,,,,,,,,,,
murrami01,1929,1,MTL,NHL,1.0,60.0,0.0,1.0,0.0,,0.0,4.0,,,,,,,,,,
murrato01,1915,1,PO1,PCHA,18.0,1092.0,13.0,5.0,0.0,,2.0,50.0,,,,,,,,,,
murrato01,1916,1,PO1,PCHA,24.0,1464.0,9.0,15.0,0.0,,0.0,112.0,,,,,,,,,,
murrato01,1917,1,PO1,PCHA,18.0,1132.0,7.0,11.0,0.0,,0.0,75.0,,,,,,,,,,
murrato01,1918,1,VA2,PCHA,20.0,1252.0,7.0,13.0,0.0,,2.0,81.0,,,,,,,,,,
murrato01,1921,1,VML,PCHA,2.0,120.0,0.0,2.0,0.0,,0.0,6.0,,,,,,,,,,
murrato01,1922,1,SAC,WCHL,12.0,664.0,4.0,8.0,0.0,,1.0,46.0,,,,,,,,,,
muzzaja01,1993,1,CAL,NHL,1.0,60.0,0.0,1.0,0.0,0.0,0.0,8.0,35.0,,,,,,,,,
muzzaja01,1994,1,CAL,NHL,1.0,10.0,0.0,0.0,0.0,0.0,0.0,0.0,8.0,,,,,,,,,
muzzaja01,1995,1,HAR,NHL,22.0,1013.0,4.0,8.0,3.0,3.0,1.0,49.0,551.0,,,,,,,,,
muzzaja01,1996,1,HAR,NHL,31.0,1591.0,9.0,13.0,5.0,1.0,0.0,91.0,815.0,,,,,,,,,
muzzaja01,1997,1,NYR,NHL,6.0,313.0,0.0,3.0,2.0,1.0,0.0,17.0,156.0,,,,,,,,,
muzzaja01,1997,2,SJS,NHL,1.0,27.0,0.0,0.0,0.0,0.0,0.0,2.0,13.0,,,,,,,,,
myllyja01,1988,1,MNS,NHL,6.0,238.0,1.0,4.0,0.0,0.0,0.0,22.0,138.0,,,,,,,,,
myllyja01,1989,1,MNS,NHL,4.0,156.0,0.0,3.0,0.0,1.0,0.0,16.0,83.0,,,,,,,,,
myllyja01,1990,1,MNS,NHL,2.0,78.0,0.0,2.0,0.0,1.0,0.0,8.0,57.0,,,,,,,,,
myllyja01,1991,1,SJS,NHL,27.0,1374.0,3.0,18.0,1.0,6.0,0.0,115.0,862.0,,,,,,,,,
mylnise01,1989,1,QUE,NHL,10.0,568.0,1.0,7.0,2.0,1.0,0.0,47.0,330.0,,,,,,,,,
myreph01,1969,1,MTL,NHL,10.0,503.0,4.0,3.0,2.0,0.0,0.0,19.0,,,,,,,,,,
myreph01,1970,1,MTL,NHL,30.0,1677.0,13.0,11.0,4.0,1.0,1.0,87.0,,,,,,,,,,
myreph01,1971,1,MTL,NHL,9.0,528.0,4.0,5.0,0.0,0.0,0.0,32.0,,,,,,,,,,
myreph01,1972,1,ATF,NHL,46.0,2736.0,16.0,23.0,5.0,1.0,2.0,138.0,,,,,,,,,,
myreph01,1973,1,ATF,NHL,36.0,2020.0,11.0,16.0,6.0,0.0,0.0,112.0,,3.0,186.0,0.0,3.0,,0.0,0.0,13.0,
myreph01,1974,1,ATF,NHL,40.0,2400.0,14.0,16.0,10.0,2.0,5.0,114.0,,,,,,,,,,
myreph01,1975,1,ATF,NHL,37.0,2129.0,16.0,16.0,4.0,0.0,1.0,122.0,,,,,,,,,,
myreph01,1976,1,ATF,NHL,43.0,2422.0,17.0,17.0,7.0,0.0,3.0,124.0,,2.0,120.0,1.0,1.0,,1.0,0.0,5.0,
myreph01,1977,1,ATF,NHL,9.0,523.0,2.0,7.0,0.0,0.0,0.0,43.0,,,,,,,,,,
myreph01,1977,2,STL,NHL,44.0,2620.0,11.0,25.0,8.0,2.0,1.0,159.0,,,,,,,,,,
myreph01,1978,1,STL,NHL,39.0,2259.0,9.0,22.0,8.0,2.0,1.0,163.0,,,,,,,,,,
myreph01,1979,1,PHI,NHL,41.0,2367.0,18.0,7.0,15.0,2.0,0.0,141.0,,6.0,384.0,5.0,1.0,,0.0,1.0,16.0,
myreph01,1980,1,PHI,NHL,16.0,900.0,6.0,5.0,4.0,1.0,0.0,61.0,,,,,,,,,,
myreph01,1980,2,COR,NHL,10.0,580.0,3.0,6.0,1.0,0.0,0.0,33.0,,,,,,,,,,
myreph01,1981,1,COR,NHL,24.0,1256.0,2.0,17.0,2.0,1.0,0.0,112.0,,,,,,,,,,
myreph01,1982,1,BUF,NHL,5.0,300.0,3.0,2.0,0.0,1.0,0.0,21.0,152.0,1.0,57.0,0.0,0.0,,0.0,0.0,7.0,
myshkvl01,1978,1,SOV,WHA,5.0,307.0,3.0,1.0,1.0,0.0,0.0,17.0,145.0,,,,,,,,,
nabokev01,1999,1,SJS,NHL,11.0,414.0,2.0,2.0,1.0,2.0,1.0,15.0,166.0,1.0,20.0,0.0,0.0,,0.0,0.0,0.0,10.0
nabokev01,2000,1,SJS,NHL,66.0,3700.0,32.0,21.0,7.0,3.0,6.0,135.0,1582.0,4.0,218.0,1.0,3.0,,0.0,1.0,10.0,103.0
nabokev01,2001,1,SJS,NHL,67.0,3901.0,37.0,24.0,5.0,5.0,7.0,149.0,1818.0,12.0,712.0,7.0,5.0,,1.0,0.0,31.0,322.0
nabokev01,2002,1,SJS,NHL,55.0,3227.0,19.0,28.0,8.0,5.0,3.0,146.0,1561.0,,,,,,,,,
nabokev01,2003,1,SJS,NHL,59.0,3456.0,31.0,19.0,8.0,0.0,9.0,127.0,1610.0,17.0,1052.0,10.0,7.0,,2.0,3.0,30.0,461.0
nabokev01,2005,1,SJS,NHL,45.0,2575.0,16.0,19.0,7.0,2.0,1.0,133.0,1160.0,1.0,12.0,0.0,0.0,,0.0,0.0,1.0,4.0
nabokev01,2006,1,SJS,NHL,50.0,2778.0,25.0,16.0,4.0,4.0,7.0,106.0,1227.0,11.0,701.0,6.0,5.0,,1.0,1.0,26.0,323.0
nabokev01,2007,1,SJS,NHL,77.0,4561.0,46.0,21.0,8.0,6.0,6.0,163.0,1802.0,13.0,853.0,6.0,7.0,,0.0,1.0,31.0,333.0
nabokev01,2008,1,SJS,NHL,62.0,3686.0,41.0,12.0,8.0,0.0,7.0,150.0,1663.0,6.0,362.0,2.0,4.0,,1.0,0.0,17.0,155.0
nabokev01,2009,1,SJS,NHL,71.0,4194.0,44.0,16.0,10.0,2.0,3.0,170.0,2168.0,15.0,890.0,8.0,7.0,,1.0,1.0,38.0,407.0
naumegr01,2000,1,ANA,NHL,2.0,70.0,0.0,1.0,0.0,0.0,0.0,7.0,29.0,,,,,,,,,
neuvimi01,2008,1,WAS,NHL,5.0,220.0,2.0,1.0,0.0,0.0,0.0,11.0,102.0,,,,,,,,,
neuvimi01,2009,1,WAS,NHL,17.0,872.0,9.0,4.0,0.0,0.0,0.0,40.0,464.0,,,,,,,,,
newtoca01,1970,1,PIT,NHL,5.0,281.0,1.0,3.0,1.0,0.0,0.0,16.0,,,,,,,,,,
newtoca01,1972,1,PIT,NHL,11.0,533.0,3.0,4.0,0.0,2.0,0.0,35.0,,,,,,,,,,
newtoca01,1973,1,CHC,WHA,45.0,2732.0,25.0,18.0,2.0,5.0,1.0,143.0,1352.0,10.0,486.0,2.0,5.0,,0.0,0.0,34.0,254.0
newtoca01,1974,1,CHC,WHA,32.0,1905.0,12.0,20.0,0.0,2.0,0.0,126.0,1198.0,,,,,,,,,
newtoca01,1975,1,DOT,WHA,10.0,573.0,4.0,6.0,0.0,0.0,1.0,35.0,314.0,,,,,,,,,
newtoca01,1975,2,CLC,WHA,15.0,896.0,7.0,7.0,1.0,0.0,0.0,48.0,468.0,1.0,60.0,0.0,1.0,,0.0,0.0,6.0,
nichobi01,1909,1,HAI,NHA,1.0,60.0,1.0,0.0,0.0,,0.0,3.0,,,,,,,,,,
nichobi01,1912,1,TO1,NHA,20.0,1238.0,7.0,13.0,0.0,,0.0,98.0,,,,,,,,,,
nichobi01,1913,1,MOW,NHA,11.0,544.0,4.0,5.0,0.0,,0.0,41.0,,,,,,,,,,
nichobi01,1916,1,TBS,NHA,10.0,598.0,5.0,5.0,0.0,,0.0,40.0,,,,,,,,,,
niemian02,2008,1,CHI,NHL,3.0,141.0,1.0,1.0,1.0,0.0,0.0,8.0,59.0,,,,,,,,,
niemian02,2009,1,CHI,NHL,39.0,2190.0,26.0,7.0,4.0,2.0,7.0,82.0,936.0,22.0,1322.0,16.0,6.0,,4.0,2.0,58.0,645.0
niittan01,2003,1,PHI,NHL,3.0,180.0,3.0,0.0,0.0,0.0,0.0,3.0,77.0,,,,,,,,,
niittan01,2005,1,PHI,NHL,46.0,2690.0,23.0,15.0,6.0,4.0,2.0,133.0,1266.0,2.0,73.0,0.0,0.0,,0.0,0.0,5.0,29.0
niittan01,2006,1,PHI,NHL,52.0,2943.0,9.0,29.0,9.0,8.0,0.0,166.0,1567.0,,,,,,,,,
niittan01,2007,1,PHI,NHL,28.0,1424.0,12.0,9.0,2.0,4.0,1.0,69.0,739.0,,,,,,,,,
niittan01,2008,1,PHI,NHL,32.0,1805.0,15.0,8.0,6.0,1.0,1.0,83.0,947.0,,,,,,,,,
niittan01,2009,1,TBL,NHL,49.0,2657.0,21.0,18.0,5.0,3.0,1.0,127.0,1388.0,,,,,,,,,
noronmi01,2000,1,BUF,NHL,2.0,108.0,2.0,0.0,0.0,0.0,0.0,5.0,39.0,,,,,,,,,
noronmi01,2001,1,BUF,NHL,10.0,518.0,4.0,3.0,1.0,0.0,0.0,23.0,217.0,,,,,,,,,
noronmi01,2002,1,BUF,NHL,16.0,891.0,4.0,9.0,3.0,2.0,1.0,36.0,411.0,,,,,,,,,
noronmi01,2003,1,BUF,NHL,35.0,1796.0,11.0,17.0,2.0,1.0,2.0,77.0,821.0,,,,,,,,,
noronmi01,2005,1,BUF,NHL,4.0,169.0,1.0,2.0,0.0,0.0,0.0,12.0,77.0,,,,,,,,,
noronmi01,2005,2,VAN,NHL,4.0,170.0,1.0,1.0,0.0,0.0,0.0,10.0,77.0,,,,,,,,,
norrefr01,2006,1,CBS,NHL,55.0,2952.0,24.0,23.0,3.0,4.0,3.0,137.0,1420.0,,,,,,,,,
norrefr01,2007,1,CBS,NHL,37.0,1960.0,10.0,19.0,6.0,6.0,2.0,89.0,856.0,,,,,,,,,
norrefr01,2008,1,CBS,NHL,8.0,323.0,1.0,3.0,2.0,0.0,0.0,17.0,133.0,,,,,,,,,
norrija01,1964,1,BOS,NHL,23.0,1380.0,10.0,11.0,2.0,1.0,1.0,85.0,,,,,,,,,,
norrija01,1967,1,CHI,NHL,7.0,334.0,2.0,3.0,0.0,0.0,1.0,22.0,,,,,,,,,,
norrija01,1968,1,CHI,NHL,3.0,100.0,1.0,0.0,0.0,0.0,0.0,10.0,,,,,,,,,,
norrija01,1970,1,LAK,NHL,25.0,1305.0,7.0,11.0,2.0,1.0,0.0,85.0,,,,,,,,,,
norrija01,1972,1,ALB,WHA,64.0,3705.0,28.0,29.0,3.0,3.0,1.0,189.0,1947.0,,,,,,,,,
norrija01,1973,1,EDO,WHA,53.0,2954.0,23.0,24.0,1.0,5.0,2.0,158.0,1546.0,3.0,111.0,0.0,2.0,,0.0,0.0,9.0,73.0
norrija01,1974,1,PHR,WHA,33.0,1962.0,14.0,15.0,4.0,1.0,1.0,107.0,979.0,2.0,100.0,0.0,2.0,,0.0,0.0,10.0,
norrija01,1975,1,PHR,WHA,41.0,2412.0,21.0,14.0,4.0,2.0,1.0,128.0,1177.0,5.0,298.0,2.0,3.0,,0.0,0.0,17.0,
nurmipa01,2001,1,ATL,NHL,9.0,465.0,2.0,5.0,0.0,1.0,0.0,28.0,275.0,,,,,,,,,
nurmipa01,2002,1,ATL,NHL,52.0,2856.0,21.0,19.0,5.0,6.0,2.0,137.0,1452.0,,,,,,,,,
nurmipa01,2003,1,ATL,NHL,64.0,3738.0,25.0,30.0,7.0,12.0,3.0,173.0,1792.0,,,,,,,,,
olescbi01,1975,1,KCS,NHL,1.0,60.0,0.0,1.0,0.0,0.0,0.0,4.0,,,,,,,,,,
olescbi01,1977,1,COR,NHL,2.0,100.0,0.0,2.0,0.0,0.0,0.0,9.0,,,,,,,,,,
olescbi01,1978,1,COR,NHL,40.0,2118.0,6.0,19.0,8.0,2.0,1.0,136.0,,,,,,,,,,
olescbi01,1979,1,COR,NHL,12.0,557.0,1.0,6.0,2.0,0.0,0.0,39.0,,,,,,,,,,
oleseda01,1961,1,NYR,NHL,1.0,29.0,0.0,0.0,1.0,,0.0,2.0,,,,,,,,,,
oneilmi01,1991,1,WIN,NHL,1.0,13.0,0.0,0.0,0.0,0.0,0.0,1.0,7.0,,,,,,,,,
oneilmi01,1992,1,WIN,NHL,2.0,73.0,0.0,0.0,1.0,0.0,0.0,6.0,34.0,,,,,,,,,
oneilmi01,1993,1,WIN,NHL,17.0,738.0,0.0,9.0,1.0,1.0,0.0,51.0,382.0,,,,,,,,,
oneilmi01,1996,1,ANA,NHL,1.0,31.0,0.0,0.0,0.0,0.0,0.0,3.0,10.0,,,,,,,,,
osgooch01,1993,1,DET,NHL,41.0,2206.0,23.0,8.0,5.0,0.0,2.0,105.0,999.0,6.0,307.0,3.0,2.0,,0.0,1.0,12.0,110.0
osgooch01,1994,1,DET,NHL,19.0,1087.0,14.0,5.0,0.0,0.0,1.0,41.0,496.0,2.0,68.0,0.0,0.0,,0.0,0.0,2.0,25.0
osgooch01,1995,1,DET,NHL,50.0,2933.0,39.0,6.0,5.0,1.0,5.0,106.0,1190.0,15.0,936.0,8.0,7.0,,2.0,2.0,33.0,322.0
osgooch01,1996,1,DET,NHL,47.0,2769.0,23.0,13.0,9.0,3.0,6.0,106.0,1175.0,2.0,47.0,0.0,0.0,,0.0,0.0,2.0,21.0
osgooch01,1997,1,DET,NHL,64.0,3807.0,33.0,20.0,11.0,5.0,6.0,140.0,1605.0,22.0,1361.0,16.0,6.0,,1.0,2.0,48.0,588.0
osgooch01,1998,1,DET,NHL,63.0,3691.0,34.0,25.0,4.0,4.0,3.0,149.0,1654.0,6.0,358.0,4.0,2.0,,0.0,1.0,14.0,172.0
osgooch01,1999,1,DET,NHL,53.0,3148.0,30.0,14.0,8.0,2.0,6.0,126.0,1349.0,9.0,547.0,5.0,4.0,,1.0,2.0,18.0,237.0
osgooch01,2000,1,DET,NHL,52.0,2834.0,25.0,19.0,4.0,1.0,1.0,127.0,1310.0,6.0,365.0,2.0,4.0,,0.0,1.0,15.0,158.0
osgooch01,2001,1,NYI,NHL,66.0,3743.0,32.0,25.0,6.0,6.0,4.0,156.0,1727.0,7.0,392.0,3.0,4.0,,3.0,0.0,17.0,193.0
osgooch01,2002,1,NYI,NHL,37.0,1993.0,17.0,14.0,4.0,4.0,2.0,97.0,912.0,,,,,,,,,
osgooch01,2002,2,STL,NHL,9.0,532.0,4.0,3.0,2.0,1.0,2.0,27.0,241.0,7.0,417.0,3.0,4.0,,0.0,1.0,17.0,183.0
osgooch01,2003,1,STL,NHL,67.0,3861.0,31.0,25.0,8.0,3.0,3.0,144.0,1604.0,5.0,287.0,1.0,4.0,,0.0,0.0,12.0,109.0
osgooch01,2005,1,DET,NHL,32.0,1846.0,20.0,6.0,5.0,3.0,2.0,85.0,828.0,,,,,,,,,
osgooch01,2006,1,DET,NHL,21.0,1161.0,11.0,3.0,6.0,1.0,0.0,46.0,496.0,,,,,,,,,
osgooch01,2007,1,DET,NHL,43.0,2409.0,27.0,9.0,4.0,1.0,4.0,84.0,976.0,19.0,1160.0,14.0,4.0,,0.0,3.0,30.0,430.0
osgooch01,2008,1,DET,NHL,46.0,2663.0,26.0,9.0,8.0,0.0,2.0,137.0,1208.0,23.0,1406.0,15.0,8.0,,1.0,2.0,47.0,637.0
osgooch01,2009,1,DET,NHL,23.0,1252.0,7.0,9.0,4.0,0.0,1.0,63.0,561.0,,,,,,,,,
ouellma01,2000,1,PHI,NHL,2.0,76.0,0.0,1.0,0.0,1.0,0.0,3.0,27.0,,,,,,,,,
ouellma01,2003,1,WAS,NHL,6.0,365.0,2.0,3.0,1.0,0.0,1.0,19.0,210.0,,,,,,,,,
ouellma01,2005,1,VAN,NHL,4.0,222.0,0.0,2.0,1.0,1.0,0.0,12.0,113.0,,,,,,,,,
ouimete01,1968,1,STL,NHL,1.0,60.0,0.0,1.0,0.0,0.0,0.0,2.0,,,,,,,,,,
ouimete01,1974,1,NEW,WHA,1.0,20.0,0.0,0.0,0.0,0.0,0.0,3.0,13.0,,,,,,,,,
pageapa01,1980,1,LAK,NHL,1.0,60.0,0.0,1.0,0.0,0.0,0.0,8.0,,,,,,,,,,
paillma01,1957,1,NYR,NHL,33.0,1980.0,11.0,15.0,7.0,,1.0,102.0,,,,,,,,,,
paillma01,1958,1,NYR,NHL,1.0,60.0,0.0,0.0,1.0,,0.0,4.0,,,,,,,,,,
paillma01,1959,1,NYR,NHL,17.0,1020.0,6.0,9.0,2.0,,1.0,67.0,,,,,,,,,,
paillma01,1960,1,NYR,NHL,4.0,240.0,1.0,2.0,1.0,,0.0,16.0,,,,,,,,,,
paillma01,1961,1,NYR,NHL,10.0,600.0,4.0,4.0,2.0,,0.0,28.0,,,,,,,,,,
paillma01,1962,1,NYR,NHL,3.0,180.0,0.0,1.0,2.0,,0.0,10.0,,,,,,,,,,
paillma01,1964,1,NYR,NHL,39.0,2262.0,10.0,21.0,7.0,1.0,0.0,135.0,,,,,,,,,,
paillma01,1972,1,PHB,WHA,15.0,611.0,2.0,8.0,0.0,3.0,0.0,49.0,377.0,1.0,27.0,0.0,1.0,,0.0,0.0,5.0,21.0
palmami01,1976,1,TOR,NHL,50.0,2877.0,23.0,18.0,8.0,4.0,4.0,154.0,,6.0,360.0,3.0,3.0,,0.0,0.0,16.0,
palmami01,1977,1,TOR,NHL,63.0,3760.0,34.0,19.0,9.0,5.0,5.0,172.0,,13.0,795.0,6.0,7.0,,0.0,2.0,32.0,
palmami01,1978,1,TOR,NHL,58.0,3396.0,26.0,21.0,10.0,3.0,4.0,167.0,,5.0,298.0,2.0,3.0,,0.0,0.0,17.0,
palmami01,1979,1,TOR,NHL,38.0,2039.0,16.0,14.0,3.0,2.0,2.0,125.0,,1.0,60.0,0.0,1.0,,0.0,0.0,7.0,
palmami01,1980,1,WAS,NHL,49.0,2679.0,18.0,19.0,9.0,6.0,2.0,172.0,,,,,,,,,,
palmami01,1981,1,WAS,NHL,11.0,584.0,2.0,7.0,2.0,0.0,0.0,47.0,,,,,,,,,,
palmami01,1982,1,TOR,NHL,53.0,2965.0,21.0,23.0,7.0,3.0,0.0,197.0,1534.0,4.0,252.0,1.0,3.0,,0.0,0.0,17.0,
palmami01,1983,1,TOR,NHL,34.0,1831.0,9.0,17.0,4.0,3.0,0.0,149.0,986.0,,,,,,,,,
pangda01,1984,1,CHI,NHL,1.0,60.0,0.0,1.0,0.0,0.0,0.0,4.0,22.0,,,,,,,,,
pangda01,1987,1,CHI,NHL,45.0,2548.0,17.0,23.0,1.0,4.0,0.0,163.0,1501.0,4.0,240.0,1.0,3.0,,0.0,0.0,18.0,130.0
pangda01,1988,1,CHI,NHL,35.0,1644.0,10.0,11.0,6.0,1.0,0.0,120.0,915.0,2.0,10.0,0.0,0.0,,0.0,0.0,0.0,4.0
parenbe01,1965,1,BOS,NHL,39.0,2083.0,11.0,20.0,3.0,0.0,1.0,128.0,,,,,,,,,,
parenbe01,1966,1,BOS,NHL,18.0,1022.0,4.0,12.0,2.0,2.0,0.0,62.0,,,,,,,,,,
parenbe01,1967,1,PHI,NHL,38.0,2248.0,16.0,17.0,5.0,1.0,4.0,93.0,,5.0,355.0,3.0,2.0,,1.0,0.0,8.0,
parenbe01,1968,1,PHI,NHL,58.0,3365.0,17.0,23.0,16.0,3.0,1.0,151.0,,3.0,180.0,0.0,3.0,,0.0,0.0,12.0,
parenbe01,1969,1,PHI,NHL,62.0,3680.0,13.0,29.0,20.0,7.0,3.0,171.0,,,,,,,,,,
parenbe01,1970,1,PHI,NHL,30.0,1586.0,9.0,12.0,6.0,3.0,2.0,73.0,,,,,,,,,,
parenbe01,1970,2,TOR,NHL,18.0,1040.0,7.0,7.0,3.0,1.0,0.0,46.0,,4.0,235.0,2.0,2.0,,0.0,0.0,9.0,
parenbe01,1971,1,TOR,NHL,47.0,2715.0,17.0,18.0,9.0,3.0,3.0,116.0,,4.0,243.0,1.0,3.0,,0.0,0.0,13.0,
parenbe01,1972,1,PHB,WHA,63.0,3653.0,33.0,28.0,0.0,5.0,2.0,220.0,1936.0,1.0,70.0,0.0,1.0,,0.0,0.0,3.0,42.0
parenbe01,1973,1,PHI,NHL,73.0,4314.0,47.0,13.0,12.0,2.0,12.0,136.0,,17.0,1042.0,12.0,5.0,,1.0,2.0,35.0,
parenbe01,1974,1,PHI,NHL,68.0,4041.0,44.0,14.0,10.0,1.0,12.0,137.0,,15.0,922.0,10.0,5.0,,1.0,4.0,29.0,
parenbe01,1975,1,PHI,NHL,11.0,615.0,6.0,2.0,3.0,0.0,0.0,24.0,,8.0,480.0,4.0,4.0,,0.0,0.0,27.0,
parenbe01,1976,1,PHI,NHL,61.0,3525.0,35.0,13.0,12.0,2.0,5.0,159.0,,3.0,123.0,0.0,3.0,,0.0,0.0,8.0,
parenbe01,1977,1,PHI,NHL,49.0,2923.0,29.0,6.0,13.0,1.0,7.0,108.0,,12.0,722.0,7.0,5.0,,2.0,0.0,33.0,
parenbe01,1978,1,PHI,NHL,36.0,1979.0,16.0,12.0,7.0,2.0,4.0,89.0,,,,,,,,,,
parenbo01,1981,1,TOR,NHL,2.0,120.0,0.0,2.0,0.0,0.0,0.0,13.0,,,,,,,,,,
parenbo01,1982,1,TOR,NHL,1.0,40.0,0.0,0.0,0.0,0.0,0.0,2.0,22.0,,,,,,,,,
parenri01,1997,1,STL,NHL,1.0,12.0,0.0,0.0,0.0,0.0,0.0,0.0,1.0,,,,,,,,,
parenri01,1998,1,STL,NHL,10.0,519.0,4.0,3.0,1.0,1.0,1.0,22.0,193.0,,,,,,,,,
parenri01,1999,1,TBL,NHL,14.0,698.0,2.0,7.0,1.0,1.0,0.0,43.0,353.0,,,,,,,,,
parenri01,2000,1,PIT,NHL,7.0,332.0,1.0,1.0,3.0,1.0,0.0,17.0,150.0,,,,,,,,,
parkji01,1975,1,IND,WHA,11.0,572.0,6.0,4.0,0.0,0.0,0.0,23.0,297.0,6.0,293.0,3.0,2.0,,1.0,2.0,12.0,156.0
parkji01,1976,1,IND,WHA,31.0,1727.0,14.0,12.0,4.0,1.0,1.0,114.0,899.0,,,,,,,,,
parkji01,1977,1,IND,WHA,12.0,584.0,3.0,7.0,0.0,1.0,0.0,41.0,323.0,,,,,,,,,
parral01,1911,1,VML,PCHA,15.0,911.0,7.0,8.0,0.0,,0.0,94.0,,,,,,,,,,
parral01,1912,1,VML,PCHA,14.0,860.0,7.0,7.0,0.0,,0.0,68.0,,,,,,,,,,
parral01,1913,1,VML,PCHA,15.0,923.0,6.0,9.0,0.0,,0.0,83.0,,,,,,,,,,
parroda01,1980,1,WAS,NHL,18.0,811.0,4.0,7.0,2.0,2.0,1.0,49.0,,,,,,,,,,
parroda01,1981,1,WAS,NHL,52.0,2942.0,16.0,26.0,7.0,4.0,1.0,206.0,,,,,,,,,,
parroda01,1982,1,WAS,NHL,6.0,261.0,1.0,3.0,1.0,1.0,0.0,19.0,127.0,,,,,,,,,
parroda01,1983,1,WAS,NHL,1.0,1.0,0.0,0.0,0.0,0.0,0.0,0.0,0.0,,,,,,,,,
passmst01,1998,1,EDM,NHL,6.0,362.0,1.0,4.0,1.0,1.0,0.0,17.0,183.0,,,,,,,,,
passmst01,1999,1,CHI,NHL,24.0,1388.0,7.0,12.0,3.0,4.0,1.0,63.0,654.0,,,,,,,,,
passmst01,2000,1,LAK,NHL,14.0,718.0,3.0,8.0,1.0,2.0,1.0,37.0,310.0,,,,,,,,,
passmst01,2000,2,CHI,NHL,6.0,340.0,0.0,4.0,1.0,0.0,0.0,14.0,147.0,,,,,,,,,
passmst01,2001,1,CHI,NHL,23.0,1142.0,8.0,5.0,4.0,3.0,0.0,43.0,446.0,3.0,138.0,0.0,2.0,,0.0,0.0,6.0,62.0
passmst01,2002,1,CHI,NHL,11.0,617.0,2.0,5.0,2.0,0.0,0.0,38.0,284.0,,,,,,,,,
passmst01,2003,1,CHI,NHL,9.0,478.0,2.0,6.0,0.0,1.0,0.0,23.0,221.0,,,,,,,,,
patrile01,1921,1,VA2,PCHA,2.0,13.0,0.0,0.0,0.0,,0.0,1.0,,,,,,,,,,
patrile01,1927,1,NYR,NHL,,,,,,,,,,1.0,46.0,1.0,0.0,0.0,,0.0,1.0,
patzodi01,2007,1,SJS,NHL,3.0,44.0,0.0,0.0,0.0,0.0,0.0,4.0,20.0,,,,,,,,,
pavelon01,2007,1,ATL,NHL,7.0,347.0,3.0,3.0,0.0,1.0,0.0,18.0,190.0,,,,,,,,,
pavelon01,2008,1,ATL,NHL,12.0,599.0,3.0,7.0,0.0,2.0,0.0,36.0,301.0,,,,,,,,,
pavelon01,2009,1,ATL,NHL,42.0,2317.0,14.0,18.0,7.0,4.0,2.0,127.0,1353.0,,,,,,,,,
pechual01,2009,1,PIT,NHL,1.0,36.0,0.0,0.0,0.0,0.0,0.0,1.0,13.0,,,,,,,,,
peetepe01,1978,1,PHI,NHL,5.0,280.0,1.0,2.0,1.0,2.0,0.0,16.0,,,,,,,,,,
peetepe01,1979,1,PHI,NHL,40.0,2373.0,29.0,5.0,5.0,1.0,1.0,108.0,,13.0,799.0,8.0,5.0,,0.0,1.0,37.0,
peetepe01,1980,1,PHI,NHL,40.0,2333.0,22.0,12.0,5.0,5.0,2.0,115.0,,3.0,180.0,2.0,1.0,,0.0,0.0,12.0,
peetepe01,1981,1,PHI,NHL,44.0,2591.0,23.0,18.0,3.0,3.0,0.0,160.0,,4.0,220.0,1.0,2.0,,0.0,0.0,17.0,
peetepe01,1982,1,BOS,NHL,62.0,3611.0,40.0,11.0,9.0,2.0,8.0,142.0,1482.0,17.0,1024.0,9.0,8.0,,0.0,1.0,61.0,
peetepe01,1983,1,BOS,NHL,50.0,2868.0,29.0,16.0,2.0,1.0,0.0,151.0,1222.0,3.0,180.0,0.0,3.0,,0.0,0.0,10.0,68.0
peetepe01,1984,1,BOS,NHL,51.0,2975.0,19.0,26.0,4.0,3.0,1.0,172.0,1307.0,1.0,60.0,0.0,1.0,,0.0,0.0,4.0,26.0
peetepe01,1985,1,BOS,NHL,8.0,485.0,3.0,4.0,1.0,1.0,0.0,31.0,245.0,,,,,,,,,
peetepe01,1985,2,WAS,NHL,34.0,2021.0,19.0,11.0,3.0,3.0,1.0,113.0,910.0,9.0,544.0,5.0,4.0,,0.0,0.0,24.0,253.0
peetepe01,1986,1,WAS,NHL,37.0,2002.0,17.0,11.0,4.0,3.0,0.0,107.0,930.0,3.0,180.0,1.0,2.0,,1.0,0.0,9.0,76.0
peetepe01,1987,1,WAS,NHL,35.0,1896.0,14.0,12.0,5.0,3.0,2.0,88.0,866.0,12.0,654.0,7.0,5.0,,1.0,0.0,34.0,326.0
peetepe01,1988,1,WAS,NHL,33.0,1854.0,20.0,7.0,3.0,0.0,4.0,88.0,790.0,6.0,359.0,2.0,4.0,,1.0,0.0,24.0,164.0
peetepe01,1989,1,PHI,NHL,24.0,1140.0,1.0,13.0,5.0,5.0,1.0,72.0,606.0,,,,,,,,,
peetepe01,1990,1,PHI,NHL,26.0,1270.0,9.0,7.0,1.0,2.0,1.0,61.0,623.0,,,,,,,,,
pelleje01,1998,1,PHI,NHL,1.0,60.0,0.0,1.0,0.0,0.0,0.0,5.0,29.0,,,,,,,,,
pelleje01,2002,1,PHO,NHL,2.0,119.0,0.0,2.0,0.0,0.0,0.0,6.0,48.0,,,,,,,,,
pelleje01,2003,1,PHO,NHL,4.0,175.0,1.0,1.0,0.0,0.0,0.0,12.0,84.0,,,,,,,,,
pellema01,1950,1,CHI,NHL,6.0,355.0,1.0,5.0,0.0,,0.0,29.0,,,,,,,,,,
pellema01,1962,1,NYR,NHL,2.0,40.0,0.0,1.0,0.0,,0.0,4.0,,,,,,,,,,
pennest01,1983,1,MTL,NHL,4.0,240.0,0.0,4.0,0.0,0.0,0.0,19.0,115.0,15.0,871.0,9.0,6.0,,0.0,3.0,32.0,354.0
pennest01,1984,1,MTL,NHL,54.0,3252.0,26.0,18.0,8.0,3.0,1.0,167.0,1344.0,12.0,733.0,6.0,6.0,,0.0,1.0,40.0,300.0
pennest01,1985,1,MTL,NHL,18.0,990.0,6.0,8.0,2.0,0.0,0.0,72.0,447.0,,,,,,,,,
pennest01,1986,1,WIN,NHL,7.0,327.0,1.0,4.0,1.0,1.0,0.0,25.0,134.0,,,,,,,,,
pennest01,1987,1,WIN,NHL,8.0,385.0,2.0,4.0,1.0,1.0,0.0,30.0,186.0,,,,,,,,,
perrebo01,1955,1,MTL,NHL,6.0,360.0,3.0,3.0,0.0,,1.0,12.0,,,,,,,,,,
perrebo01,1958,1,DET,NHL,3.0,180.0,2.0,1.0,0.0,,1.0,9.0,,,,,,,,,,
perrebo01,1962,1,BOS,NHL,22.0,1287.0,3.0,12.0,6.0,,1.0,85.0,,,,,,,,,,
perrebo01,1972,1,LAS,WHA,1.0,60.0,1.0,0.0,0.0,0.0,0.0,2.0,17.0,,,,,,,,,
peterju01,2009,1,CAR,NHL,9.0,488.0,6.0,3.0,0.0,1.0,0.0,23.0,241.0,,,,,,,,,
pettiji01,1976,1,BOS,NHL,1.0,60.0,1.0,0.0,0.0,0.0,0.0,3.0,,,,,,,,,,
pettiji01,1977,1,BOS,NHL,1.0,60.0,0.0,1.0,0.0,0.0,0.0,6.0,,,,,,,,,,
pettiji01,1978,1,BOS,NHL,19.0,1037.0,8.0,6.0,2.0,0.0,1.0,62.0,,,,,,,,,,
pietrfr01,1987,1,PIT,NHL,21.0,1207.0,9.0,11.0,0.0,1.0,1.0,80.0,600.0,,,,,,,,,
pietrfr01,1988,1,PIT,NHL,15.0,669.0,5.0,3.0,0.0,1.0,0.0,45.0,409.0,,,,,,,,,
pietrfr01,1989,1,PIT,NHL,21.0,1066.0,8.0,6.0,2.0,0.0,0.0,77.0,580.0,,,,,,,,,
pietrfr01,1990,1,PIT,NHL,25.0,1311.0,10.0,11.0,1.0,0.0,0.0,86.0,714.0,5.0,288.0,4.0,1.0,,1.0,1.0,15.0,148.0
pietrfr01,1991,1,PIT,NHL,5.0,225.0,2.0,1.0,0.0,0.0,0.0,20.0,130.0,,,,,,,,,
pietrfr01,1991,2,HAR,NHL,5.0,306.0,3.0,1.0,1.0,0.0,0.0,12.0,156.0,7.0,425.0,3.0,4.0,,1.0,0.0,19.0,244.0
pietrfr01,1992,1,HAR,NHL,30.0,1373.0,4.0,15.0,1.0,3.0,0.0,111.0,783.0,,,,,,,,,
pietrfr01,1993,1,HAR,NHL,19.0,984.0,5.0,11.0,1.0,1.0,0.0,59.0,473.0,,,,,,,,,
plantja01,1952,1,MTL,NHL,3.0,180.0,2.0,0.0,1.0,,0.0,4.0,,4.0,240.0,3.0,1.0,,,1.0,7.0,
plantja01,1953,1,MTL,NHL,17.0,1020.0,7.0,5.0,5.0,,5.0,27.0,,8.0,480.0,5.0,3.0,,,2.0,15.0,
plantja01,1954,1,MTL,NHL,52.0,3040.0,33.0,12.0,7.0,,5.0,110.0,,12.0,640.0,6.0,4.0,,,0.0,30.0,
plantja01,1955,1,MTL,NHL,64.0,3840.0,42.0,12.0,10.0,,7.0,119.0,,10.0,600.0,8.0,2.0,,,2.0,18.0,
plantja01,1956,1,MTL,NHL,61.0,3660.0,31.0,18.0,12.0,,9.0,123.0,,10.0,615.0,8.0,2.0,,,1.0,18.0,
plantja01,1957,1,MTL,NHL,57.0,3386.0,34.0,14.0,8.0,,9.0,119.0,,10.0,618.0,8.0,2.0,,,1.0,20.0,
plantja01,1958,1,MTL,NHL,67.0,4000.0,38.0,16.0,13.0,,9.0,144.0,,11.0,670.0,8.0,3.0,,,0.0,28.0,
plantja01,1959,1,MTL,NHL,69.0,4140.0,40.0,17.0,12.0,,3.0,175.0,,8.0,489.0,8.0,0.0,,,3.0,11.0,
plantja01,1960,1,MTL,NHL,40.0,2400.0,23.0,11.0,6.0,,2.0,112.0,,6.0,412.0,2.0,4.0,,,0.0,16.0,
plantja01,1961,1,MTL,NHL,70.0,4200.0,42.0,14.0,14.0,,4.0,166.0,,6.0,360.0,2.0,4.0,,,0.0,19.0,
plantja01,1962,1,MTL,NHL,56.0,3320.0,22.0,14.0,19.0,,5.0,138.0,,5.0,300.0,1.0,4.0,,,0.0,14.0,
plantja01,1963,1,NYR,NHL,65.0,3900.0,22.0,36.0,7.0,4.0,3.0,220.0,,,,,,,,,,
plantja01,1964,1,NYR,NHL,33.0,1938.0,10.0,17.0,5.0,1.0,2.0,109.0,,,,,,,,,,
plantja01,1968,1,STL,NHL,37.0,2139.0,18.0,12.0,6.0,0.0,5.0,70.0,,10.0,589.0,8.0,2.0,,1.0,3.0,14.0,
plantja01,1969,1,STL,NHL,32.0,1839.0,18.0,9.0,5.0,1.0,5.0,67.0,,6.0,324.0,4.0,1.0,,0.0,1.0,8.0,
plantja01,1970,1,TOR,NHL,40.0,2329.0,24.0,11.0,4.0,2.0,4.0,73.0,,3.0,134.0,0.0,2.0,,0.0,0.0,7.0,
plantja01,1971,1,TOR,NHL,34.0,1965.0,16.0,13.0,5.0,3.0,2.0,86.0,,1.0,60.0,0.0,1.0,,0.0,0.0,5.0,
plantja01,1972,1,TOR,NHL,32.0,1717.0,8.0,14.0,6.0,0.0,1.0,87.0,,,,,,,,,,
plantja01,1972,2,BOS,NHL,8.0,480.0,7.0,1.0,0.0,0.0,2.0,16.0,,2.0,120.0,0.0,2.0,,0.0,0.0,10.0,
plantja01,1974,1,EDO,WHA,31.0,1592.0,15.0,14.0,1.0,4.0,1.0,88.0,803.0,,,,,,,,,
plassmi01,1970,1,STL,NHL,1.0,60.0,1.0,0.0,0.0,0.0,0.0,3.0,,,,,,,,,,
plassmi01,1972,1,MTL,NHL,17.0,932.0,11.0,2.0,3.0,1.0,0.0,40.0,,,,,,,,,,
plassmi01,1973,1,MTL,NHL,15.0,839.0,7.0,4.0,2.0,0.0,0.0,57.0,,,,,,,,,,
plassmi01,1974,1,KCS,NHL,24.0,1420.0,4.0,16.0,3.0,2.0,0.0,96.0,,,,,,,,,,
plassmi01,1974,2,PIT,NHL,20.0,1094.0,9.0,5.0,4.0,0.0,0.0,73.0,,,,,,,,,,
plassmi01,1975,1,PIT,NHL,55.0,3096.0,24.0,19.0,10.0,1.0,2.0,178.0,,3.0,180.0,1.0,2.0,,0.0,1.0,8.0,
plassmi01,1976,1,COR,NHL,54.0,2986.0,12.0,29.0,10.0,3.0,0.0,190.0,,,,,,,,,,
plassmi01,1977,1,COR,NHL,25.0,1383.0,3.0,12.0,8.0,2.0,0.0,90.0,,,,,,,,,,
plassmi01,1978,1,COR,NHL,41.0,2302.0,9.0,29.0,2.0,6.0,0.0,152.0,,,,,,,,,,
plassmi01,1979,1,COR,NHL,6.0,327.0,0.0,3.0,2.0,0.0,0.0,26.0,,,,,,,,,,
plassmi01,1980,1,QUE,NHL,33.0,1933.0,10.0,14.0,9.0,2.0,0.0,118.0,,1.0,15.0,0.0,0.0,,1.0,0.0,1.0,
plassmi01,1981,1,QUE,NHL,8.0,388.0,2.0,3.0,1.0,1.0,0.0,35.0,,,,,,,,,,
plaxthu01,1932,1,MTM,NHL,1.0,57.0,0.0,1.0,0.0,,0.0,5.0,,,,,,,,,,
podesiv01,1977,1,CZE,WHA,4.0,136.0,0.0,2.0,1.0,0.0,0.0,10.0,94.0,,,,,,,,,
poggeju01,2008,1,TOR,NHL,7.0,372.0,1.0,4.0,1.0,0.0,0.0,27.0,173.0,,,,,,,,,
poppeto01,2006,1,CBS,NHL,2.0,45.0,0.0,0.0,0.0,0.0,0.0,1.0,14.0,,,,,,,,,
potvife01,1991,1,TOR,NHL,4.0,210.0,0.0,2.0,1.0,1.0,0.0,8.0,120.0,,,,,,,,,
potvife01,1992,1,TOR,NHL,48.0,2781.0,25.0,15.0,7.0,3.0,2.0,116.0,1286.0,21.0,1308.0,11.0,10.0,,0.0,1.0,62.0,636.0
potvife01,1993,1,TOR,NHL,66.0,3883.0,34.0,22.0,9.0,3.0,3.0,187.0,2010.0,18.0,1124.0,9.0,9.0,,1.0,3.0,46.0,520.0
potvife01,1994,1,TOR,NHL,36.0,2144.0,15.0,13.0,7.0,6.0,0.0,104.0,1120.0,7.0,424.0,3.0,4.0,,2.0,1.0,20.0,253.0
potvife01,1995,1,TOR,NHL,69.0,4009.0,30.0,26.0,11.0,4.0,2.0,192.0,2135.0,6.0,350.0,2.0,4.0,,0.0,0.0,19.0,198.0
potvife01,1996,1,TOR,NHL,74.0,4271.0,27.0,36.0,7.0,6.0,0.0,224.0,2438.0,,,,,,,,,
potvife01,1997,1,TOR,NHL,67.0,3864.0,26.0,33.0,7.0,4.0,5.0,176.0,1882.0,,,,,,,,,
potvife01,1998,1,TOR,NHL,5.0,299.0,3.0,2.0,0.0,1.0,0.0,19.0,142.0,,,,,,,,,
potvife01,1998,2,NYI,NHL,11.0,606.0,2.0,7.0,1.0,0.0,0.0,37.0,345.0,,,,,,,,,
potvife01,1999,1,NYI,NHL,22.0,1273.0,5.0,14.0,3.0,3.0,1.0,68.0,632.0,,,,,,,,,
potvife01,1999,2,VAN,NHL,34.0,1966.0,12.0,13.0,7.0,4.0,0.0,85.0,906.0,,,,,,,,,
potvife01,2000,1,VAN,NHL,35.0,2006.0,14.0,17.0,3.0,2.0,1.0,103.0,914.0,,,,,,,,,
potvife01,2000,2,LAK,NHL,23.0,1410.0,13.0,5.0,5.0,0.0,5.0,46.0,571.0,13.0,812.0,7.0,6.0,,1.0,2.0,33.0,361.0
potvife01,2001,1,LAK,NHL,71.0,4071.0,31.0,27.0,8.0,3.0,6.0,157.0,1686.0,7.0,417.0,3.0,4.0,,0.0,1.0,15.0,201.0
potvife01,2002,1,LAK,NHL,42.0,2367.0,17.0,20.0,3.0,3.0,3.0,105.0,987.0,,,,,,,,,
potvife01,2003,1,BOS,NHL,28.0,1605.0,12.0,8.0,6.0,0.0,4.0,67.0,690.0,,,,,,,,,
priceca01,2007,1,MTL,NHL,41.0,2413.0,24.0,12.0,3.0,2.0,3.0,103.0,1282.0,11.0,648.0,5.0,6.0,,1.0,2.0,30.0,304.0
priceca01,2008,1,MTL,NHL,52.0,3036.0,23.0,16.0,10.0,4.0,1.0,143.0,1513.0,4.0,219.0,0.0,4.0,,2.0,0.0,15.0,123.0
priceca01,2009,1,MTL,NHL,41.0,2358.0,13.0,20.0,5.0,1.0,0.0,109.0,1244.0,4.0,135.0,0.0,1.0,,3.0,0.0,8.0,73.0
pronocl01,1955,1,BOS,NHL,1.0,60.0,1.0,0.0,0.0,,1.0,0.0,,,,,,,,,,
pronocl01,1958,1,MTL,NHL,2.0,60.0,0.0,1.0,0.0,,0.0,7.0,,,,,,,,,,
prusema01,2001,1,OTT,NHL,1.0,62.0,0.0,1.0,0.0,0.0,0.0,3.0,15.0,,,,,,,,,
prusema01,2002,1,OTT,NHL,18.0,935.0,12.0,2.0,1.0,0.0,0.0,37.0,415.0,,,,,,,,,
prusema01,2003,1,OTT,NHL,29.0,1528.0,16.0,6.0,3.0,0.0,3.0,54.0,651.0,1.0,40.0,0.0,0.0,,0.0,0.0,1.0,15.0
prusema01,2005,1,CBS,NHL,9.0,373.0,3.0,3.0,0.0,0.0,0.0,20.0,165.0,,,,,,,,,
puppada01,1985,1,BUF,NHL,7.0,401.0,3.0,4.0,0.0,0.0,1.0,21.0,184.0,,,,,,,,,
puppada01,1986,1,BUF,NHL,3.0,185.0,0.0,2.0,1.0,1.0,0.0,13.0,80.0,,,,,,,,,
puppada01,1987,1,BUF,NHL,17.0,874.0,8.0,6.0,1.0,0.0,0.0,61.0,469.0,3.0,142.0,1.0,1.0,,0.0,0.0,11.0,67.0
puppada01,1988,1,BUF,NHL,37.0,1908.0,17.0,10.0,6.0,1.0,1.0,107.0,961.0,,,,,,,,,
puppada01,1989,1,BUF,NHL,56.0,3241.0,31.0,16.0,6.0,2.0,1.0,156.0,1610.0,6.0,370.0,2.0,4.0,,2.0,0.0,15.0,192.0
puppada01,1990,1,BUF,NHL,38.0,2092.0,15.0,11.0,6.0,0.0,2.0,118.0,1029.0,2.0,81.0,0.0,1.0,,0.0,0.0,10.0,46.0
puppada01,1991,1,BUF,NHL,33.0,1757.0,11.0,14.0,4.0,1.0,0.0,114.0,932.0,,,,,,,,,
puppada01,1992,1,BUF,NHL,24.0,1306.0,11.0,5.0,4.0,0.0,0.0,78.0,706.0,,,,,,,,,
puppada01,1992,2,TOR,NHL,8.0,479.0,6.0,2.0,0.0,1.0,2.0,18.0,232.0,1.0,20.0,0.0,0.0,,0.0,0.0,1.0,7.0
puppada01,1993,1,TBL,NHL,63.0,3653.0,22.0,33.0,6.0,4.0,4.0,165.0,1637.0,,,,,,,,,
puppada01,1994,1,TBL,NHL,36.0,2013.0,14.0,19.0,2.0,4.0,1.0,90.0,946.0,,,,,,,,,
puppada01,1995,1,TBL,NHL,57.0,3189.0,29.0,16.0,9.0,2.0,5.0,131.0,1605.0,4.0,173.0,1.0,3.0,,0.0,0.0,14.0,86.0
puppada01,1996,1,TBL,NHL,6.0,325.0,1.0,1.0,2.0,1.0,0.0,14.0,150.0,,,,,,,,,
puppada01,1997,1,TBL,NHL,26.0,1456.0,5.0,14.0,6.0,6.0,0.0,66.0,660.0,,,,,,,,,
puppada01,1998,1,TBL,NHL,13.0,691.0,5.0,6.0,1.0,1.0,2.0,33.0,350.0,,,,,,,,,
puppada01,1999,1,TBL,NHL,5.0,249.0,1.0,2.0,0.0,0.0,0.0,19.0,129.0,,,,,,,,,
puseych01,1985,1,DET,NHL,1.0,40.0,0.0,0.0,0.0,0.0,0.0,3.0,12.0,,,,,,,,,
quickjo01,2007,1,LAK,NHL,3.0,141.0,1.0,2.0,0.0,0.0,0.0,9.0,62.0,,,,,,,,,
quickjo01,2008,1,LAK,NHL,44.0,2495.0,21.0,18.0,2.0,6.0,4.0,103.0,1200.0,,,,,,,,,
quickjo01,2009,1,LAK,NHL,72.0,4258.0,39.0,24.0,7.0,5.0,4.0,180.0,1927.0,6.0,360.0,2.0,4.0,,2.0,0.0,21.0,181.0
racican01,1989,1,MTL,NHL,1.0,13.0,0.0,0.0,0.0,0.0,0.0,3.0,6.0,,,,,,,,,
racican01,1990,1,MTL,NHL,21.0,975.0,7.0,9.0,2.0,1.0,1.0,52.0,479.0,2.0,12.0,0.0,1.0,,0.0,0.0,2.0,14.0
racican01,1991,1,MTL,NHL,9.0,436.0,0.0,3.0,3.0,0.0,0.0,23.0,219.0,1.0,1.0,0.0,0.0,,0.0,0.0,0.0,1.0
racican01,1992,1,MTL,NHL,26.0,1433.0,17.0,5.0,1.0,1.0,1.0,81.0,682.0,1.0,18.0,0.0,0.0,,0.0,0.0,2.0,9.0
racican01,1993,1,MTL,NHL,11.0,500.0,2.0,6.0,2.0,0.0,0.0,37.0,246.0,,,,,,,,,
racinbr01,1995,1,STL,NHL,11.0,230.0,0.0,3.0,0.0,0.0,0.0,12.0,101.0,1.0,1.0,0.0,0.0,,0.0,0.0,0.0,0.0
raedeca01,1975,1,NEW,WHA,3.0,100.0,0.0,1.0,0.0,0.0,0.0,8.0,46.0,14.0,819.0,7.0,7.0,,2.0,2.0,31.0,409.0
raedeca01,1976,1,NEW,WHA,26.0,1328.0,12.0,10.0,1.0,0.0,2.0,69.0,701.0,1.0,60.0,0.0,1.0,,0.0,0.0,7.0,34.0
ramja01,1995,1,NYR,NHL,1.0,27.0,0.0,0.0,0.0,0.0,0.0,0.0,9.0,,,,,,,,,
ramoka01,2006,1,TBL,NHL,2.0,70.0,0.0,0.0,0.0,0.0,0.0,4.0,23.0,,,,,,,,,
ramoka01,2007,1,TBL,NHL,22.0,1269.0,7.0,11.0,3.0,6.0,0.0,64.0,632.0,,,,,,,,,
ramoka01,2008,1,TBL,NHL,24.0,1312.0,4.0,10.0,7.0,3.0,0.0,80.0,756.0,,,,,,,,,
ranfobi01,1985,1,BOS,NHL,4.0,240.0,3.0,1.0,0.0,0.0,0.0,10.0,106.0,2.0,120.0,0.0,2.0,,0.0,0.0,7.0,44.0
ranfobi01,1986,1,BOS,NHL,41.0,2234.0,16.0,20.0,2.0,1.0,3.0,124.0,1137.0,2.0,123.0,0.0,2.0,,0.0,0.0,8.0,55.0
ranfobi01,1987,1,EDM,NHL,6.0,325.0,3.0,0.0,2.0,0.0,0.0,16.0,159.0,,,,,,,,,
ranfobi01,1988,1,EDM,NHL,29.0,1509.0,15.0,8.0,2.0,1.0,1.0,88.0,718.0,,,,,,,,,
ranfobi01,1989,1,EDM,NHL,56.0,3107.0,24.0,16.0,9.0,5.0,1.0,165.0,1463.0,22.0,1401.0,16.0,6.0,,1.0,1.0,59.0,672.0
ranfobi01,1990,1,EDM,NHL,60.0,3415.0,27.0,27.0,3.0,5.0,0.0,182.0,1705.0,3.0,135.0,1.0,2.0,,0.0,0.0,8.0,78.0
ranfobi01,1991,1,EDM,NHL,67.0,3822.0,27.0,26.0,10.0,5.0,1.0,228.0,1971.0,16.0,909.0,8.0,8.0,,0.0,2.0,51.0,484.0
ranfobi01,1992,1,EDM,NHL,67.0,3753.0,17.0,38.0,6.0,2.0,1.0,240.0,2065.0,,,,,,,,,
ranfobi01,1993,1,EDM,NHL,71.0,4070.0,22.0,34.0,11.0,8.0,1.0,236.0,2325.0,,,,,,,,,
ranfobi01,1994,1,EDM,NHL,40.0,2203.0,15.0,20.0,3.0,2.0,2.0,133.0,1134.0,,,,,,,,,
ranfobi01,1995,1,EDM,NHL,37.0,2015.0,13.0,18.0,5.0,2.0,1.0,128.0,1024.0,,,,,,,,,
ranfobi01,1995,2,BOS,NHL,40.0,2307.0,21.0,12.0,4.0,0.0,1.0,109.0,1030.0,4.0,239.0,1.0,3.0,,0.0,0.0,16.0,112.0
ranfobi01,1996,1,BOS,NHL,37.0,2147.0,12.0,16.0,8.0,0.0,2.0,125.0,1102.0,,,,,,,,,
ranfobi01,1996,2,WAS,NHL,18.0,1010.0,8.0,7.0,2.0,1.0,0.0,46.0,412.0,,,,,,,,,
ranfobi01,1997,1,WAS,NHL,22.0,1183.0,7.0,12.0,2.0,3.0,0.0,55.0,555.0,,,,,,,,,
ranfobi01,1998,1,TBL,NHL,32.0,1568.0,3.0,18.0,3.0,2.0,1.0,102.0,858.0,,,,,,,,,
ranfobi01,1998,2,DET,NHL,4.0,244.0,3.0,0.0,1.0,0.0,0.0,8.0,98.0,4.0,183.0,2.0,2.0,,0.0,1.0,10.0,105.0
ranfobi01,1999,1,EDM,NHL,16.0,785.0,4.0,6.0,3.0,0.0,0.0,47.0,407.0,,,,,,,,,
rankire01,1913,1,TOO,NHA,1.0,20.0,0.0,0.0,0.0,,0.0,4.0,,,,,,,,,,
rasktu01,2007,1,BOS,NHL,4.0,184.0,2.0,1.0,1.0,0.0,0.0,10.0,88.0,,,,,,,,,
rasktu01,2008,1,BOS,NHL,1.0,60.0,1.0,0.0,0.0,0.0,1.0,0.0,35.0,,,,,,,,,
rasktu01,2009,1,BOS,NHL,45.0,2562.0,22.0,12.0,5.0,1.0,5.0,84.0,1221.0,13.0,829.0,7.0,6.0,,1.0,0.0,36.0,409.0
raycran01,2000,1,BOS,NHL,15.0,649.0,4.0,6.0,0.0,3.0,0.0,32.0,291.0,,,,,,,,,
raycran01,2001,1,BOS,NHL,1.0,65.0,0.0,0.0,1.0,0.0,0.0,3.0,29.0,,,,,,,,,
raycran01,2002,1,BOS,NHL,5.0,300.0,2.0,3.0,0.0,0.0,0.0,12.0,146.0,,,,,,,,,
raycran01,2003,1,BOS,NHL,57.0,3420.0,29.0,18.0,9.0,4.0,3.0,117.0,1586.0,7.0,447.0,3.0,4.0,,3.0,1.0,16.0,210.0
raycran01,2005,1,BOS,NHL,30.0,1619.0,8.0,19.0,2.0,3.0,0.0,100.0,824.0,,,,,,,,,
raycran01,2006,1,TOR,NHL,72.0,4108.0,37.0,25.0,9.0,8.0,2.0,205.0,1931.0,,,,,,,,,
raycran01,2007,1,TOR,NHL,19.0,965.0,2.0,9.0,5.0,1.0,1.0,63.0,509.0,,,,,,,,,
raycran01,2008,1,COL,NHL,31.0,1722.0,12.0,16.0,0.0,4.0,0.0,90.0,836.0,,,,,,,,,
raycran01,2009,1,VAN,NHL,21.0,967.0,9.0,5.0,1.0,3.0,1.0,39.0,438.0,1.0,25.0,0.0,0.0,,0.0,0.0,1.0,7.0
raymoal01,1987,1,WAS,NHL,1.0,40.0,0.0,1.0,0.0,0.0,0.0,2.0,20.0,,,,,,,,,
raynech01,1940,1,NYA,NHL,12.0,773.0,2.0,7.0,3.0,,0.0,44.0,,,,,,,,,,
raynech01,1941,1,BKN,NHL,36.0,2230.0,13.0,21.0,2.0,,1.0,129.0,,,,,,,,,,
raynech01,1945,1,NYR,NHL,40.0,2377.0,12.0,21.0,7.0,,1.0,149.0,,,,,,,,,,
raynech01,1946,1,NYR,NHL,58.0,3480.0,22.0,30.0,6.0,,5.0,177.0,,,,,,,,,,
raynech01,1947,1,NYR,NHL,12.0,691.0,4.0,7.0,0.0,,0.0,42.0,,6.0,360.0,2.0,4.0,,,0.0,17.0,
raynech01,1948,1,NYR,NHL,58.0,3480.0,16.0,31.0,11.0,,7.0,168.0,,,,,,,,,,
raynech01,1949,1,NYR,NHL,69.0,4140.0,28.0,30.0,11.0,,6.0,181.0,,12.0,774.0,7.0,5.0,,,1.0,29.0,
raynech01,1950,1,NYR,NHL,66.0,3940.0,19.0,28.0,19.0,,2.0,187.0,,,,,,,,,,
raynech01,1951,1,NYR,NHL,53.0,3180.0,18.0,25.0,10.0,,2.0,159.0,,,,,,,,,,
raynech01,1952,1,NYR,NHL,20.0,1200.0,4.0,8.0,8.0,,1.0,58.0,,,,,,,,,,
reaugda01,1984,1,EDM,NHL,1.0,60.0,0.0,1.0,0.0,1.0,0.0,5.0,35.0,,,,,,,,,
reaugda01,1987,1,EDM,NHL,6.0,176.0,1.0,1.0,0.0,0.0,0.0,14.0,114.0,,,,,,,,,
reaugda01,1990,1,HAR,NHL,20.0,1010.0,7.0,7.0,1.0,0.0,1.0,53.0,479.0,,,,,,,,,
reddige01,1924,1,BOS,NHL,1.0,11.0,0.0,0.0,0.0,,0.0,1.0,,,,,,,,,,
reddipo01,1986,1,WIN,NHL,48.0,2762.0,21.0,21.0,4.0,2.0,0.0,149.0,1256.0,3.0,166.0,0.0,2.0,,1.0,0.0,10.0,74.0
reddipo01,1987,1,WIN,NHL,28.0,1487.0,9.0,13.0,3.0,1.0,0.0,102.0,712.0,,,,,,,,,
reddipo01,1988,1,WIN,NHL,41.0,2109.0,11.0,17.0,7.0,3.0,0.0,144.0,1132.0,,,,,,,,,
reddipo01,1989,1,EDM,NHL,11.0,604.0,5.0,4.0,2.0,2.0,0.0,31.0,283.0,1.0,2.0,0.0,0.0,,0.0,0.0,0.0,1.0
reddipo01,1990,1,EDM,NHL,2.0,120.0,0.0,2.0,0.0,0.0,0.0,9.0,59.0,,,,,,,,,
reddipo01,1993,1,FLO,NHL,2.0,80.0,0.0,1.0,0.0,0.0,0.0,8.0,45.0,,,,,,,,,
redqugr01,1977,1,PIT,NHL,1.0,13.0,0.0,0.0,0.0,0.0,0.0,3.0,,,,,,,,,,
reeceda01,1975,1,BOS,NHL,14.0,777.0,7.0,5.0,2.0,1.0,2.0,43.0,,,,,,,,,,
reeseje01,1987,1,TOR,NHL,5.0,249.0,1.0,2.0,1.0,0.0,0.0,17.0,128.0,,,,,,,,,
reeseje01,1988,1,TOR,NHL,10.0,486.0,2.0,6.0,1.0,1.0,0.0,40.0,286.0,,,,,,,,,
reeseje01,1989,1,TOR,NHL,21.0,1101.0,9.0,6.0,3.0,0.0,0.0,81.0,630.0,2.0,108.0,1.0,1.0,,0.0,0.0,6.0,50.0
reeseje01,1990,1,TOR,NHL,30.0,1430.0,6.0,13.0,3.0,3.0,1.0,92.0,695.0,,,,,,,,,
reeseje01,1991,1,TOR,NHL,8.0,413.0,1.0,5.0,1.0,1.0,1.0,20.0,210.0,,,,,,,,,
reeseje01,1991,2,CAL,NHL,12.0,587.0,3.0,2.0,2.0,2.0,0.0,37.0,290.0,,,,,,,,,
reeseje01,1992,1,CAL,NHL,26.0,1311.0,14.0,4.0,1.0,0.0,1.0,70.0,629.0,4.0,209.0,1.0,3.0,,1.0,0.0,17.0,91.0
reeseje01,1993,1,CAL,NHL,1.0,13.0,0.0,0.0,0.0,0.0,0.0,1.0,5.0,,,,,,,,,
reeseje01,1993,2,HAR,NHL,19.0,1086.0,5.0,9.0,3.0,4.0,1.0,56.0,524.0,,,,,,,,,
reeseje01,1994,1,HAR,NHL,11.0,477.0,2.0,5.0,1.0,1.0,0.0,26.0,234.0,,,,,,,,,
reeseje01,1995,1,HAR,NHL,7.0,275.0,2.0,3.0,0.0,0.0,1.0,14.0,170.0,,,,,,,,,
reeseje01,1995,2,TBL,NHL,19.0,994.0,7.0,7.0,1.0,2.0,0.0,54.0,464.0,5.0,198.0,1.0,1.0,,0.0,0.0,12.0,100.0
reeseje01,1996,1,NJD,NHL,3.0,139.0,0.0,2.0,0.0,0.0,0.0,13.0,65.0,,,,,,,,,
reeseje01,1998,1,TOR,NHL,2.0,106.0,1.0,1.0,0.0,0.0,0.0,8.0,51.0,,,,,,,,,
reidch01,1921,1,CAT,WCHL,24.0,1476.0,14.0,10.0,0.0,,2.0,62.0,,2.0,120.0,0.0,1.0,1.0,,0.0,2.0,
reidch01,1922,1,CAT,WCHL,11.0,672.0,5.0,6.0,0.0,,0.0,39.0,,,,,,,,,,
reidch01,1922,2,VAM,PCHA,5.0,300.0,1.0,4.0,0.0,,0.0,27.0,,,,,,,,,,
reidch01,1923,1,CAT,WCHL,30.0,1841.0,18.0,11.0,1.0,,4.0,72.0,,5.0,300.0,3.0,1.0,1.0,,1.0,9.0,
reidch01,1924,1,VMR,WCHL,17.0,1040.0,5.0,12.0,0.0,,1.0,72.0,,,,,,,,,,
reschgl01,1973,1,NYI,NHL,2.0,120.0,1.0,1.0,0.0,0.0,0.0,6.0,,,,,,,,,,
reschgl01,1974,1,NYI,NHL,25.0,1432.0,12.0,7.0,5.0,3.0,3.0,59.0,,12.0,692.0,8.0,4.0,,1.0,1.0,25.0,
reschgl01,1975,1,NYI,NHL,44.0,2546.0,23.0,11.0,8.0,1.0,7.0,88.0,,7.0,357.0,3.0,3.0,,0.0,0.0,18.0,
reschgl01,1976,1,NYI,NHL,46.0,2711.0,26.0,13.0,6.0,2.0,4.0,103.0,,3.0,144.0,1.0,1.0,,0.0,0.0,5.0,
reschgl01,1977,1,NYI,NHL,45.0,2637.0,28.0,9.0,7.0,1.0,3.0,112.0,,7.0,388.0,3.0,4.0,,0.0,0.0,15.0,
reschgl01,1978,1,NYI,NHL,43.0,2539.0,26.0,7.0,10.0,0.0,2.0,106.0,,5.0,300.0,2.0,3.0,,0.0,1.0,11.0,
reschgl01,1979,1,NYI,NHL,45.0,2606.0,23.0,14.0,6.0,1.0,3.0,132.0,,4.0,120.0,0.0,2.0,,1.0,0.0,9.0,
reschgl01,1980,1,NYI,NHL,32.0,1817.0,18.0,7.0,5.0,2.0,3.0,93.0,,,,,,,,,,
reschgl01,1980,2,COR,NHL,8.0,449.0,2.0,4.0,2.0,0.0,0.0,28.0,,,,,,,,,,
reschgl01,1981,1,COR,NHL,61.0,3424.0,16.0,31.0,11.0,5.0,0.0,230.0,,,,,,,,,,
reschgl01,1982,1,NJD,NHL,65.0,3650.0,15.0,35.0,12.0,2.0,0.0,242.0,1933.0,,,,,,,,,
reschgl01,1983,1,NJD,NHL,51.0,2641.0,9.0,31.0,3.0,4.0,1.0,184.0,1426.0,,,,,,,,,
reschgl01,1984,1,NJD,NHL,51.0,2884.0,15.0,27.0,5.0,4.0,0.0,200.0,1401.0,,,,,,,,,
reschgl01,1985,1,NJD,NHL,31.0,1769.0,10.0,20.0,0.0,4.0,0.0,126.0,885.0,,,,,,,,,
reschgl01,1985,2,PHI,NHL,5.0,187.0,1.0,2.0,0.0,0.0,0.0,10.0,84.0,1.0,7.0,0.0,0.0,,0.0,0.0,1.0,1.0
reschgl01,1986,1,PHI,NHL,17.0,867.0,6.0,5.0,2.0,1.0,0.0,42.0,436.0,2.0,36.0,0.0,0.0,,0.0,0.0,1.0,12.0
rheauhe01,1925,1,MTL,NHL,31.0,1889.0,10.0,20.0,1.0,,0.0,92.0,,,,,,,,,,
rhodeda01,1990,1,TOR,NHL,1.0,60.0,1.0,0.0,0.0,0.0,0.0,1.0,26.0,,,,,,,,,
rhodeda01,1993,1,TOR,NHL,22.0,1213.0,9.0,7.0,3.0,0.0,0.0,53.0,541.0,1.0,0.0,0.0,0.0,,0.0,0.0,0.0,0.0
rhodeda01,1994,1,TOR,NHL,13.0,760.0,6.0,6.0,1.0,2.0,0.0,34.0,404.0,,,,,,,,,
rhodeda01,1995,1,TOR,NHL,11.0,624.0,4.0,5.0,1.0,0.0,0.0,29.0,301.0,,,,,,,,,
rhodeda01,1995,2,OTT,NHL,36.0,2123.0,10.0,22.0,4.0,1.0,2.0,98.0,1041.0,,,,,,,,,
rhodeda01,1996,1,OTT,NHL,50.0,2934.0,14.0,20.0,14.0,2.0,1.0,133.0,1213.0,,,,,,,,,
rhodeda01,1997,1,OTT,NHL,50.0,2743.0,19.0,19.0,7.0,3.0,5.0,107.0,1148.0,10.0,590.0,5.0,5.0,,3.0,0.0,21.0,236.0
rhodeda01,1998,1,OTT,NHL,45.0,2480.0,22.0,13.0,7.0,1.0,3.0,101.0,1060.0,2.0,150.0,0.0,2.0,,0.0,0.0,6.0,65.0
rhodeda01,1999,1,ATL,NHL,28.0,1561.0,5.0,19.0,3.0,3.0,1.0,101.0,803.0,,,,,,,,,
rhodeda01,2000,1,ATL,NHL,38.0,2072.0,7.0,19.0,7.0,5.0,0.0,116.0,1129.0,,,,,,,,,
rhodeda01,2001,1,ATL,NHL,15.0,769.0,2.0,10.0,1.0,3.0,0.0,47.0,439.0,,,,,,,,,
riccini01,1979,1,PIT,NHL,4.0,240.0,2.0,2.0,0.0,0.0,0.0,14.0,,,,,,,,,,
riccini01,1980,1,PIT,NHL,9.0,540.0,4.0,5.0,0.0,1.0,0.0,35.0,,,,,,,,,,
riccini01,1981,1,PIT,NHL,3.0,160.0,0.0,3.0,0.0,2.0,0.0,14.0,,,,,,,,,,
riccini01,1982,1,PIT,NHL,3.0,147.0,1.0,2.0,0.0,1.0,0.0,16.0,77.0,,,,,,,,,
richate01,1973,1,DET,NHL,9.0,315.0,1.0,4.0,0.0,0.0,0.0,28.0,,,,,,,,,,
richate01,1974,1,DET,NHL,4.0,202.0,1.0,2.0,0.0,0.0,0.0,23.0,,,,,,,,,,
richate01,1975,1,DET,NHL,1.0,60.0,0.0,1.0,0.0,0.0,0.0,7.0,,,,,,,,,,
richate01,1976,1,DET,NHL,5.0,269.0,1.0,3.0,0.0,0.0,0.0,18.0,,,,,,,,,,
richate01,1978,1,STL,NHL,1.0,60.0,0.0,1.0,0.0,0.0,0.0,9.0,,,,,,,,,,
richtmi01,1988,1,NYR,NHL,,,,,,,,,,1.0,58.0,0.0,1.0,,0.0,0.0,4.0,30.0
richtmi01,1989,1,NYR,NHL,23.0,1320.0,12.0,5.0,5.0,0.0,0.0,66.0,686.0,6.0,330.0,3.0,2.0,,0.0,0.0,19.0,182.0
richtmi01,1990,1,NYR,NHL,45.0,2596.0,21.0,13.0,7.0,3.0,0.0,135.0,1392.0,6.0,313.0,2.0,4.0,,1.0,1.0,14.0,182.0
richtmi01,1991,1,NYR,NHL,41.0,2298.0,23.0,12.0,2.0,3.0,3.0,119.0,1205.0,7.0,412.0,4.0,2.0,,0.0,1.0,24.0,226.0
richtmi01,1992,1,NYR,NHL,38.0,2105.0,13.0,19.0,3.0,4.0,1.0,134.0,1180.0,,,,,,,,,
richtmi01,1993,1,NYR,NHL,68.0,3710.0,42.0,12.0,6.0,1.0,5.0,159.0,1758.0,23.0,1417.0,16.0,7.0,,0.0,4.0,49.0,623.0
richtmi01,1994,1,NYR,NHL,35.0,1993.0,14.0,17.0,2.0,2.0,2.0,97.0,884.0,7.0,384.0,2.0,5.0,,1.0,0.0,23.0,189.0
richtmi01,1995,1,NYR,NHL,41.0,2396.0,24.0,13.0,3.0,3.0,3.0,107.0,1221.0,11.0,661.0,5.0,6.0,,2.0,0.0,36.0,308.0
richtmi01,1996,1,NYR,NHL,61.0,3598.0,33.0,22.0,6.0,9.0,4.0,161.0,1945.0,15.0,939.0,9.0,6.0,,2.0,3.0,33.0,488.0
richtmi01,1997,1,NYR,NHL,72.0,4143.0,21.0,31.0,15.0,6.0,0.0,184.0,1888.0,,,,,,,,,
richtmi01,1998,1,NYR,NHL,68.0,3878.0,27.0,30.0,8.0,6.0,4.0,170.0,1898.0,,,,,,,,,
richtmi01,1999,1,NYR,NHL,61.0,3622.0,22.0,31.0,8.0,4.0,0.0,173.0,1815.0,,,,,,,,,
richtmi01,2000,1,NYR,NHL,45.0,2635.0,20.0,21.0,3.0,5.0,0.0,144.0,1343.0,,,,,,,,,
richtmi01,2001,1,NYR,NHL,55.0,3195.0,24.0,26.0,4.0,3.0,2.0,157.0,1675.0,,,,,,,,,
richtmi01,2002,1,NYR,NHL,13.0,694.0,5.0,6.0,1.0,2.0,0.0,34.0,329.0,,,,,,,,,
ridlecu01,1974,1,NYR,NHL,2.0,81.0,1.0,1.0,0.0,0.0,0.0,7.0,,,,,,,,,,
ridlecu01,1975,1,VAN,NHL,9.0,500.0,6.0,0.0,2.0,0.0,1.0,19.0,,2.0,120.0,0.0,2.0,,0.0,0.0,8.0,
ridlecu01,1976,1,VAN,NHL,37.0,2074.0,8.0,21.0,4.0,2.0,0.0,134.0,,,,,,,,,,
ridlecu01,1977,1,VAN,NHL,40.0,2010.0,9.0,17.0,8.0,1.0,0.0,136.0,,,,,,,,,,
ridlecu01,1979,1,VAN,NHL,10.0,599.0,2.0,6.0,2.0,2.0,0.0,39.0,,,,,,,,,,
ridlecu01,1979,2,TOR,NHL,3.0,110.0,0.0,1.0,0.0,0.0,0.0,8.0,,,,,,,,,,
ridlecu01,1980,1,TOR,NHL,3.0,124.0,1.0,1.0,0.0,0.0,0.0,12.0,,,,,,,,,,
riendvi01,1987,1,MTL,NHL,1.0,36.0,0.0,0.0,0.0,0.0,0.0,5.0,22.0,,,,,,,,,
riendvi01,1988,1,STL,NHL,32.0,1842.0,11.0,15.0,5.0,4.0,0.0,108.0,836.0,,,,,,,,,
riendvi01,1989,1,STL,NHL,43.0,2551.0,17.0,19.0,5.0,2.0,1.0,149.0,1271.0,8.0,397.0,3.0,4.0,,1.0,0.0,24.0,223.0
riendvi01,1990,1,STL,NHL,44.0,2671.0,29.0,9.0,6.0,1.0,3.0,134.0,1241.0,13.0,687.0,6.0,7.0,,2.0,1.0,35.0,294.0
riendvi01,1991,1,STL,NHL,3.0,157.0,1.0,2.0,0.0,0.0,0.0,11.0,96.0,,,,,,,,,
riendvi01,1991,2,DET,NHL,2.0,87.0,2.0,0.0,0.0,0.0,0.0,2.0,31.0,2.0,73.0,1.0,0.0,,0.0,0.0,4.0,30.0
riendvi01,1992,1,DET,NHL,22.0,1193.0,13.0,4.0,2.0,1.0,0.0,64.0,522.0,,,,,,,,,
riendvi01,1993,1,DET,NHL,8.0,345.0,2.0,4.0,0.0,1.0,0.0,23.0,131.0,,,,,,,,,
riendvi01,1993,2,BOS,NHL,18.0,976.0,7.0,6.0,1.0,0.0,1.0,50.0,415.0,2.0,120.0,1.0,1.0,,0.0,0.0,8.0,42.0
riendvi01,1994,1,BOS,NHL,11.0,565.0,3.0,6.0,1.0,2.0,0.0,27.0,221.0,,,,,,,,,
riggide01,1959,1,DET,NHL,9.0,540.0,2.0,6.0,1.0,,1.0,32.0,,,,,,,,,,
riggide01,1962,1,DET,NHL,9.0,459.0,4.0,4.0,1.0,,0.0,22.0,,,,,,,,,,
riggipa01,1978,1,BIR,WHA,46.0,2511.0,16.0,22.0,5.0,1.0,1.0,158.0,1322.0,,,,,,,,,
riggipa01,1979,1,ATF,NHL,25.0,1368.0,11.0,9.0,2.0,0.0,2.0,73.0,,,,,,,,,,
riggipa01,1980,1,CAL,NHL,42.0,2411.0,21.0,16.0,4.0,3.0,0.0,154.0,,11.0,629.0,6.0,4.0,,1.0,0.0,37.0,
riggipa01,1981,1,CAL,NHL,52.0,2934.0,19.0,19.0,11.0,1.0,2.0,207.0,,3.0,193.0,0.0,3.0,,0.0,0.0,10.0,
riggipa01,1982,1,WAS,NHL,38.0,2161.0,16.0,9.0,9.0,4.0,0.0,121.0,1015.0,3.0,101.0,0.0,1.0,,1.0,0.0,8.0,
riggipa01,1983,1,WAS,NHL,41.0,2299.0,21.0,14.0,2.0,1.0,4.0,102.0,924.0,5.0,230.0,1.0,3.0,,1.0,0.0,9.0,81.0
riggipa01,1984,1,WAS,NHL,57.0,3388.0,28.0,20.0,7.0,6.0,2.0,168.0,1478.0,2.0,122.0,1.0,1.0,,0.0,0.0,5.0,39.0
riggipa01,1985,1,WAS,NHL,7.0,369.0,2.0,3.0,1.0,1.0,0.0,23.0,133.0,,,,,,,,,
riggipa01,1985,2,BOS,NHL,39.0,2272.0,17.0,11.0,8.0,1.0,1.0,127.0,973.0,1.0,60.0,0.0,1.0,,0.0,0.0,3.0,23.0
riggipa01,1986,1,BOS,NHL,10.0,513.0,3.0,5.0,1.0,0.0,0.0,29.0,236.0,,,,,,,,,
riggipa01,1986,2,PIT,NHL,17.0,988.0,8.0,6.0,3.0,0.0,0.0,55.0,465.0,,,,,,,,,
riggipa01,1987,1,PIT,NHL,22.0,1169.0,7.0,8.0,4.0,1.0,0.0,76.0,580.0,,,,,,,,,
ringbo01,1965,1,BOS,NHL,1.0,33.0,0.0,0.0,0.0,0.0,0.0,4.0,,,,,,,,,,
rinnepe01,2005,1,NAS,NHL,2.0,63.0,1.0,1.0,0.0,0.0,0.0,4.0,40.0,,,,,,,,,
rinnepe01,2007,1,NAS,NHL,1.0,29.0,0.0,0.0,0.0,0.0,0.0,0.0,8.0,,,,,,,,,
rinnepe01,2008,1,NAS,NHL,52.0,2999.0,29.0,15.0,4.0,8.0,7.0,119.0,1435.0,,,,,,,,,
rinnepe01,2009,1,NAS,NHL,58.0,3246.0,32.0,16.0,5.0,5.0,7.0,137.0,1541.0,6.0,358.0,2.0,4.0,,1.0,0.0,16.0,179.0
rivarfe01,1968,1,MNS,NHL,13.0,657.0,0.0,6.0,4.0,0.0,0.0,48.0,,,,,,,,,,
rivarfe01,1969,1,MNS,NHL,14.0,800.0,3.0,5.0,5.0,0.0,1.0,42.0,,,,,,,,,,
rivarfe01,1973,1,MNS,NHL,13.0,701.0,3.0,6.0,2.0,1.0,1.0,50.0,,,,,,,,,,
rivarfe01,1974,1,MNS,NHL,15.0,707.0,3.0,9.0,0.0,0.0,0.0,50.0,,,,,,,,,,
roachjo01,1921,1,TRS,NHL,22.0,1340.0,11.0,10.0,1.0,,0.0,91.0,,2.0,120.0,1.0,0.0,1.0,,1.0,4.0,
roachjo01,1922,1,TRS,NHL,24.0,1469.0,13.0,10.0,1.0,,1.0,88.0,,,,,,,,,,
roachjo01,1923,1,TRS,NHL,23.0,1380.0,10.0,13.0,0.0,,1.0,80.0,,,,,,,,,,
roachjo01,1924,1,TRS,NHL,30.0,1800.0,19.0,11.0,0.0,,1.0,84.0,,2.0,120.0,0.0,2.0,0.0,,0.0,5.0,
roachjo01,1925,1,TRS,NHL,36.0,2231.0,12.0,21.0,3.0,,2.0,114.0,,,,,,,,,,
roachjo01,1926,1,TRS,NHL,44.0,2764.0,15.0,24.0,5.0,,4.0,94.0,,,,,,,,,,
roachjo01,1927,1,TOR,NHL,43.0,2690.0,18.0,18.0,7.0,,4.0,88.0,,,,,,,,,,
roachjo01,1928,1,NYR,NHL,44.0,2760.0,21.0,13.0,10.0,,13.0,65.0,,6.0,392.0,3.0,2.0,1.0,,3.0,5.0,
roachjo01,1929,1,NYR,NHL,44.0,2770.0,17.0,17.0,10.0,,1.0,143.0,,4.0,309.0,1.0,2.0,1.0,,0.0,7.0,
roachjo01,1930,1,NYR,NHL,44.0,2760.0,19.0,16.0,9.0,,7.0,87.0,,4.0,240.0,2.0,2.0,0.0,,1.0,4.0,
roachjo01,1931,1,NYR,NHL,48.0,3020.0,23.0,17.0,8.0,,9.0,112.0,,7.0,480.0,3.0,4.0,0.0,,1.0,27.0,
roachjo01,1932,1,DET,NHL,48.0,2970.0,25.0,15.0,8.0,,10.0,93.0,,4.0,240.0,2.0,2.0,0.0,,1.0,8.0,
roachjo01,1933,1,DET,NHL,19.0,1030.0,9.0,8.0,1.0,,1.0,45.0,,,,,,,,,,
roachjo01,1934,1,DET,NHL,23.0,1460.0,7.0,11.0,5.0,,4.0,62.0,,,,,,,,,,
roberea01,1936,1,DET,NHL,,,,,,,,,,6.0,340.0,3.0,2.0,,,2.0,8.0,
roberea01,1937,1,NYA,NHL,48.0,3000.0,19.0,18.0,11.0,,6.0,111.0,,6.0,425.0,3.0,3.0,,,0.0,12.0,
roberea01,1938,1,NYA,NHL,46.0,2850.0,17.0,18.0,10.0,,3.0,136.0,,,,,,,,,,
roberea01,1939,1,NYA,NHL,48.0,2960.0,15.0,29.0,4.0,,6.0,140.0,,3.0,180.0,1.0,2.0,,,0.0,9.0,
roberea01,1940,1,NYA,NHL,36.0,2260.0,6.0,22.0,8.0,,1.0,142.0,,,,,,,,,,
roberea01,1941,1,BKN,NHL,12.0,750.0,3.0,8.0,1.0,,0.0,46.0,,,,,,,,,,
robermo01,1925,1,BOS,NHL,2.0,85.0,1.0,1.0,0.0,,0.0,5.0,,,,,,,,,,
robermo01,1931,1,NYA,NHL,1.0,60.0,1.0,0.0,0.0,,0.0,1.0,,,,,,,,,,
robermo01,1933,1,NYA,NHL,6.0,336.0,1.0,4.0,0.0,,0.0,25.0,,,,,,,,,,
robermo01,1951,1,CHI,NHL,1.0,20.0,0.0,0.0,0.0,,0.0,0.0,,,,,,,,,,
rochoh01,1915,1,QU1,NHA,2.0,120.0,0.0,2.0,0.0,,0.0,16.0,,,,,,,,,,
rollial01,1949,1,TOR,NHL,2.0,100.0,1.0,1.0,0.0,,1.0,4.0,,,,,,,,,,
rollial01,1950,1,TOR,NHL,40.0,2367.0,27.0,5.0,8.0,,5.0,70.0,,4.0,210.0,3.0,1.0,,,0.0,6.0,
rollial01,1951,1,TOR,NHL,70.0,4170.0,29.0,24.0,16.0,,5.0,154.0,,2.0,120.0,0.0,2.0,,,0.0,6.0,
rollial01,1952,1,CHI,NHL,70.0,4200.0,27.0,28.0,15.0,,6.0,175.0,,7.0,425.0,3.0,4.0,,,0.0,18.0,
rollial01,1953,1,CHI,NHL,66.0,3960.0,12.0,47.0,7.0,,5.0,213.0,,,,,,,,,,
rollial01,1954,1,CHI,NHL,44.0,2640.0,9.0,27.0,8.0,,0.0,150.0,,,,,,,,,,
rollial01,1955,1,CHI,NHL,58.0,3480.0,17.0,30.0,11.0,,3.0,174.0,,,,,,,,,,
rollial01,1956,1,CHI,NHL,70.0,4200.0,16.0,39.0,15.0,,3.0,225.0,,,,,,,,,,
rollial01,1959,1,NYR,NHL,10.0,600.0,3.0,4.0,3.0,,0.0,31.0,,,,,,,,,,
rolosdw01,1996,1,CAL,NHL,31.0,1618.0,9.0,14.0,3.0,2.0,1.0,78.0,760.0,,,,,,,,,
rolosdw01,1997,1,CAL,NHL,39.0,2205.0,11.0,16.0,8.0,4.0,0.0,110.0,997.0,,,,,,,,,
rolosdw01,1998,1,BUF,NHL,18.0,911.0,6.0,8.0,2.0,1.0,1.0,42.0,460.0,4.0,139.0,1.0,1.0,,1.0,0.0,10.0,67.0
rolosdw01,1999,1,BUF,NHL,14.0,677.0,1.0,7.0,3.0,2.0,0.0,32.0,277.0,,,,,,,,,
rolosdw01,2001,1,MIN,NHL,45.0,2506.0,14.0,20.0,7.0,0.0,5.0,112.0,1132.0,,,,,,,,,
rolosdw01,2002,1,MIN,NHL,50.0,2945.0,23.0,16.0,8.0,1.0,4.0,98.0,1334.0,11.0,579.0,5.0,6.0,,0.0,0.0,25.0,257.0
rolosdw01,2003,1,MIN,NHL,48.0,2847.0,19.0,18.0,11.0,2.0,5.0,89.0,1323.0,,,,,,,,,
rolosdw01,2005,1,MIN,NHL,24.0,1361.0,6.0,17.0,1.0,3.0,1.0,68.0,759.0,,,,,,,,,
rolosdw01,2005,2,EDM,NHL,19.0,1163.0,8.0,7.0,4.0,1.0,1.0,47.0,497.0,18.0,1160.0,12.0,5.0,,1.0,1.0,45.0,618.0
rolosdw01,2006,1,EDM,NHL,68.0,3932.0,27.0,34.0,6.0,9.0,4.0,180.0,1969.0,,,,,,,,,
rolosdw01,2007,1,EDM,NHL,43.0,2340.0,15.0,17.0,5.0,5.0,0.0,119.0,1204.0,,,,,,,,,
rolosdw01,2008,1,EDM,NHL,63.0,3597.0,28.0,24.0,9.0,4.0,1.0,166.0,1953.0,,,,,,,,,
rolosdw01,2009,1,NYI,NHL,50.0,2897.0,23.0,18.0,7.0,2.0,1.0,145.0,1555.0,,,,,,,,,
romanro01,1982,1,PIT,NHL,3.0,155.0,0.0,3.0,0.0,0.0,0.0,18.0,96.0,,,,,,,,,
romanro01,1983,1,PIT,NHL,18.0,1020.0,6.0,11.0,0.0,0.0,1.0,78.0,629.0,,,,,,,,,
romanro01,1984,1,PIT,NHL,31.0,1629.0,9.0,17.0,2.0,1.0,1.0,120.0,974.0,,,,,,,,,
romanro01,1985,1,PIT,NHL,46.0,2684.0,21.0,20.0,3.0,6.0,2.0,159.0,1394.0,,,,,,,,,
romanro01,1986,1,PIT,NHL,25.0,1438.0,9.0,11.0,2.0,1.0,0.0,87.0,713.0,,,,,,,,,
romanro01,1986,2,BOS,NHL,1.0,60.0,0.0,1.0,0.0,0.0,0.0,6.0,34.0,,,,,,,,,
romanro01,1993,1,PIT,NHL,2.0,125.0,1.0,0.0,1.0,0.0,0.0,3.0,56.0,,,,,,,,,
rosatmi01,1998,1,WAS,NHL,1.0,28.0,1.0,0.0,0.0,0.0,0.0,0.0,12.0,,,,,,,,,
roussdo01,1991,1,PHI,NHL,17.0,922.0,7.0,8.0,2.0,0.0,1.0,40.0,437.0,,,,,,,,,
roussdo01,1992,1,PHI,NHL,34.0,1769.0,13.0,11.0,5.0,1.0,1.0,111.0,933.0,,,,,,,,,
roussdo01,1993,1,PHI,NHL,60.0,3285.0,29.0,20.0,5.0,3.0,1.0,183.0,1762.0,,,,,,,,,
roussdo01,1994,1,PHI,NHL,19.0,1075.0,11.0,7.0,0.0,1.0,1.0,42.0,486.0,1.0,23.0,0.0,0.0,,0.0,0.0,0.0,8.0
roussdo01,1995,1,PHI,NHL,9.0,456.0,2.0,3.0,2.0,0.0,1.0,22.0,178.0,,,,,,,,,
roussdo01,1995,2,WIN,NHL,7.0,285.0,2.0,2.0,0.0,0.0,0.0,16.0,134.0,,,,,,,,,
roussdo01,1998,1,ANA,NHL,18.0,884.0,4.0,5.0,4.0,1.0,1.0,37.0,478.0,,,,,,,,,
roussdo01,1999,1,ANA,NHL,20.0,988.0,6.0,5.0,3.0,1.0,1.0,52.0,445.0,,,,,,,,,
roussdo01,2000,1,ANA,NHL,13.0,653.0,2.0,5.0,2.0,2.0,0.0,31.0,295.0,,,,,,,,,
roussdo01,2000,2,EDM,NHL,8.0,348.0,1.0,4.0,0.0,1.0,0.0,21.0,151.0,,,,,,,,,
roypa01,1984,1,MTL,NHL,1.0,20.0,1.0,0.0,0.0,0.0,0.0,0.0,2.0,,,,,,,,,
roypa01,1985,1,MTL,NHL,47.0,2651.0,23.0,18.0,3.0,3.0,1.0,148.0,1185.0,20.0,1218.0,15.0,5.0,,2.0,1.0,39.0,506.0
roypa01,1986,1,MTL,NHL,46.0,2686.0,22.0,16.0,6.0,6.0,1.0,131.0,1210.0,6.0,330.0,4.0,2.0,,0.0,0.0,22.0,173.0
roypa01,1987,1,MTL,NHL,45.0,2586.0,23.0,12.0,9.0,0.0,3.0,125.0,1248.0,8.0,430.0,3.0,4.0,,1.0,0.0,24.0,218.0
roypa01,1988,1,MTL,NHL,48.0,2744.0,33.0,5.0,6.0,2.0,4.0,113.0,1228.0,19.0,1206.0,13.0,6.0,,2.0,2.0,42.0,528.0
roypa01,1989,1,MTL,NHL,54.0,3173.0,31.0,16.0,5.0,2.0,3.0,134.0,1524.0,11.0,641.0,5.0,6.0,,1.0,1.0,26.0,292.0
roypa01,1990,1,MTL,NHL,48.0,2835.0,25.0,15.0,6.0,3.0,1.0,128.0,1362.0,13.0,785.0,7.0,5.0,,0.0,0.0,40.0,394.0
roypa01,1991,1,MTL,NHL,67.0,3935.0,36.0,22.0,8.0,7.0,5.0,155.0,1806.0,11.0,686.0,4.0,7.0,,2.0,1.0,30.0,312.0
roypa01,1992,1,MTL,NHL,62.0,3595.0,31.0,25.0,5.0,5.0,2.0,192.0,1814.0,20.0,1293.0,16.0,4.0,,3.0,0.0,46.0,647.0
roypa01,1993,1,MTL,NHL,68.0,3867.0,35.0,17.0,11.0,4.0,7.0,161.0,1956.0,6.0,375.0,3.0,3.0,,0.0,0.0,16.0,228.0
roypa01,1994,1,MTL,NHL,43.0,2566.0,17.0,20.0,6.0,3.0,1.0,127.0,1357.0,,,,,,,,,
roypa01,1995,1,MTL,NHL,22.0,1260.0,12.0,9.0,1.0,0.0,1.0,62.0,667.0,,,,,,,,,
roypa01,1995,2,COL,NHL,39.0,2305.0,22.0,15.0,1.0,3.0,1.0,103.0,1130.0,22.0,1454.0,16.0,6.0,,0.0,3.0,51.0,649.0
roypa01,1996,1,COL,NHL,62.0,3698.0,38.0,15.0,7.0,3.0,7.0,143.0,1861.0,17.0,1034.0,10.0,7.0,,2.0,3.0,38.0,559.0
roypa01,1997,1,COL,NHL,65.0,3835.0,31.0,19.0,13.0,5.0,4.0,153.0,1825.0,7.0,430.0,3.0,4.0,,1.0,0.0,18.0,191.0
roypa01,1998,1,COL,NHL,61.0,3648.0,32.0,19.0,8.0,4.0,5.0,139.0,1673.0,19.0,1173.0,11.0,8.0,,1.0,1.0,52.0,650.0
roypa01,1999,1,COL,NHL,63.0,3704.0,32.0,21.0,8.0,5.0,2.0,141.0,1640.0,17.0,1039.0,11.0,6.0,,1.0,3.0,31.0,431.0
roypa01,2000,1,COL,NHL,62.0,3585.0,40.0,13.0,7.0,5.0,4.0,132.0,1513.0,23.0,1451.0,16.0,7.0,,0.0,4.0,41.0,622.0
roypa01,2001,1,COL,NHL,63.0,3773.0,32.0,23.0,8.0,6.0,9.0,122.0,1629.0,21.0,1241.0,11.0,10.0,,3.0,3.0,52.0,572.0
roypa01,2002,1,COL,NHL,63.0,3769.0,35.0,15.0,13.0,3.0,5.0,137.0,1723.0,7.0,423.0,3.0,4.0,,0.0,1.0,16.0,177.0
rudkoco01,2002,1,STL,NHL,1.0,30.0,1.0,0.0,0.0,0.0,0.0,0.0,10.0,,,,,,,,,
rupppa01,1963,1,DET,NHL,1.0,60.0,0.0,1.0,0.0,0.0,0.0,4.0,,,,,,,,,,
rutheji01,1970,1,DET,NHL,29.0,1498.0,7.0,15.0,3.0,3.0,1.0,94.0,,,,,,,,,,
rutheji01,1971,1,PIT,NHL,40.0,2160.0,17.0,15.0,5.0,2.0,1.0,116.0,,4.0,240.0,0.0,4.0,,0.0,0.0,14.0,
rutheji01,1972,1,PIT,NHL,49.0,2660.0,20.0,22.0,5.0,3.0,3.0,129.0,,,,,,,,,,
rutheji01,1973,1,PIT,NHL,26.0,1432.0,7.0,12.0,4.0,1.0,0.0,82.0,,,,,,,,,,
rutheji01,1973,2,DET,NHL,25.0,1420.0,9.0,11.0,4.0,0.0,0.0,86.0,,,,,,,,,,
rutheji01,1974,1,DET,NHL,59.0,3478.0,20.0,29.0,10.0,1.0,2.0,217.0,,,,,,,,,,
rutheji01,1975,1,DET,NHL,44.0,2640.0,13.0,25.0,6.0,4.0,4.0,158.0,,,,,,,,,,
rutheji01,1976,1,DET,NHL,48.0,2740.0,7.0,34.0,6.0,1.0,0.0,180.0,,,,,,,,,,
rutheji01,1977,1,DET,NHL,43.0,2468.0,20.0,17.0,4.0,1.0,1.0,134.0,,3.0,180.0,2.0,1.0,,0.0,0.0,12.0,
rutheji01,1978,1,DET,NHL,32.0,1892.0,13.0,14.0,5.0,2.0,1.0,103.0,,,,,,,,,,
rutheji01,1979,1,DET,NHL,23.0,1326.0,6.0,13.0,3.0,1.0,1.0,92.0,,,,,,,,,,
rutheji01,1980,1,DET,NHL,10.0,600.0,2.0,6.0,2.0,0.0,0.0,43.0,,,,,,,,,,
rutheji01,1980,2,TOR,NHL,18.0,961.0,4.0,10.0,2.0,2.0,0.0,82.0,,,,,,,,,,
rutheji01,1980,3,LAK,NHL,3.0,180.0,3.0,0.0,0.0,0.0,0.0,10.0,,1.0,20.0,0.0,0.0,,0.0,0.0,2.0,
rutheji01,1981,1,LAK,NHL,7.0,380.0,3.0,3.0,0.0,0.0,0.0,43.0,,,,,,,,,,
rutheji01,1982,1,DET,NHL,1.0,60.0,0.0,1.0,0.0,0.0,0.0,7.0,39.0,,,,,,,,,
rutlewa01,1967,1,LAK,NHL,45.0,2444.0,20.0,18.0,4.0,2.0,2.0,117.0,,3.0,149.0,1.0,1.0,,0.0,0.0,8.0,
rutlewa01,1968,1,LAK,NHL,17.0,921.0,6.0,7.0,4.0,0.0,0.0,56.0,,5.0,229.0,1.0,3.0,,1.0,0.0,12.0,
rutlewa01,1969,1,LAK,NHL,20.0,960.0,2.0,12.0,1.0,0.0,0.0,68.0,,,,,,,,,,
rutlewa01,1972,1,HOU,WHA,36.0,2163.0,20.0,14.0,2.0,3.0,0.0,110.0,1192.0,7.0,423.0,4.0,3.0,,1.0,0.0,20.0,228.0
rutlewa01,1973,1,HOU,WHA,25.0,1509.0,12.0,12.0,1.0,0.0,0.0,84.0,737.0,,,,,,,,,
rutlewa01,1974,1,HOU,WHA,35.0,2092.0,20.0,15.0,0.0,0.0,2.0,113.0,1045.0,,,,,,,,,
rutlewa01,1975,1,HOU,WHA,25.0,1456.0,14.0,10.0,0.0,1.0,1.0,77.0,780.0,4.0,200.0,2.0,1.0,,0.0,0.0,10.0,103.0
rutlewa01,1976,1,HOU,WHA,42.0,2512.0,23.0,14.0,4.0,1.0,3.0,132.0,1209.0,2.0,120.0,2.0,0.0,,0.0,0.0,4.0,54.0
rutlewa01,1977,1,HOU,WHA,12.0,634.0,4.0,7.0,0.0,0.0,0.0,47.0,360.0,3.0,239.0,1.0,2.0,,0.0,0.0,21.0,
sabouda01,2003,1,CAL,NHL,4.0,169.0,0.0,3.0,0.0,0.0,0.0,10.0,66.0,,,,,,,,,
sabouda01,2005,1,PIT,NHL,1.0,21.0,0.0,1.0,0.0,0.0,0.0,4.0,14.0,,,,,,,,,
sabouda01,2006,1,VAN,NHL,9.0,480.0,2.0,4.0,1.0,2.0,0.0,21.0,224.0,2.0,14.0,0.0,0.0,,0.0,0.0,1.0,11.0
sabouda01,2007,1,PIT,NHL,24.0,1242.0,10.0,9.0,1.0,2.0,2.0,57.0,596.0,,,,,,,,,
sabouda01,2008,1,PIT,NHL,19.0,989.0,6.0,8.0,2.0,3.0,0.0,47.0,463.0,,,,,,,,,
salakal01,2009,1,FLO,NHL,2.0,67.0,0.0,1.0,0.0,0.0,0.0,6.0,40.0,,,,,,,,,
saloto01,1994,1,NYI,NHL,6.0,358.0,1.0,5.0,0.0,0.0,0.0,18.0,189.0,,,,,,,,,
saloto01,1995,1,NYI,NHL,10.0,523.0,1.0,7.0,1.0,3.0,0.0,35.0,250.0,,,,,,,,,
saloto01,1996,1,NYI,NHL,58.0,3208.0,20.0,27.0,8.0,7.0,5.0,151.0,1576.0,,,,,,,,,
saloto01,1997,1,NYI,NHL,62.0,3461.0,23.0,29.0,5.0,9.0,4.0,152.0,1617.0,,,,,,,,,
saloto01,1998,1,NYI,NHL,51.0,3018.0,17.0,26.0,7.0,5.0,5.0,132.0,1368.0,,,,,,,,,
saloto01,1998,2,EDM,NHL,13.0,700.0,8.0,2.0,2.0,0.0,0.0,27.0,279.0,4.0,296.0,0.0,4.0,,0.0,0.0,11.0,149.0
saloto01,1999,1,EDM,NHL,70.0,4164.0,27.0,28.0,13.0,0.0,2.0,162.0,1875.0,5.0,297.0,1.0,4.0,,0.0,0.0,14.0,133.0
saloto01,2000,1,EDM,NHL,73.0,4364.0,36.0,25.0,12.0,5.0,8.0,179.0,1856.0,6.0,406.0,2.0,4.0,,1.0,0.0,15.0,187.0
saloto01,2001,1,EDM,NHL,69.0,4035.0,30.0,28.0,10.0,5.0,6.0,149.0,1713.0,,,,,,,,,
saloto01,2002,1,EDM,NHL,65.0,3814.0,29.0,27.0,8.0,4.0,4.0,172.0,1708.0,6.0,343.0,2.0,4.0,,1.0,0.0,18.0,161.0
saloto01,2003,1,EDM,NHL,44.0,2487.0,17.0,18.0,6.0,1.0,3.0,107.0,1024.0,,,,,,,,,
saloto01,2003,2,COL,NHL,5.0,304.0,1.0,3.0,1.0,0.0,0.0,12.0,136.0,1.0,27.0,0.0,0.0,,0.0,0.0,0.0,7.0
sandsch01,1939,1,MTL,NHL,1.0,25.0,0.0,0.0,0.0,,0.0,5.0,,,,,,,,,,
sandsmi01,1984,1,MNS,NHL,3.0,139.0,0.0,3.0,0.0,0.0,0.0,14.0,88.0,,,,,,,,,
sandsmi01,1986,1,MNS,NHL,3.0,163.0,0.0,2.0,0.0,1.0,0.0,12.0,104.0,,,,,,,,,
sanfocu01,2002,1,STL,NHL,8.0,397.0,5.0,1.0,0.0,0.0,1.0,13.0,148.0,,,,,,,,,
sanfocu01,2005,1,STL,NHL,34.0,1830.0,13.0,13.0,5.0,4.0,3.0,81.0,885.0,,,,,,,,,
sanfocu01,2006,1,STL,NHL,31.0,1492.0,8.0,12.0,5.0,3.0,0.0,79.0,707.0,,,,,,,,,
sanfocu01,2007,1,VAN,NHL,16.0,679.0,4.0,3.0,1.0,0.0,0.0,32.0,313.0,,,,,,,,,
sanfocu01,2008,1,VAN,NHL,19.0,973.0,7.0,8.0,0.0,2.0,1.0,42.0,448.0,,,,,,,,,
sanzani01,1975,1,DOT,WHA,1.0,20.0,0.0,0.0,0.0,0.0,0.0,5.0,12.0,,,,,,,,,
sarjege01,1994,1,STL,NHL,4.0,120.0,1.0,0.0,0.0,0.0,0.0,6.0,52.0,,,,,,,,,
sarjege01,1995,1,SJS,NHL,4.0,171.0,0.0,2.0,1.0,1.0,0.0,14.0,87.0,,,,,,,,,
sauvebo01,1976,1,BUF,NHL,4.0,184.0,1.0,2.0,0.0,0.0,0.0,11.0,,,,,,,,,,
sauvebo01,1977,1,BUF,NHL,11.0,480.0,6.0,2.0,0.0,0.0,0.0,20.0,,,,,,,,,,
sauvebo01,1978,1,BUF,NHL,29.0,1610.0,10.0,10.0,7.0,0.0,0.0,100.0,,3.0,181.0,1.0,2.0,,0.0,0.0,9.0,
sauvebo01,1979,1,BUF,NHL,32.0,1880.0,20.0,8.0,4.0,1.0,4.0,74.0,,8.0,501.0,6.0,2.0,,1.0,2.0,17.0,
sauvebo01,1980,1,BUF,NHL,35.0,2100.0,16.0,10.0,9.0,2.0,2.0,111.0,,,,,,,,,,
sauvebo01,1981,1,BUF,NHL,14.0,760.0,6.0,1.0,5.0,1.0,0.0,35.0,,,,,,,,,,
sauvebo01,1981,2,DET,NHL,41.0,2365.0,11.0,25.0,4.0,5.0,0.0,165.0,,,,,,,,,,
sauvebo01,1982,1,BUF,NHL,54.0,3110.0,25.0,20.0,7.0,3.0,1.0,179.0,1393.0,10.0,545.0,6.0,4.0,,0.0,2.0,28.0,
sauvebo01,1983,1,BUF,NHL,40.0,2375.0,22.0,13.0,4.0,0.0,0.0,138.0,1050.0,2.0,41.0,0.0,1.0,,0.0,0.0,5.0,14.0
sauvebo01,1984,1,BUF,NHL,27.0,1564.0,13.0,10.0,3.0,1.0,0.0,84.0,581.0,,,,,,,,,
sauvebo01,1985,1,CHI,NHL,38.0,2099.0,19.0,13.0,2.0,2.0,0.0,138.0,1210.0,2.0,99.0,0.0,2.0,,1.0,0.0,8.0,61.0
sauvebo01,1986,1,CHI,NHL,46.0,2660.0,19.0,19.0,5.0,0.0,1.0,159.0,1497.0,4.0,245.0,0.0,4.0,,0.0,0.0,15.0,136.0
sauvebo01,1987,1,NJD,NHL,34.0,1803.0,10.0,16.0,3.0,2.0,0.0,107.0,823.0,5.0,238.0,2.0,1.0,,0.0,0.0,13.0,118.0
sauvebo01,1988,1,NJD,NHL,15.0,720.0,4.0,5.0,1.0,2.0,0.0,56.0,333.0,,,,,,,,,
sauveph01,2003,1,COL,NHL,17.0,986.0,7.0,7.0,3.0,2.0,0.0,50.0,479.0,,,,,,,,,
sauveph01,2005,1,CAL,NHL,8.0,402.0,3.0,3.0,0.0,0.0,0.0,22.0,202.0,,,,,,,,,
sauveph01,2005,2,PHO,NHL,5.0,187.0,0.0,4.0,0.0,1.0,0.0,17.0,128.0,,,,,,,,,
sauveph01,2006,1,BOS,NHL,2.0,41.0,0.0,0.0,0.0,0.0,0.0,4.0,23.0,,,,,,,,,
savarjo01,1911,1,QU1,NHA,1.0,10.0,0.0,0.0,0.0,,0.0,1.0,,,,,,,,,,
sawchte01,1949,1,DET,NHL,7.0,420.0,4.0,3.0,0.0,,1.0,16.0,,,,,,,,,,
sawchte01,1950,1,DET,NHL,70.0,4200.0,44.0,13.0,13.0,,11.0,139.0,,6.0,463.0,2.0,4.0,,,1.0,13.0,
sawchte01,1951,1,DET,NHL,70.0,4200.0,44.0,14.0,12.0,,12.0,133.0,,8.0,480.0,8.0,0.0,,,4.0,5.0,
sawchte01,1952,1,DET,NHL,63.0,3780.0,32.0,15.0,16.0,,9.0,120.0,,6.0,372.0,2.0,4.0,,,1.0,21.0,
sawchte01,1953,1,DET,NHL,67.0,4004.0,35.0,19.0,13.0,,12.0,129.0,,12.0,751.0,8.0,4.0,,,2.0,20.0,
sawchte01,1954,1,DET,NHL,68.0,4040.0,40.0,17.0,11.0,,12.0,132.0,,11.0,660.0,8.0,3.0,,,1.0,26.0,
sawchte01,1955,1,BOS,NHL,68.0,4080.0,22.0,33.0,13.0,,9.0,181.0,,,,,,,,,,
sawchte01,1956,1,BOS,NHL,34.0,2040.0,18.0,10.0,6.0,,2.0,81.0,,,,,,,,,,
sawchte01,1957,1,DET,NHL,70.0,4200.0,29.0,29.0,12.0,,3.0,207.0,,4.0,252.0,0.0,4.0,,,0.0,19.0,
sawchte01,1958,1,DET,NHL,67.0,4020.0,23.0,36.0,8.0,,5.0,209.0,,,,,,,,,,
sawchte01,1959,1,DET,NHL,58.0,3480.0,24.0,20.0,14.0,,5.0,156.0,,6.0,405.0,2.0,4.0,,,0.0,20.0,
sawchte01,1960,1,DET,NHL,37.0,2150.0,12.0,16.0,8.0,,2.0,113.0,,8.0,465.0,5.0,3.0,,,1.0,18.0,
sawchte01,1961,1,DET,NHL,43.0,2580.0,14.0,21.0,8.0,,5.0,143.0,,,,,,,,,,
sawchte01,1962,1,DET,NHL,48.0,2781.0,22.0,16.0,7.0,,3.0,119.0,,11.0,660.0,5.0,6.0,,,0.0,36.0,
sawchte01,1963,1,DET,NHL,53.0,3140.0,25.0,20.0,7.0,2.0,5.0,138.0,,13.0,677.0,6.0,5.0,,0.0,1.0,31.0,
sawchte01,1964,1,TOR,NHL,36.0,2160.0,17.0,13.0,6.0,0.0,1.0,92.0,,1.0,60.0,0.0,1.0,,0.0,0.0,3.0,
sawchte01,1965,1,TOR,NHL,27.0,1521.0,10.0,11.0,3.0,1.0,1.0,80.0,,2.0,120.0,0.0,2.0,,0.0,0.0,6.0,
sawchte01,1966,1,TOR,NHL,28.0,1409.0,15.0,5.0,4.0,0.0,2.0,66.0,,10.0,565.0,6.0,4.0,,0.0,0.0,25.0,
sawchte01,1967,1,LAK,NHL,36.0,1936.0,11.0,14.0,6.0,2.0,2.0,99.0,,5.0,280.0,2.0,3.0,,0.0,1.0,18.0,
sawchte01,1968,1,DET,NHL,13.0,641.0,3.0,4.0,3.0,0.0,0.0,28.0,,,,,,,,,,
sawchte01,1969,1,NYR,NHL,8.0,412.0,3.0,1.0,2.0,0.0,1.0,20.0,,3.0,80.0,0.0,1.0,,0.0,0.0,6.0,
schaejo01,1959,1,NYR,NHL,1.0,39.0,0.0,1.0,0.0,,0.0,5.0,,,,,,,,,,
schaejo01,1960,1,NYR,NHL,1.0,47.0,0.0,1.0,0.0,,0.0,3.0,,,,,,,,,,
schaeno01,2005,1,SJS,NHL,7.0,352.0,5.0,1.0,0.0,1.0,1.0,11.0,138.0,,,,,,,,,
schafpa01,1996,1,BOS,NHL,3.0,77.0,0.0,0.0,0.0,1.0,0.0,6.0,25.0,,,,,,,,,
schneco01,2008,1,VAN,NHL,8.0,355.0,2.0,4.0,1.0,0.0,0.0,20.0,162.0,,,,,,,,,
schneco01,2009,1,VAN,NHL,2.0,79.0,0.0,1.0,0.0,0.0,0.0,5.0,59.0,,,,,,,,,
schwaco01,1995,1,NJD,NHL,10.0,331.0,0.0,3.0,0.0,0.0,0.0,12.0,119.0,,,,,,,,,
schwaco01,1996,1,TBL,NHL,31.0,1462.0,11.0,12.0,1.0,2.0,2.0,74.0,719.0,,,,,,,,,
schwaco01,1997,1,TBL,NHL,16.0,821.0,2.0,9.0,1.0,2.0,1.0,40.0,370.0,,,,,,,,,
schwaco01,1998,1,TBL,NHL,40.0,2146.0,8.0,25.0,3.0,2.0,0.0,126.0,1153.0,,,,,,,,,
schwaco01,1999,1,VAN,NHL,6.0,269.0,2.0,1.0,1.0,0.0,0.0,16.0,115.0,,,,,,,,,
schwaco01,2001,1,TOR,NHL,30.0,1646.0,12.0,10.0,5.0,1.0,1.0,75.0,707.0,1.0,12.0,0.0,0.0,,0.0,0.0,0.0,5.0
schwaco01,2002,1,NJD,NHL,11.0,614.0,5.0,3.0,1.0,0.0,1.0,15.0,223.0,2.0,28.0,0.0,0.0,,0.0,0.0,0.0,8.0
schwaco01,2003,1,NJD,NHL,3.0,187.0,2.0,0.0,1.0,0.0,1.0,2.0,68.0,,,,,,,,,
schwama01,2006,1,STL,NHL,2.0,60.0,0.0,1.0,0.0,0.0,0.0,3.0,25.0,,,,,,,,,
schwama01,2007,1,STL,NHL,2.0,50.0,0.0,1.0,0.0,1.0,0.0,6.0,17.0,,,,,,,,,
schwama01,2008,1,STL,NHL,2.0,15.0,0.0,0.0,0.0,0.0,0.0,0.0,5.0,,,,,,,,,
scottro01,1983,1,NYR,NHL,9.0,485.0,2.0,3.0,3.0,1.0,0.0,29.0,254.0,,,,,,,,,
scottro01,1985,1,NYR,NHL,4.0,156.0,0.0,3.0,0.0,0.0,0.0,11.0,56.0,,,,,,,,,
scottro01,1986,1,NYR,NHL,1.0,65.0,0.0,0.0,1.0,0.0,0.0,5.0,35.0,,,,,,,,,
scottro01,1987,1,NYR,NHL,2.0,90.0,1.0,1.0,0.0,0.0,0.0,6.0,41.0,,,,,,,,,
scottro01,1989,1,LAK,NHL,12.0,654.0,5.0,6.0,0.0,2.0,0.0,40.0,321.0,1.0,32.0,0.0,0.0,,0.0,0.0,4.0,10.0
scotttr01,2000,1,LAK,NHL,1.0,25.0,0.0,0.0,0.0,0.0,0.0,3.0,10.0,,,,,,,,,
sevigri01,1979,1,MTL,NHL,11.0,632.0,5.0,4.0,2.0,3.0,0.0,31.0,,,,,,,,,,
sevigri01,1980,1,MTL,NHL,33.0,1777.0,20.0,4.0,3.0,0.0,2.0,71.0,,3.0,180.0,0.0,3.0,,2.0,0.0,13.0,
sevigri01,1981,1,MTL,NHL,19.0,1027.0,11.0,4.0,2.0,1.0,0.0,53.0,,,,,,,,,,
sevigri01,1982,1,MTL,NHL,38.0,2130.0,15.0,11.0,8.0,5.0,1.0,122.0,1045.0,1.0,28.0,0.0,0.0,,0.0,0.0,0.0,
sevigri01,1983,1,MTL,NHL,40.0,2203.0,16.0,18.0,2.0,3.0,1.0,124.0,946.0,,,,,,,,,
sevigri01,1984,1,QUE,NHL,20.0,1104.0,10.0,6.0,2.0,0.0,1.0,62.0,491.0,,,,,,,,,
sevigri01,1985,1,QUE,NHL,11.0,468.0,3.0,5.0,1.0,0.0,0.0,33.0,242.0,,,,,,,,,
sevigri01,1986,1,QUE,NHL,4.0,144.0,0.0,2.0,0.0,0.0,0.0,11.0,56.0,,,,,,,,,
sharpsc01,1991,1,CAL,NHL,1.0,65.0,0.0,0.0,1.0,0.0,0.0,4.0,40.0,,,,,,,,,
shawji01,1974,1,TOT,WHA,21.0,1055.0,7.0,9.0,1.0,1.0,0.0,70.0,611.0,5.0,262.0,2.0,2.0,,0.0,0.0,18.0,
shawji01,1975,1,TOT,WHA,16.0,777.0,4.0,7.0,1.0,0.0,0.0,63.0,506.0,,,,,,,,,
shielal01,1931,1,NYA,NHL,1.0,41.0,0.0,0.0,0.0,,0.0,9.0,,,,,,,,,,
shielst01,1995,1,BUF,NHL,2.0,75.0,1.0,0.0,0.0,0.0,0.0,4.0,32.0,,,,,,,,,
shielst01,1996,1,BUF,NHL,13.0,789.0,3.0,8.0,2.0,2.0,0.0,39.0,447.0,10.0,570.0,4.0,6.0,,3.0,1.0,26.0,334.0
shielst01,1997,1,BUF,NHL,16.0,785.0,3.0,6.0,4.0,0.0,0.0,37.0,408.0,,,,,,,,,
shielst01,1998,1,SJS,NHL,37.0,2162.0,15.0,11.0,8.0,1.0,4.0,80.0,1011.0,1.0,60.0,0.0,1.0,,0.0,0.0,6.0,36.0
shielst01,1999,1,SJS,NHL,67.0,3797.0,27.0,30.0,8.0,3.0,4.0,162.0,1826.0,12.0,696.0,5.0,7.0,,1.0,0.0,36.0,323.0
shielst01,2000,1,SJS,NHL,21.0,1135.0,6.0,8.0,5.0,1.0,2.0,47.0,531.0,,,,,,,,,
shielst01,2001,1,ANA,NHL,33.0,1777.0,9.0,20.0,2.0,4.0,0.0,79.0,850.0,,,,,,,,,
shielst01,2002,1,BOS,NHL,36.0,2112.0,12.0,13.0,9.0,2.0,0.0,97.0,930.0,2.0,119.0,0.0,2.0,,0.0,0.0,6.0,58.0
shielst01,2003,1,FLO,NHL,16.0,732.0,3.0,6.0,1.0,0.0,0.0,42.0,346.0,,,,,,,,,
shielst01,2005,1,ATL,NHL,5.0,266.0,1.0,2.0,1.0,0.0,0.0,19.0,129.0,,,,,,,,,
shoreha01,1911,1,OT1,NHA,1.0,5.0,0.0,0.0,0.0,,0.0,2.0,,,,,,,,,,
shtalmi01,1993,1,ANA,NHL,10.0,543.0,3.0,4.0,1.0,1.0,0.0,24.0,265.0,,,,,,,,,
shtalmi01,1994,1,ANA,NHL,18.0,810.0,4.0,7.0,1.0,2.0,0.0,49.0,448.0,,,,,,,,,
shtalmi01,1995,1,ANA,NHL,30.0,1637.0,7.0,16.0,3.0,2.0,0.0,85.0,814.0,,,,,,,,,
shtalmi01,1996,1,ANA,NHL,24.0,1079.0,7.0,8.0,1.0,4.0,2.0,52.0,539.0,4.0,211.0,0.0,3.0,,1.0,0.0,10.0,162.0
shtalmi01,1997,1,ANA,NHL,40.0,2049.0,13.0,18.0,5.0,3.0,1.0,110.0,1031.0,,,,,,,,,
shtalmi01,1998,1,EDM,NHL,34.0,1819.0,12.0,17.0,3.0,2.0,3.0,81.0,782.0,,,,,,,,,
shtalmi01,1998,2,PHO,NHL,4.0,243.0,1.0,2.0,1.0,1.0,0.0,9.0,104.0,,,,,,,,,
shtalmi01,1999,1,PHO,NHL,15.0,904.0,7.0,6.0,2.0,3.0,2.0,36.0,370.0,,,,,,,,,
shtalmi01,1999,2,FLO,NHL,15.0,882.0,8.0,4.0,2.0,0.0,0.0,34.0,369.0,,,,,,,,,
shulmri01,1997,1,NJD,NHL,1.0,62.0,0.0,1.0,0.0,0.0,0.0,2.0,30.0,,,,,,,,,
shulmri01,1999,1,FLO,NHL,1.0,60.0,1.0,0.0,0.0,0.0,0.0,1.0,21.0,,,,,,,,,
sidorpe01,1987,1,HAR,NHL,1.0,60.0,0.0,1.0,0.0,0.0,0.0,6.0,36.0,,,,,,,,,
sidorpe01,1988,1,HAR,NHL,44.0,2635.0,22.0,18.0,4.0,1.0,4.0,133.0,1207.0,2.0,124.0,0.0,2.0,,0.0,0.0,8.0,45.0
sidorpe01,1989,1,HAR,NHL,46.0,2703.0,19.0,19.0,7.0,4.0,1.0,161.0,1203.0,7.0,429.0,3.0,4.0,,0.0,0.0,23.0,193.0
sidorpe01,1990,1,HAR,NHL,52.0,2953.0,21.0,22.0,7.0,4.0,1.0,164.0,1284.0,6.0,359.0,2.0,4.0,,0.0,0.0,24.0,174.0
sidorpe01,1991,1,HAR,NHL,35.0,1995.0,9.0,19.0,6.0,3.0,2.0,111.0,940.0,,,,,,,,,
sidorpe01,1992,1,OTT,NHL,64.0,3388.0,8.0,46.0,3.0,7.0,0.0,250.0,1737.0,,,,,,,,,
sidorpe01,1993,1,NJD,NHL,3.0,130.0,0.0,3.0,0.0,1.0,0.0,6.0,55.0,,,,,,,,,
sidorpe01,1997,1,NJD,NHL,1.0,20.0,0.0,0.0,0.0,0.0,0.0,1.0,8.0,,,,,,,,,
sigaljo01,2005,1,BOS,NHL,1.0,1.0,0.0,0.0,0.0,0.0,0.0,0.0,0.0,,,,,,,,,
simmodo01,1956,1,BOS,NHL,26.0,1560.0,13.0,9.0,4.0,,4.0,63.0,,10.0,600.0,5.0,5.0,,,2.0,29.0,
simmodo01,1957,1,BOS,NHL,39.0,2288.0,15.0,14.0,9.0,,5.0,93.0,,11.0,671.0,6.0,5.0,,,1.0,27.0,
simmodo01,1958,1,BOS,NHL,58.0,3480.0,24.0,26.0,8.0,,3.0,184.0,,,,,,,,,,
simmodo01,1959,1,BOS,NHL,28.0,1680.0,12.0,13.0,3.0,,2.0,94.0,,,,,,,,,,
simmodo01,1960,1,BOS,NHL,18.0,1079.0,3.0,9.0,6.0,,1.0,59.0,,,,,,,,,,
simmodo01,1961,1,TOR,NHL,9.0,540.0,5.0,3.0,1.0,,1.0,21.0,,3.0,165.0,2.0,1.0,,,0.0,8.0,
simmodo01,1962,1,TOR,NHL,28.0,1680.0,15.0,8.0,5.0,,1.0,70.0,,,,,,,,,,
simmodo01,1963,1,TOR,NHL,21.0,1191.0,9.0,9.0,1.0,2.0,3.0,63.0,,,,,,,,,,
simmodo01,1965,1,NYR,NHL,12.0,551.0,1.0,7.0,1.0,0.0,0.0,40.0,,,,,,,,,,
simmodo01,1967,1,NYR,NHL,5.0,300.0,2.0,1.0,2.0,0.0,0.0,13.0,,,,,,,,,,
simmodo01,1968,1,NYR,NHL,5.0,206.0,2.0,2.0,1.0,1.0,0.0,8.0,,,,,,,,,,
simmoga01,1974,1,CLF,NHL,34.0,2029.0,10.0,21.0,3.0,2.0,2.0,124.0,,,,,,,,,,
simmoga01,1975,1,CLF,NHL,40.0,2360.0,15.0,19.0,5.0,4.0,2.0,131.0,,,,,,,,,,
simmoga01,1976,1,CLE,NHL,15.0,840.0,2.0,8.0,4.0,1.0,1.0,51.0,,,,,,,,,,
simmoga01,1976,2,LAK,NHL,4.0,240.0,1.0,2.0,1.0,1.0,0.0,16.0,,1.0,20.0,0.0,0.0,,0.0,0.0,1.0,
simmoga01,1977,1,LAK,NHL,14.0,693.0,2.0,7.0,2.0,1.0,0.0,44.0,,,,,,,,,,
skidmpa01,1981,1,STL,NHL,2.0,120.0,1.0,1.0,0.0,0.0,0.0,6.0,,,,,,,,,,
skorowa01,1981,1,CHI,NHL,1.0,60.0,0.0,1.0,0.0,1.0,0.0,5.0,,,,,,,,,,
skorowa01,1984,1,CHI,NHL,27.0,1396.0,11.0,9.0,3.0,2.0,2.0,75.0,775.0,2.0,33.0,0.0,0.0,,0.0,0.0,6.0,28.0
skorowa01,1985,1,CHI,NHL,1.0,60.0,0.0,1.0,0.0,0.0,0.0,6.0,45.0,,,,,,,,,
skorowa01,1986,1,CHI,NHL,3.0,155.0,1.0,0.0,1.0,0.0,0.0,7.0,90.0,,,,,,,,,
skorowa01,1987,1,EDM,NHL,3.0,61.0,0.0,0.0,0.0,0.0,0.0,7.0,25.0,,,,,,,,,
skudrpe01,1997,1,PIT,NHL,17.0,851.0,6.0,4.0,3.0,2.0,0.0,26.0,341.0,,,,,,,,,
skudrpe01,1998,1,PIT,NHL,37.0,1914.0,15.0,11.0,5.0,6.0,3.0,89.0,822.0,,,,,,,,,
skudrpe01,1999,1,PIT,NHL,20.0,922.0,5.0,7.0,3.0,2.0,1.0,48.0,374.0,1.0,20.0,0.0,0.0,,0.0,0.0,1.0,11.0
skudrpe01,2000,1,BUF,NHL,1.0,0.0,0.0,0.0,0.0,0.0,0.0,0.0,0.0,,,,,,,,,
skudrpe01,2000,2,BOS,NHL,25.0,1116.0,6.0,12.0,1.0,1.0,0.0,62.0,511.0,,,,,,,,,
skudrpe01,2001,1,VAN,NHL,23.0,1166.0,10.0,8.0,2.0,2.0,1.0,47.0,508.0,2.0,96.0,0.0,1.0,,0.0,0.0,5.0,46.0
skudrpe01,2002,1,VAN,NHL,23.0,1192.0,9.0,5.0,6.0,1.0,1.0,54.0,522.0,,,,,,,,,
smithal02,1965,1,TOR,NHL,2.0,62.0,1.0,0.0,0.0,0.0,0.0,2.0,,,,,,,,,,
smithal02,1966,1,TOR,NHL,1.0,60.0,0.0,1.0,0.0,0.0,0.0,5.0,,,,,,,,,,
smithal02,1968,1,TOR,NHL,7.0,335.0,2.0,2.0,1.0,0.0,0.0,16.0,,,,,,,,,,
smithal02,1969,1,PIT,NHL,46.0,2555.0,15.0,20.0,8.0,3.0,2.0,129.0,,3.0,180.0,1.0,2.0,,0.0,0.0,10.0,
smithal02,1970,1,PIT,NHL,46.0,2472.0,9.0,22.0,9.0,0.0,2.0,128.0,,,,,,,,,,
smithal02,1971,1,DET,NHL,43.0,2500.0,18.0,20.0,4.0,4.0,4.0,135.0,,,,,,,,,,
smithal02,1972,1,NEW,WHA,51.0,3059.0,31.0,19.0,1.0,1.0,3.0,162.0,1535.0,15.0,909.0,12.0,3.0,,0.0,0.0,49.0,430.0
smithal02,1973,1,NEW,WHA,55.0,3194.0,30.0,21.0,2.0,4.0,2.0,164.0,1569.0,7.0,399.0,3.0,4.0,,0.0,1.0,21.0,240.0
smithal02,1974,1,NEW,WHA,59.0,3494.0,33.0,21.0,4.0,5.0,2.0,202.0,1725.0,6.0,366.0,2.0,4.0,,0.0,0.0,28.0,192.0
smithal02,1975,1,BUF,NHL,14.0,840.0,9.0,3.0,2.0,1.0,0.0,43.0,,1.0,17.0,0.0,0.0,,0.0,0.0,1.0,
smithal02,1976,1,BUF,NHL,7.0,265.0,0.0,3.0,0.0,0.0,0.0,19.0,,,,,,,,,,
smithal02,1977,1,NEW,WHA,55.0,3246.0,30.0,20.0,3.0,1.0,2.0,174.0,1510.0,3.0,120.0,0.0,2.0,,1.0,0.0,14.0,
smithal02,1978,1,NEW,WHA,40.0,2396.0,17.0,17.0,5.0,2.0,1.0,132.0,1124.0,4.0,153.0,1.0,2.0,,0.0,0.0,12.0,
smithal02,1979,1,HAR,NHL,30.0,1754.0,11.0,10.0,8.0,2.0,2.0,107.0,,2.0,120.0,0.0,2.0,,0.0,0.0,10.0,
smithal02,1980,1,COR,NHL,37.0,1909.0,9.0,18.0,4.0,4.0,0.0,151.0,,,,,,,,,,
smithbi01,1971,1,LAK,NHL,5.0,300.0,1.0,3.0,1.0,0.0,0.0,23.0,,,,,,,,,,
smithbi01,1972,1,NYI,NHL,37.0,2122.0,7.0,24.0,3.0,0.0,0.0,147.0,,,,,,,,,,
smithbi01,1973,1,NYI,NHL,46.0,2615.0,9.0,23.0,12.0,5.0,0.0,134.0,,,,,,,,,,
smithbi01,1974,1,NYI,NHL,58.0,3368.0,21.0,18.0,17.0,3.0,3.0,156.0,,6.0,333.0,1.0,4.0,,1.0,0.0,23.0,
smithbi01,1975,1,NYI,NHL,39.0,2254.0,19.0,10.0,9.0,3.0,3.0,98.0,,8.0,437.0,4.0,3.0,,0.0,0.0,21.0,
smithbi01,1976,1,NYI,NHL,36.0,2089.0,21.0,8.0,6.0,1.0,2.0,87.0,,10.0,580.0,7.0,3.0,,0.0,0.0,27.0,
smithbi01,1977,1,NYI,NHL,38.0,2154.0,20.0,8.0,8.0,2.0,2.0,95.0,,1.0,47.0,0.0,0.0,,0.0,0.0,1.0,
smithbi01,1978,1,NYI,NHL,40.0,2261.0,25.0,8.0,4.0,0.0,1.0,108.0,,5.0,315.0,4.0,1.0,,0.0,1.0,10.0,
smithbi01,1979,1,NYI,NHL,38.0,2114.0,15.0,14.0,7.0,4.0,2.0,104.0,,20.0,1198.0,15.0,4.0,,0.0,1.0,56.0,
smithbi01,1980,1,NYI,NHL,41.0,2363.0,22.0,10.0,8.0,4.0,2.0,129.0,,17.0,994.0,14.0,3.0,,0.0,0.0,42.0,
smithbi01,1981,1,NYI,NHL,46.0,2685.0,32.0,9.0,4.0,0.0,0.0,133.0,,18.0,1120.0,15.0,3.0,,0.0,1.0,47.0,
smithbi01,1982,1,NYI,NHL,41.0,2340.0,18.0,14.0,7.0,2.0,1.0,112.0,1195.0,17.0,962.0,13.0,3.0,,0.0,2.0,43.0,
smithbi01,1983,1,NYI,NHL,42.0,2279.0,23.0,13.0,2.0,0.0,2.0,130.0,1252.0,21.0,1190.0,12.0,8.0,,0.0,0.0,54.0,567.0
smithbi01,1984,1,NYI,NHL,37.0,2090.0,18.0,14.0,3.0,1.0,0.0,133.0,1100.0,6.0,342.0,3.0,3.0,,0.0,0.0,19.0,182.0
smithbi01,1985,1,NYI,NHL,41.0,2308.0,20.0,14.0,4.0,2.0,1.0,143.0,1204.0,1.0,60.0,0.0,1.0,,1.0,0.0,4.0,34.0
smithbi01,1986,1,NYI,NHL,40.0,2252.0,14.0,18.0,5.0,3.0,1.0,132.0,1007.0,2.0,67.0,0.0,0.0,,1.0,0.0,1.0,22.0
smithbi01,1987,1,NYI,NHL,38.0,2107.0,17.0,14.0,5.0,1.0,2.0,113.0,1062.0,,,,,,,,,
smithbi01,1988,1,NYI,NHL,17.0,730.0,3.0,11.0,0.0,2.0,0.0,54.0,364.0,,,,,,,,,
smithfo01,1912,1,NWR,PCHA,1.0,60.0,0.0,1.0,0.0,,0.0,10.0,,,,,,,,,,
smithga01,1965,1,TOR,NHL,3.0,118.0,0.0,2.0,0.0,0.0,0.0,7.0,,,,,,,,,,
smithga01,1966,1,TOR,NHL,2.0,115.0,0.0,2.0,0.0,0.0,0.0,7.0,,,,,,,,,,
smithga01,1967,1,OAK,NHL,21.0,1129.0,2.0,13.0,4.0,1.0,1.0,60.0,,,,,,,,,,
smithga01,1968,1,OAK,NHL,54.0,2993.0,21.0,24.0,7.0,1.0,4.0,148.0,,7.0,420.0,3.0,4.0,,0.0,0.0,23.0,
smithga01,1969,1,OAK,NHL,65.0,3762.0,19.0,34.0,12.0,0.0,2.0,195.0,,4.0,248.0,0.0,4.0,,0.0,0.0,13.0,
smithga01,1970,1,CLF,NHL,71.0,3975.0,19.0,48.0,4.0,3.0,2.0,256.0,,,,,,,,,,
smithga01,1971,1,CHI,NHL,28.0,1540.0,14.0,5.0,6.0,0.0,5.0,62.0,,2.0,120.0,1.0,1.0,,0.0,1.0,3.0,
smithga01,1972,1,CHI,NHL,23.0,1340.0,10.0,10.0,2.0,0.0,0.0,79.0,,2.0,65.0,0.0,1.0,,0.0,0.0,5.0,
smithga01,1973,1,VAN,NHL,66.0,3632.0,20.0,33.0,8.0,5.0,3.0,208.0,,,,,,,,,,
smithga01,1974,1,VAN,NHL,72.0,3828.0,32.0,24.0,9.0,3.0,6.0,197.0,,4.0,257.0,1.0,3.0,,0.0,0.0,14.0,
smithga01,1975,1,VAN,NHL,51.0,2864.0,20.0,24.0,6.0,2.0,2.0,167.0,,,,,,,,,,
smithga01,1976,1,MNS,NHL,36.0,2090.0,10.0,17.0,8.0,3.0,1.0,139.0,,1.0,43.0,0.0,0.0,,0.0,0.0,4.0,
smithga01,1977,1,WAS,NHL,17.0,980.0,2.0,12.0,3.0,2.0,0.0,68.0,,,,,,,,,,
smithga01,1977,2,MNS,NHL,3.0,180.0,0.0,2.0,1.0,0.0,0.0,9.0,,,,,,,,,,
smithga01,1978,1,IND,WHA,11.0,664.0,0.0,10.0,1.0,4.0,0.0,61.0,400.0,,,,,,,,,
smithga01,1978,2,WIJ,WHA,11.0,626.0,7.0,3.0,0.0,1.0,0.0,31.0,279.0,10.0,563.0,8.0,2.0,,0.0,0.0,35.0,
smithga01,1979,1,WIN,NHL,20.0,1073.0,4.0,11.0,4.0,1.0,0.0,73.0,,,,,,,,,,
smithmi02,2006,1,DAL,NHL,23.0,1213.0,12.0,5.0,2.0,3.0,3.0,45.0,511.0,,,,,,,,,
smithmi02,2007,1,DAL,NHL,21.0,1172.0,12.0,9.0,0.0,4.0,2.0,48.0,510.0,,,,,,,,,
smithmi02,2007,2,TBL,NHL,13.0,774.0,3.0,10.0,0.0,5.0,1.0,36.0,338.0,,,,,,,,,
smithmi02,2008,1,TBL,NHL,41.0,2471.0,14.0,18.0,9.0,5.0,2.0,108.0,1282.0,,,,,,,,,
smithmi02,2009,1,TBL,NHL,42.0,2273.0,13.0,18.0,7.0,3.0,2.0,117.0,1165.0,,,,,,,,,
smithno01,1931,1,MTM,NHL,21.0,1267.0,5.0,12.0,4.0,,0.0,62.0,,,,,,,,,,
smithno01,1934,1,DET,NHL,25.0,1550.0,12.0,11.0,2.0,,2.0,52.0,,,,,,,,,,
smithno01,1935,1,DET,NHL,48.0,3030.0,24.0,16.0,8.0,,6.0,103.0,,7.0,537.0,6.0,1.0,,,2.0,12.0,
smithno01,1936,1,DET,NHL,48.0,2980.0,25.0,14.0,9.0,,6.0,102.0,,5.0,281.0,3.0,1.0,,,1.0,6.0,
smithno01,1937,1,DET,NHL,47.0,2930.0,11.0,25.0,11.0,,3.0,130.0,,,,,,,,,,
smithno01,1938,1,DET,NHL,4.0,240.0,0.0,4.0,0.0,,0.0,12.0,,,,,,,,,,
smithno01,1943,1,DET,NHL,5.0,300.0,3.0,1.0,1.0,,0.0,15.0,,,,,,,,,,
smithno01,1944,1,DET,NHL,1.0,60.0,1.0,0.0,0.0,,0.0,3.0,,,,,,,,,,
sneddbo01,1970,1,CLF,NHL,5.0,225.0,0.0,2.0,0.0,0.0,0.0,21.0,,,,,,,,,,
snowga01,1993,1,QUE,NHL,5.0,279.0,3.0,2.0,0.0,0.0,0.0,16.0,127.0,,,,,,,,,
snowga01,1994,1,QUE,NHL,2.0,119.0,1.0,1.0,0.0,0.0,0.0,11.0,63.0,1.0,9.0,0.0,0.0,,0.0,0.0,1.0,3.0
snowga01,1995,1,PHI,NHL,26.0,1437.0,12.0,8.0,4.0,3.0,0.0,69.0,648.0,1.0,1.0,0.0,0.0,,0.0,0.0,0.0,0.0
snowga01,1996,1,PHI,NHL,35.0,1884.0,14.0,8.0,8.0,2.0,2.0,79.0,816.0,12.0,699.0,8.0,4.0,,0.0,0.0,33.0,305.0
snowga01,1997,1,PHI,NHL,29.0,1651.0,14.0,9.0,4.0,0.0,1.0,67.0,682.0,,,,,,,,,
snowga01,1997,2,VAN,NHL,12.0,504.0,3.0,6.0,0.0,0.0,0.0,26.0,262.0,,,,,,,,,
snowga01,1998,1,VAN,NHL,65.0,3501.0,20.0,31.0,8.0,5.0,6.0,171.0,1715.0,,,,,,,,,
snowga01,1999,1,VAN,NHL,32.0,1712.0,10.0,15.0,3.0,1.0,0.0,76.0,775.0,,,,,,,,,
snowga01,2000,1,PIT,NHL,35.0,2032.0,14.0,15.0,4.0,1.0,3.0,101.0,1014.0,,,,,,,,,
snowga01,2001,1,NYI,NHL,25.0,1217.0,10.0,7.0,2.0,3.0,2.0,55.0,549.0,1.0,26.0,0.0,0.0,,0.0,0.0,2.0,19.0
snowga01,2002,1,NYI,NHL,43.0,2390.0,16.0,17.0,5.0,8.0,1.0,92.0,1120.0,5.0,305.0,1.0,4.0,,1.0,1.0,12.0,134.0
snowga01,2003,1,NYI,NHL,39.0,2015.0,14.0,15.0,5.0,0.0,1.0,94.0,932.0,,,,,,,,,
snowga01,2005,1,NYI,NHL,20.0,1096.0,4.0,13.0,1.0,4.0,0.0,68.0,595.0,,,,,,,,,
soderto01,1992,1,PHI,NHL,44.0,2512.0,20.0,17.0,6.0,4.0,5.0,143.0,1327.0,,,,,,,,,
soderto01,1993,1,PHI,NHL,34.0,1736.0,6.0,18.0,4.0,7.0,2.0,116.0,851.0,,,,,,,,,
soderto01,1994,1,NYI,NHL,26.0,1350.0,8.0,12.0,3.0,2.0,1.0,70.0,717.0,,,,,,,,,
soderto01,1995,1,NYI,NHL,51.0,2590.0,11.0,22.0,6.0,0.0,2.0,167.0,1370.0,,,,,,,,,
soderto01,1996,1,NYI,NHL,1.0,0.0,0.0,0.0,0.0,0.0,0.0,0.0,0.0,,,,,,,,,
soetado01,1975,1,NYR,NHL,8.0,273.0,2.0,2.0,0.0,0.0,0.0,24.0,,,,,,,,,,
soetado01,1976,1,NYR,NHL,12.0,570.0,3.0,4.0,1.0,1.0,1.0,28.0,,,,,,,,,,
soetado01,1977,1,NYR,NHL,6.0,360.0,2.0,2.0,2.0,0.0,0.0,20.0,,,,,,,,,,
soetado01,1978,1,NYR,NHL,17.0,900.0,5.0,7.0,3.0,2.0,0.0,57.0,,,,,,,,,,
soetado01,1979,1,NYR,NHL,8.0,435.0,5.0,2.0,0.0,0.0,0.0,33.0,,,,,,,,,,
soetado01,1980,1,NYR,NHL,39.0,2320.0,16.0,16.0,7.0,2.0,0.0,152.0,,,,,,,,,,
soetado01,1981,1,WIN,NHL,39.0,2157.0,13.0,14.0,8.0,1.0,2.0,155.0,,2.0,120.0,1.0,1.0,,0.0,0.0,8.0,
soetado01,1982,1,WIN,NHL,44.0,2533.0,19.0,19.0,6.0,3.0,0.0,174.0,1328.0,1.0,20.0,0.0,0.0,,0.0,0.0,0.0,
soetado01,1983,1,WIN,NHL,47.0,2539.0,18.0,15.0,7.0,1.0,0.0,182.0,1385.0,1.0,20.0,0.0,1.0,,0.0,0.0,5.0,19.0
soetado01,1984,1,MTL,NHL,28.0,1606.0,14.0,9.0,4.0,1.0,0.0,91.0,622.0,1.0,20.0,0.0,0.0,,0.0,0.0,1.0,9.0
soetado01,1985,1,MTL,NHL,23.0,1215.0,11.0,7.0,2.0,1.0,3.0,56.0,533.0,,,,,,,,,
soetado01,1986,1,NYR,NHL,13.0,675.0,2.0,7.0,2.0,1.0,0.0,58.0,368.0,,,,,,,,,
soucych01,1993,1,CHI,NHL,1.0,3.0,0.0,0.0,0.0,0.0,0.0,0.0,0.0,,,,,,,,,
speckbi01,1922,1,CAT,WCHL,1.0,60.0,0.0,1.0,0.0,,0.0,4.0,,,,,,,,,,
spoonre01,1929,1,PIP,NHL,1.0,60.0,0.0,1.0,0.0,,0.0,6.0,,,,,,,,,,
sprinje01,1924,1,HAM,NHL,1.0,2.0,0.0,0.0,0.0,,0.0,0.0,,,,,,,,,,
stanara01,2003,1,WAS,NHL,6.0,211.0,1.0,2.0,0.0,0.0,0.0,11.0,100.0,,,,,,,,,
stanied01,1975,1,STL,NHL,11.0,620.0,5.0,3.0,2.0,0.0,0.0,33.0,,3.0,206.0,1.0,2.0,,0.0,0.0,7.0,
stanied01,1976,1,STL,NHL,29.0,1589.0,10.0,16.0,1.0,1.0,0.0,108.0,,3.0,102.0,0.0,2.0,,1.0,0.0,9.0,
stanied01,1977,1,STL,NHL,17.0,886.0,1.0,10.0,2.0,1.0,0.0,57.0,,,,,,,,,,
stanied01,1978,1,STL,NHL,39.0,2291.0,9.0,25.0,3.0,4.0,0.0,146.0,,,,,,,,,,
stanied01,1979,1,STL,NHL,22.0,1108.0,2.0,11.0,3.0,2.0,0.0,80.0,,,,,,,,,,
stanied01,1980,1,STL,NHL,19.0,1010.0,10.0,3.0,3.0,0.0,0.0,72.0,,,,,,,,,,
stanied01,1981,1,WIN,NHL,45.0,2643.0,20.0,19.0,6.0,2.0,1.0,174.0,,2.0,120.0,0.0,2.0,,0.0,0.0,12.0,
stanied01,1982,1,WIN,NHL,17.0,827.0,4.0,8.0,0.0,2.0,1.0,65.0,417.0,,,,,,,,,
stanied01,1983,1,WIN,NHL,1.0,40.0,0.0,0.0,0.0,0.0,0.0,8.0,20.0,,,,,,,,,
stanied01,1983,2,HAR,NHL,18.0,1041.0,6.0,9.0,1.0,0.0,0.0,74.0,556.0,,,,,,,,,
stanied01,1984,1,HAR,NHL,1.0,20.0,0.0,0.0,0.0,0.0,0.0,1.0,10.0,,,,,,,,,
starrha01,1931,1,MTM,NHL,1.0,3.0,0.0,0.0,0.0,,0.0,0.0,,,,,,,,,,
staubro01,1989,1,LAK,NHL,2.0,83.0,0.0,1.0,0.0,0.0,0.0,11.0,43.0,,,,,,,,,
staubro01,1992,1,LAK,NHL,31.0,1735.0,15.0,8.0,4.0,1.0,0.0,111.0,987.0,4.0,240.0,3.0,1.0,,0.0,0.0,16.0,157.0
staubro01,1993,1,LAK,NHL,22.0,1144.0,4.0,11.0,5.0,2.0,1.0,65.0,706.0,,,,,,,,,
staubro01,1994,1,LAK,NHL,1.0,16.0,0.0,0.0,0.0,0.0,0.0,2.0,6.0,,,,,,,,,
staubro01,1994,2,BUF,NHL,6.0,317.0,2.0,3.0,0.0,0.0,0.0,20.0,150.0,,,,,,,,,
stcrori01,1977,1,PHI,NHL,7.0,395.0,2.0,4.0,1.0,1.0,0.0,20.0,,,,,,,,,,
stcrori01,1978,1,PHI,NHL,2.0,117.0,0.0,1.0,1.0,0.0,0.0,6.0,,,,,,,,,,
stcrori01,1979,1,PHI,NHL,1.0,60.0,1.0,0.0,0.0,0.0,0.0,2.0,,,,,,,,,,
stcrori01,1980,1,PHI,NHL,27.0,1567.0,13.0,7.0,6.0,2.0,2.0,65.0,,9.0,541.0,4.0,5.0,,0.0,1.0,27.0,
stcrori01,1981,1,PHI,NHL,29.0,1729.0,13.0,9.0,6.0,3.0,0.0,112.0,,1.0,20.0,0.0,1.0,,1.0,0.0,1.0,
stcrori01,1982,1,PHI,NHL,16.0,940.0,9.0,5.0,2.0,1.0,0.0,54.0,432.0,,,,,,,,,
stcrori01,1982,2,TOR,NHL,17.0,920.0,4.0,9.0,2.0,0.0,0.0,58.0,499.0,1.0,1.0,0.0,0.0,,0.0,0.0,1.0,
stcrori01,1983,1,TOR,NHL,20.0,939.0,5.0,10.0,0.0,2.0,0.0,80.0,531.0,,,,,,,,,
stcrori01,1984,1,TOR,NHL,12.0,631.0,2.0,9.0,0.0,0.0,0.0,56.0,318.0,,,,,,,,,
stefagr01,1981,1,DET,NHL,2.0,120.0,0.0,2.0,0.0,0.0,0.0,10.0,,,,,,,,,,
stefagr01,1982,1,DET,NHL,35.0,1847.0,6.0,16.0,9.0,2.0,0.0,139.0,947.0,,,,,,,,,
stefagr01,1983,1,DET,NHL,50.0,2600.0,19.0,22.0,2.0,5.0,2.0,152.0,1223.0,3.0,210.0,1.0,2.0,,0.0,0.0,8.0,86.0
stefagr01,1984,1,DET,NHL,46.0,2635.0,21.0,19.0,3.0,1.0,0.0,190.0,1361.0,3.0,138.0,0.0,3.0,,0.0,0.0,17.0,69.0
stefagr01,1985,1,DET,NHL,37.0,2068.0,10.0,20.0,5.0,3.0,1.0,155.0,1080.0,,,,,,,,,
stefagr01,1986,1,DET,NHL,43.0,2351.0,20.0,17.0,3.0,4.0,1.0,135.0,1082.0,9.0,508.0,4.0,5.0,,3.0,0.0,24.0,252.0
stefagr01,1987,1,DET,NHL,33.0,1854.0,17.0,9.0,5.0,3.0,1.0,96.0,923.0,10.0,531.0,5.0,4.0,,1.0,1.0,32.0,236.0
stefagr01,1988,1,DET,NHL,46.0,2499.0,21.0,17.0,3.0,4.0,0.0,167.0,1290.0,5.0,294.0,2.0,3.0,,0.0,0.0,18.0,151.0
stefagr01,1989,1,DET,NHL,7.0,359.0,1.0,5.0,0.0,0.0,0.0,24.0,147.0,,,,,,,,,
steinph01,1939,1,TOR,NHL,1.0,70.0,0.0,0.0,1.0,,0.0,2.0,,,,,,,,,,
stephto01,2007,1,DAL,NHL,1.0,61.0,0.0,0.0,1.0,0.0,0.0,2.0,40.0,,,,,,,,,
stephto01,2008,1,DAL,NHL,10.0,438.0,1.0,3.0,1.0,1.0,0.0,27.0,208.0,,,,,,,,,
stephwa01,1971,1,STL,NHL,2.0,100.0,0.0,1.0,0.0,0.0,0.0,9.0,,,,,,,,,,
stephwa01,1972,1,STL,NHL,45.0,2535.0,18.0,15.0,7.0,2.0,1.0,128.0,,3.0,160.0,1.0,2.0,,0.0,0.0,14.0,
stephwa01,1973,1,STL,NHL,40.0,2360.0,13.0,21.0,5.0,2.0,2.0,123.0,,,,,,,,,,
stephwa01,1974,1,PHI,NHL,12.0,639.0,7.0,2.0,1.0,1.0,1.0,29.0,,2.0,123.0,2.0,0.0,,0.0,1.0,4.0,
stephwa01,1975,1,PHI,NHL,66.0,3819.0,40.0,10.0,13.0,2.0,1.0,164.0,,8.0,494.0,4.0,4.0,,0.0,0.0,22.0,
stephwa01,1976,1,PHI,NHL,21.0,1065.0,12.0,3.0,2.0,2.0,3.0,41.0,,9.0,532.0,4.0,3.0,,1.0,1.0,23.0,
stephwa01,1977,1,PHI,NHL,26.0,1482.0,14.0,10.0,1.0,2.0,3.0,68.0,,,,,,,,,,
stephwa01,1978,1,PHI,NHL,40.0,2187.0,20.0,10.0,5.0,4.0,2.0,122.0,,4.0,213.0,0.0,3.0,,3.0,0.0,16.0,
stephwa01,1979,1,WAS,NHL,56.0,3146.0,18.0,24.0,10.0,5.0,0.0,187.0,,,,,,,,,,
stephwa01,1980,1,WAS,NHL,20.0,1010.0,4.0,7.0,5.0,0.0,1.0,66.0,,,,,,,,,,
stevedo01,1944,1,NYR,NHL,4.0,240.0,0.0,4.0,0.0,,0.0,20.0,,,,,,,,,,
stevedo01,1944,2,CHI,NHL,2.0,120.0,1.0,1.0,0.0,,0.0,7.0,,,,,,,,,,
stevedo01,1945,1,CHI,NHL,2.0,120.0,1.0,1.0,0.0,,0.0,12.0,,,,,,,,,,
stewach01,1924,1,BOS,NHL,21.0,1266.0,5.0,16.0,0.0,,2.0,65.0,,,,,,,,,,
stewach01,1925,1,BOS,NHL,35.0,2173.0,16.0,14.0,4.0,,6.0,80.0,,,,,,,,,,
stewach01,1926,1,BOS,NHL,21.0,1303.0,9.0,11.0,1.0,,2.0,49.0,,,,,,,,,,
stewaji01,1979,1,BOS,NHL,1.0,20.0,0.0,1.0,0.0,0.0,0.0,5.0,,,,,,,,,,
stlausa01,1985,1,NJD,NHL,4.0,188.0,2.0,1.0,0.0,0.0,1.0,13.0,111.0,,,,,,,,,
stlausa01,1986,1,DET,NHL,6.0,342.0,1.0,2.0,2.0,0.0,0.0,16.0,135.0,,,,,,,,,
stlausa01,1987,1,DET,NHL,6.0,294.0,2.0,2.0,0.0,0.0,0.0,16.0,148.0,1.0,10.0,0.0,0.0,,0.0,0.0,1.0,7.0
stlausa01,1988,1,DET,NHL,4.0,141.0,0.0,1.0,1.0,0.0,0.0,9.0,91.0,,,,,,,,,
stlausa01,1989,1,DET,NHL,14.0,607.0,2.0,6.0,1.0,2.0,0.0,38.0,325.0,,,,,,,,,
storrja01,1994,1,LAK,NHL,5.0,263.0,1.0,3.0,1.0,1.0,0.0,17.0,152.0,,,,,,,,,
storrja01,1995,1,LAK,NHL,5.0,262.0,3.0,1.0,0.0,0.0,0.0,12.0,147.0,,,,,,,,,
storrja01,1996,1,LAK,NHL,5.0,265.0,2.0,1.0,1.0,1.0,0.0,11.0,147.0,,,,,,,,,
storrja01,1997,1,LAK,NHL,17.0,920.0,9.0,5.0,1.0,0.0,2.0,34.0,482.0,3.0,145.0,0.0,2.0,,0.0,0.0,9.0,77.0
storrja01,1998,1,LAK,NHL,28.0,1525.0,12.0,12.0,2.0,3.0,4.0,61.0,724.0,,,,,,,,,
storrja01,1999,1,LAK,NHL,42.0,2206.0,18.0,15.0,5.0,5.0,1.0,93.0,1008.0,1.0,36.0,0.0,1.0,,1.0,0.0,2.0,25.0
storrja01,2000,1,LAK,NHL,45.0,2498.0,19.0,18.0,6.0,7.0,4.0,114.0,1131.0,,,,,,,,,
storrja01,2001,1,LAK,NHL,19.0,886.0,9.0,4.0,3.0,2.0,2.0,28.0,360.0,1.0,0.0,0.0,0.0,,1.0,0.0,0.0,0.0
storrja01,2002,1,LAK,NHL,39.0,2027.0,12.0,19.0,2.0,4.0,3.0,86.0,904.0,,,,,,,,,
storrja01,2003,1,CAR,NHL,14.0,660.0,0.0,8.0,2.0,1.0,0.0,32.0,262.0,,,,,,,,,
stuarhe01,1924,1,EDE,WCHL,17.0,1060.0,7.0,9.0,1.0,,1.0,68.0,,,,,,,,,,
stuarhe01,1925,1,EDE,WCHL,30.0,1800.0,19.0,11.0,0.0,,2.0,77.0,,2.0,120.0,0.0,1.0,1.0,,0.0,5.0,
stuarhe01,1926,1,DTC,NHL,3.0,180.0,1.0,2.0,0.0,,0.0,5.0,,,,,,,,,,
sullida01,1972,1,PHB,WHA,1.0,60.0,1.0,0.0,0.0,0.0,0.0,3.0,34.0,,,,,,,,,
sullida01,1973,1,VAB,WHA,1.0,60.0,0.0,1.0,0.0,0.0,0.0,7.0,38.0,,,,,,,,,
svitapa01,1978,1,CZE,WHA,3.0,160.0,0.0,2.0,1.0,0.0,0.0,14.0,120.0,,,,,,,,,
sylvedo01,1984,1,BOS,NHL,3.0,102.0,0.0,0.0,2.0,0.0,0.0,6.0,52.0,,,,,,,,,
tabarri01,1988,1,PIT,NHL,1.0,33.0,0.0,0.0,0.0,0.0,0.0,4.0,21.0,,,,,,,,,
tabarri01,1990,1,WIN,NHL,24.0,1093.0,4.0,9.0,4.0,4.0,1.0,71.0,570.0,,,,,,,,,
tabarri01,1991,1,WIN,NHL,18.0,966.0,6.0,7.0,3.0,1.0,0.0,52.0,470.0,7.0,387.0,3.0,4.0,,0.0,0.0,26.0,212.0
tabarri01,1992,1,WIN,NHL,19.0,959.0,5.0,10.0,0.0,0.0,0.0,70.0,496.0,,,,,,,,,
tabarri01,1992,2,WAS,NHL,6.0,343.0,3.0,2.0,0.0,1.0,2.0,10.0,162.0,4.0,304.0,1.0,3.0,,0.0,0.0,14.0,160.0
tabarri01,1993,1,WAS,NHL,32.0,1770.0,13.0,14.0,2.0,0.0,2.0,91.0,817.0,2.0,111.0,0.0,2.0,,0.0,0.0,6.0,50.0
tabarri01,1994,1,WAS,NHL,8.0,394.0,1.0,3.0,2.0,0.0,0.0,16.0,147.0,,,,,,,,,
tabarri01,1994,2,CAL,NHL,5.0,202.0,2.0,0.0,1.0,0.0,0.0,5.0,93.0,1.0,19.0,0.0,0.0,,0.0,0.0,0.0,9.0
tabarri01,1995,1,CAL,NHL,43.0,2391.0,19.0,16.0,3.0,2.0,3.0,117.0,1087.0,3.0,204.0,0.0,3.0,,0.0,0.0,7.0,84.0
tabarri01,1996,1,CAL,NHL,7.0,361.0,2.0,4.0,0.0,0.0,1.0,14.0,155.0,,,,,,,,,
tabarri01,1996,2,TBL,NHL,55.0,3012.0,20.0,25.0,6.0,5.0,4.0,138.0,1415.0,,,,,,,,,
tabarri01,1997,1,CAL,NHL,42.0,2419.0,13.0,22.0,6.0,2.0,0.0,116.0,1087.0,,,,,,,,,
tabarri01,1998,1,WAS,NHL,23.0,1193.0,4.0,12.0,3.0,3.0,2.0,50.0,530.0,,,,,,,,,
tabarri01,1999,1,ATL,NHL,1.0,59.0,0.0,1.0,0.0,0.0,0.0,4.0,32.0,,,,,,,,,
tabarri01,1999,2,COL,NHL,2.0,60.0,1.0,0.0,0.0,0.0,0.0,2.0,18.0,,,,,,,,,
takkoka01,1985,1,MNS,NHL,1.0,60.0,0.0,1.0,0.0,1.0,0.0,3.0,34.0,,,,,,,,,
takkoka01,1986,1,MNS,NHL,38.0,2075.0,13.0,18.0,4.0,4.0,0.0,119.0,1061.0,,,,,,,,,
takkoka01,1987,1,MNS,NHL,37.0,1919.0,8.0,19.0,6.0,2.0,1.0,143.0,1070.0,,,,,,,,,
takkoka01,1988,1,MNS,NHL,32.0,1603.0,8.0,15.0,4.0,5.0,0.0,93.0,922.0,3.0,105.0,0.0,1.0,,0.0,0.0,7.0,55.0
takkoka01,1989,1,MNS,NHL,21.0,1012.0,4.0,12.0,0.0,4.0,0.0,68.0,482.0,1.0,4.0,0.0,0.0,,0.0,0.0,0.0,0.0
takkoka01,1990,1,MNS,NHL,2.0,119.0,0.0,2.0,0.0,1.0,0.0,12.0,74.0,,,,,,,,,
takkoka01,1990,2,EDM,NHL,11.0,529.0,4.0,4.0,0.0,0.0,0.0,37.0,279.0,,,,,,,,,
talbowi01,1921,1,EDE,WCHL,7.0,440.0,3.0,4.0,0.0,,0.0,28.0,,,,,,,,,,
tallaro01,1995,1,BOS,NHL,1.0,60.0,1.0,0.0,0.0,0.0,0.0,3.0,29.0,,,,,,,,,
tallaro01,1996,1,BOS,NHL,28.0,1244.0,8.0,12.0,1.0,1.0,1.0,69.0,587.0,,,,,,,,,
tallaro01,1997,1,BOS,NHL,14.0,788.0,6.0,3.0,3.0,0.0,1.0,24.0,326.0,,,,,,,,,
tallaro01,1998,1,BOS,NHL,17.0,987.0,7.0,7.0,2.0,2.0,1.0,43.0,421.0,,,,,,,,,
tallaro01,1999,1,BOS,NHL,27.0,1363.0,4.0,13.0,4.0,4.0,0.0,72.0,628.0,,,,,,,,,
tallaro01,2000,1,CHI,NHL,12.0,627.0,2.0,7.0,0.0,1.0,0.0,35.0,265.0,,,,,,,,,
tannejo01,1989,1,QUE,NHL,1.0,60.0,0.0,1.0,0.0,0.0,0.0,3.0,30.0,,,,,,,,,
tannejo01,1990,1,QUE,NHL,6.0,228.0,1.0,3.0,1.0,0.0,0.0,16.0,133.0,,,,,,,,,
tannejo01,1991,1,QUE,NHL,14.0,796.0,1.0,7.0,4.0,1.0,1.0,46.0,394.0,,,,,,,,,
tatarda01,1975,1,TOT,WHA,23.0,1261.0,7.0,12.0,1.0,3.0,0.0,100.0,786.0,,,,,,,,,
tatarda01,1976,1,NYR,NHL,2.0,80.0,1.0,1.0,0.0,0.0,0.0,10.0,,,,,,,,,,
taylobo02,1971,1,PHI,NHL,6.0,320.0,1.0,2.0,2.0,0.0,0.0,16.0,,,,,,,,,,
taylobo02,1972,1,PHI,NHL,23.0,1144.0,8.0,8.0,4.0,1.0,0.0,78.0,,,,,,,,,,
taylobo02,1973,1,PHI,NHL,8.0,366.0,3.0,3.0,0.0,0.0,0.0,26.0,,,,,,,,,,
taylobo02,1974,1,PHI,NHL,3.0,120.0,0.0,2.0,0.0,0.0,0.0,13.0,,,,,,,,,,
taylobo02,1975,1,PHI,NHL,4.0,240.0,3.0,1.0,0.0,0.0,0.0,15.0,,,,,,,,,,
taylobo02,1975,2,PIT,NHL,2.0,78.0,0.0,1.0,0.0,1.0,0.0,7.0,,,,,,,,,,
tayloda02,2007,1,LAK,NHL,1.0,20.0,0.0,0.0,0.0,0.0,0.0,2.0,10.0,,,,,,,,,
tellqmi01,2002,1,TOR,NHL,3.0,86.0,1.0,1.0,0.0,0.0,0.0,4.0,38.0,,,,,,,,,
tellqmi01,2003,1,TOR,NHL,11.0,647.0,5.0,3.0,2.0,0.0,0.0,31.0,293.0,,,,,,,,,
tellqmi01,2005,1,TOR,NHL,25.0,1399.0,10.0,11.0,2.0,4.0,2.0,73.0,697.0,,,,,,,,,
tellqmi01,2006,1,TOR,NHL,1.0,59.0,0.0,1.0,0.0,0.0,0.0,2.0,19.0,,,,,,,,,
tellqmi01,2006,2,PHO,NHL,30.0,1591.0,11.0,11.0,3.0,3.0,2.0,90.0,780.0,,,,,,,,,
tellqmi01,2007,1,PHO,NHL,22.0,1224.0,9.0,8.0,2.0,2.0,2.0,56.0,607.0,,,,,,,,,
tellqmi01,2008,1,PHO,NHL,15.0,798.0,7.0,5.0,1.0,2.0,0.0,38.0,408.0,,,,,,,,,
tellqmi01,2008,2,BUF,NHL,6.0,230.0,2.0,1.0,0.0,1.0,0.0,9.0,125.0,,,,,,,,,
tenoha01,1938,1,DET,NHL,5.0,300.0,2.0,3.0,0.0,,0.0,15.0,,,,,,,,,,
terrech01,1986,1,NJD,NHL,7.0,286.0,0.0,3.0,1.0,1.0,0.0,21.0,173.0,,,,,,,,,
terrech01,1988,1,NJD,NHL,8.0,402.0,0.0,4.0,2.0,1.0,0.0,18.0,170.0,,,,,,,,,
terrech01,1989,1,NJD,NHL,35.0,1931.0,15.0,12.0,3.0,3.0,0.0,110.0,1004.0,4.0,238.0,2.0,2.0,,0.0,0.0,13.0,103.0
terrech01,1990,1,NJD,NHL,53.0,2970.0,24.0,21.0,7.0,3.0,1.0,144.0,1348.0,7.0,428.0,3.0,4.0,,0.0,0.0,21.0,216.0
terrech01,1991,1,NJD,NHL,54.0,3186.0,22.0,22.0,10.0,0.0,1.0,169.0,1511.0,7.0,386.0,3.0,3.0,,2.0,0.0,23.0,203.0
terrech01,1992,1,NJD,NHL,48.0,2672.0,19.0,21.0,3.0,2.0,2.0,151.0,1324.0,4.0,219.0,1.0,3.0,,1.0,0.0,17.0,118.0
terrech01,1993,1,NJD,NHL,44.0,2340.0,20.0,11.0,4.0,2.0,2.0,106.0,1141.0,4.0,200.0,3.0,0.0,,0.0,0.0,9.0,111.0
terrech01,1994,1,NJD,NHL,15.0,734.0,3.0,7.0,2.0,0.0,0.0,31.0,309.0,1.0,8.0,0.0,0.0,,0.0,0.0,0.0,2.0
terrech01,1995,1,NJD,NHL,4.0,210.0,3.0,0.0,0.0,0.0,0.0,9.0,92.0,,,,,,,,,
terrech01,1995,2,SJS,NHL,46.0,2516.0,13.0,29.0,1.0,10.0,0.0,155.0,1322.0,,,,,,,,,
terrech01,1996,1,SJS,NHL,22.0,1200.0,6.0,10.0,3.0,4.0,0.0,55.0,553.0,,,,,,,,,
terrech01,1996,2,CHI,NHL,7.0,429.0,4.0,1.0,2.0,1.0,0.0,19.0,192.0,2.0,44.0,0.0,0.0,,0.0,0.0,3.0,28.0
terrech01,1997,1,CHI,NHL,21.0,1222.0,8.0,10.0,2.0,4.0,2.0,49.0,519.0,,,,,,,,,
terrech01,1998,1,NJD,NHL,12.0,726.0,8.0,3.0,1.0,0.0,1.0,30.0,294.0,,,,,,,,,
terrech01,1999,1,NJD,NHL,12.0,649.0,2.0,9.0,0.0,2.0,0.0,37.0,299.0,,,,,,,,,
terrech01,2000,1,NJD,NHL,10.0,453.0,2.0,5.0,1.0,0.0,0.0,21.0,167.0,,,,,,,,,
terrech01,2000,2,NYI,NHL,8.0,443.0,2.0,4.0,1.0,2.0,0.0,18.0,205.0,,,,,,,,,
theodjo01,1995,1,MTL,NHL,1.0,9.0,0.0,0.0,0.0,0.0,0.0,1.0,2.0,,,,,,,,,
theodjo01,1996,1,MTL,NHL,16.0,821.0,5.0,6.0,2.0,0.0,0.0,53.0,508.0,2.0,168.0,1.0,1.0,,0.0,0.0,7.0,108.0
theodjo01,1997,1,MTL,NHL,,,,,,,,,,3.0,120.0,0.0,1.0,,1.0,0.0,1.0,35.0
theodjo01,1998,1,MTL,NHL,18.0,913.0,4.0,12.0,0.0,1.0,1.0,50.0,406.0,,,,,,,,,
theodjo01,1999,1,MTL,NHL,30.0,1655.0,12.0,13.0,2.0,2.0,5.0,58.0,717.0,,,,,,,,,
theodjo01,2000,1,MTL,NHL,59.0,3298.0,20.0,29.0,5.0,6.0,2.0,141.0,1546.0,,,,,,,,,
theodjo01,2001,1,MTL,NHL,67.0,3864.0,30.0,24.0,10.0,9.0,7.0,136.0,1972.0,12.0,686.0,6.0,6.0,,1.0,0.0,35.0,413.0
theodjo01,2002,1,MTL,NHL,57.0,3419.0,20.0,31.0,6.0,6.0,2.0,165.0,1797.0,,,,,,,,,
theodjo01,2003,1,MTL,NHL,67.0,3961.0,33.0,28.0,5.0,3.0,6.0,150.0,1860.0,11.0,678.0,4.0,7.0,,1.0,1.0,27.0,333.0
theodjo01,2005,1,MTL,NHL,38.0,2114.0,17.0,15.0,5.0,3.0,0.0,122.0,1025.0,,,,,,,,,
theodjo01,2005,2,COL,NHL,5.0,296.0,1.0,3.0,1.0,2.0,0.0,15.0,133.0,9.0,573.0,4.0,5.0,,2.0,0.0,29.0,296.0
theodjo01,2006,1,COL,NHL,33.0,1748.0,13.0,15.0,1.0,3.0,0.0,95.0,870.0,,,,,,,,,
theodjo01,2007,1,COL,NHL,53.0,3028.0,28.0,21.0,3.0,5.0,3.0,123.0,1367.0,10.0,514.0,4.0,6.0,,0.0,0.0,27.0,286.0
theodjo01,2008,1,WAS,NHL,57.0,3287.0,32.0,17.0,5.0,4.0,2.0,157.0,1572.0,2.0,97.0,0.0,1.0,,0.0,0.0,6.0,33.0
theodjo01,2009,1,WAS,NHL,47.0,2586.0,30.0,7.0,7.0,1.0,1.0,121.0,1352.0,2.0,81.0,0.0,1.0,,0.0,0.0,5.0,40.0
thibajo01,1993,1,QUE,NHL,29.0,1504.0,8.0,13.0,3.0,3.0,0.0,83.0,768.0,,,,,,,,,
thibajo01,1994,1,QUE,NHL,18.0,898.0,12.0,2.0,2.0,0.0,1.0,35.0,423.0,3.0,148.0,1.0,2.0,,0.0,0.0,8.0,76.0
thibajo01,1995,1,COL,NHL,10.0,558.0,3.0,4.0,2.0,0.0,0.0,28.0,222.0,,,,,,,,,
thibajo01,1995,2,MTL,NHL,40.0,2334.0,23.0,13.0,3.0,2.0,3.0,110.0,1258.0,6.0,311.0,2.0,4.0,,0.0,0.0,18.0,188.0
thibajo01,1996,1,MTL,NHL,61.0,3397.0,22.0,24.0,11.0,5.0,1.0,164.0,1815.0,3.0,179.0,0.0,3.0,,2.0,0.0,13.0,101.0
thibajo01,1997,1,MTL,NHL,47.0,2652.0,19.0,15.0,8.0,1.0,2.0,109.0,1109.0,2.0,43.0,0.0,0.0,,1.0,0.0,4.0,16.0
thibajo01,1998,1,MTL,NHL,10.0,529.0,3.0,4.0,2.0,0.0,1.0,23.0,250.0,,,,,,,,,
thibajo01,1998,2,CHI,NHL,52.0,3014.0,21.0,26.0,5.0,6.0,4.0,136.0,1435.0,,,,,,,,,
thibajo01,1999,1,CHI,NHL,60.0,3438.0,25.0,26.0,7.0,10.0,3.0,158.0,1679.0,,,,,,,,,
thibajo01,2000,1,CHI,NHL,66.0,3844.0,27.0,32.0,7.0,7.0,6.0,180.0,1711.0,,,,,,,,,
thibajo01,2001,1,CHI,NHL,67.0,3838.0,33.0,23.0,9.0,2.0,6.0,159.0,1626.0,3.0,159.0,1.0,2.0,,0.0,0.0,7.0,77.0
thibajo01,2002,1,CHI,NHL,62.0,3650.0,26.0,28.0,7.0,4.0,8.0,144.0,1690.0,,,,,,,,,
thibajo01,2003,1,CHI,NHL,14.0,821.0,5.0,7.0,2.0,0.0,1.0,39.0,450.0,,,,,,,,,
thibajo01,2005,1,PIT,NHL,16.0,807.0,1.0,9.0,3.0,1.0,0.0,60.0,484.0,,,,,,,,,
thibajo01,2006,1,PIT,NHL,22.0,1101.0,7.0,8.0,2.0,2.0,1.0,52.0,572.0,1.0,8.0,0.0,0.0,,0.0,0.0,0.0,1.0
thibajo01,2007,1,BUF,NHL,12.0,507.0,3.0,4.0,2.0,0.0,2.0,28.0,214.0,,,,,,,,,
thomati01,2002,1,BOS,NHL,4.0,220.0,3.0,1.0,0.0,0.0,0.0,11.0,118.0,,,,,,,,,
thomati01,2005,1,BOS,NHL,38.0,2187.0,12.0,13.0,10.0,3.0,1.0,101.0,1213.0,,,,,,,,,
thomati01,2006,1,BOS,NHL,66.0,3619.0,30.0,29.0,4.0,7.0,3.0,189.0,1985.0,,,,,,,,,
thomati01,2007,1,BOS,NHL,57.0,3342.0,28.0,19.0,6.0,3.0,3.0,136.0,1731.0,7.0,430.0,3.0,4.0,,0.0,0.0,19.0,221.0
thomati01,2008,1,BOS,NHL,54.0,3259.0,36.0,11.0,7.0,4.0,5.0,114.0,1694.0,11.0,680.0,7.0,4.0,,1.0,1.0,21.0,323.0
thomati01,2009,1,BOS,NHL,43.0,2442.0,17.0,18.0,8.0,2.0,5.0,104.0,1221.0,,,,,,,,,
thomawa01,1972,1,MTL,NHL,10.0,583.0,8.0,1.0,0.0,0.0,1.0,23.0,,,,,,,,,,
thomawa01,1973,1,MTL,NHL,42.0,2410.0,23.0,12.0,5.0,1.0,1.0,111.0,,,,,,,,,,
thomawa01,1975,1,TOR,NHL,64.0,3684.0,28.0,24.0,12.0,5.0,2.0,196.0,,10.0,587.0,5.0,5.0,,1.0,1.0,34.0,
thomawa01,1976,1,TOR,NHL,33.0,1803.0,10.0,13.0,6.0,2.0,1.0,116.0,,4.0,202.0,1.0,2.0,,1.0,0.0,12.0,
thomawa01,1977,1,NYR,NHL,41.0,2352.0,12.0,20.0,7.0,3.0,4.0,141.0,,1.0,60.0,0.0,1.0,,0.0,0.0,4.0,
thomawa01,1978,1,NYR,NHL,31.0,1668.0,15.0,10.0,3.0,0.0,1.0,101.0,,,,,,,,,,
thomawa01,1979,1,NYR,NHL,12.0,668.0,4.0,7.0,0.0,2.0,0.0,44.0,,,,,,,,,,
thomawa01,1980,1,NYR,NHL,10.0,600.0,3.0,6.0,1.0,2.0,0.0,34.0,,,,,,,,,,
thompti01,1928,1,BOS,NHL,44.0,2710.0,26.0,13.0,5.0,,12.0,52.0,,5.0,300.0,5.0,0.0,0.0,,3.0,3.0,
thompti01,1929,1,BOS,NHL,44.0,2680.0,38.0,5.0,1.0,,3.0,98.0,,6.0,432.0,3.0,3.0,0.0,,0.0,12.0,
thompti01,1930,1,BOS,NHL,44.0,2730.0,28.0,10.0,6.0,,3.0,90.0,,5.0,343.0,2.0,3.0,0.0,,0.0,13.0,
thompti01,1931,1,BOS,NHL,43.0,2698.0,13.0,19.0,11.0,,9.0,103.0,,,,,,,,,,
thompti01,1932,1,BOS,NHL,48.0,3000.0,25.0,15.0,8.0,,11.0,88.0,,5.0,438.0,2.0,3.0,0.0,,0.0,9.0,
thompti01,1933,1,BOS,NHL,48.0,2980.0,18.0,25.0,5.0,,5.0,130.0,,,,,,,,,,
thompti01,1934,1,BOS,NHL,48.0,2970.0,26.0,16.0,6.0,,8.0,112.0,,4.0,275.0,1.0,3.0,0.0,,1.0,7.0,
thompti01,1935,1,BOS,NHL,48.0,2930.0,22.0,20.0,6.0,,10.0,82.0,,2.0,120.0,1.0,1.0,,,1.0,8.0,
thompti01,1936,1,BOS,NHL,48.0,2970.0,23.0,18.0,7.0,,6.0,110.0,,3.0,180.0,1.0,2.0,,,1.0,8.0,
thompti01,1937,1,BOS,NHL,48.0,2970.0,30.0,11.0,7.0,,7.0,89.0,,3.0,212.0,0.0,3.0,,,0.0,6.0,
thompti01,1938,1,BOS,NHL,5.0,310.0,3.0,1.0,1.0,,0.0,8.0,,,,,,,,,,
thompti01,1938,2,DET,NHL,39.0,2397.0,16.0,17.0,6.0,,4.0,101.0,,6.0,373.0,3.0,3.0,,,1.0,15.0,
thompti01,1939,1,DET,NHL,46.0,2830.0,16.0,24.0,6.0,,3.0,120.0,,5.0,300.0,2.0,3.0,,,0.0,12.0,
tobinbi01,1921,1,EDE,WCHL,4.0,230.0,2.0,1.0,1.0,,0.0,12.0,,,,,,,,,,
tobinbi01,1922,1,EDE,WCHL,1.0,60.0,1.0,0.0,0.0,,0.0,1.0,,,,,,,,,,
tobinbi01,1923,1,EDE,WCHL,1.0,60.0,0.0,1.0,0.0,,0.0,4.0,,,,,,,,,,
tobinbi01,1924,1,EDE,WCHL,3.0,180.0,2.0,1.0,0.0,,0.0,12.0,,,,,,,,,,
toivoha01,2005,1,BOS,NHL,20.0,1163.0,9.0,5.0,4.0,0.0,1.0,51.0,590.0,,,,,,,,,
toivoha01,2006,1,BOS,NHL,18.0,894.0,3.0,9.0,1.0,1.0,0.0,63.0,502.0,,,,,,,,,
toivoha01,2007,1,STL,NHL,23.0,1202.0,6.0,10.0,5.0,2.0,0.0,69.0,566.0,,,,,,,,,
tokardu01,2009,1,TBL,NHL,2.0,44.0,0.0,0.0,0.0,0.0,0.0,3.0,16.0,,,,,,,,,
toppaje01,1960,1,BOS,NHL,1.0,1.0,0.0,0.0,0.0,,0.0,0.0,,,,,,,,,,
torchmi01,1994,1,DAL,NHL,6.0,327.0,3.0,2.0,1.0,0.0,0.0,18.0,172.0,,,,,,,,,
tordjjo01,2008,1,PHO,NHL,2.0,118.0,0.0,2.0,0.0,0.0,0.0,8.0,62.0,,,,,,,,,
toskave01,2001,1,SJS,NHL,1.0,10.0,0.0,0.0,0.0,0.0,0.0,0.0,2.0,,,,,,,,,
toskave01,2002,1,SJS,NHL,11.0,537.0,4.0,3.0,1.0,1.0,1.0,21.0,287.0,,,,,,,,,
toskave01,2003,1,SJS,NHL,28.0,1541.0,12.0,8.0,4.0,3.0,1.0,53.0,760.0,,,,,,,,,
toskave01,2005,1,SJS,NHL,37.0,2039.0,23.0,7.0,4.0,1.0,2.0,87.0,878.0,11.0,686.0,6.0,5.0,,0.0,1.0,28.0,311.0
toskave01,2006,1,SJS,NHL,38.0,2142.0,26.0,10.0,1.0,3.0,4.0,84.0,915.0,,,,,,,,,
toskave01,2007,1,TOR,NHL,66.0,3837.0,33.0,25.0,6.0,7.0,3.0,175.0,1824.0,,,,,,,,,
toskave01,2008,1,TOR,NHL,53.0,3056.0,22.0,17.0,11.0,3.0,1.0,166.0,1518.0,,,,,,,,,
toskave01,2009,1,TOR,NHL,26.0,1393.0,7.0,12.0,3.0,3.0,1.0,85.0,676.0,,,,,,,,,
toskave01,2009,2,CAL,NHL,6.0,212.0,2.0,0.0,0.0,0.0,0.0,8.0,97.0,,,,,,,,,
trefian01,1992,1,CAL,NHL,1.0,65.0,0.0,0.0,1.0,0.0,0.0,5.0,39.0,,,,,,,,,
trefian01,1993,1,CAL,NHL,11.0,623.0,3.0,4.0,2.0,1.0,2.0,26.0,305.0,,,,,,,,,
trefian01,1994,1,CAL,NHL,6.0,236.0,0.0,3.0,0.0,3.0,0.0,16.0,130.0,,,,,,,,,
trefian01,1995,1,BUF,NHL,22.0,1094.0,8.0,8.0,1.0,2.0,0.0,64.0,660.0,,,,,,,,,
trefian01,1996,1,BUF,NHL,3.0,159.0,0.0,2.0,0.0,1.0,0.0,10.0,98.0,1.0,5.0,0.0,0.0,,0.0,0.0,0.0,4.0
trefian01,1997,1,CHI,NHL,6.0,299.0,1.0,4.0,0.0,0.0,0.0,17.0,145.0,,,,,,,,,
trefian01,1998,1,CHI,NHL,1.0,25.0,0.0,1.0,0.0,0.0,0.0,4.0,20.0,,,,,,,,,
trefian01,1998,2,CAL,NHL,4.0,162.0,0.0,3.0,0.0,0.0,0.0,11.0,84.0,,,,,,,,,
trembvi01,1979,1,TOR,NHL,10.0,329.0,2.0,1.0,0.0,1.0,0.0,28.0,,,,,,,,,,
trembvi01,1980,1,TOR,NHL,3.0,143.0,0.0,3.0,0.0,0.0,0.0,16.0,,,,,,,,,,
trembvi01,1981,1,TOR,NHL,40.0,2033.0,10.0,18.0,8.0,3.0,1.0,153.0,,,,,,,,,,
trembvi01,1982,1,TOR,NHL,1.0,40.0,0.0,0.0,0.0,0.0,0.0,2.0,27.0,,,,,,,,,
trembvi01,1983,1,PIT,NHL,4.0,240.0,0.0,4.0,0.0,1.0,0.0,24.0,142.0,,,,,,,,,
tuckete01,1973,1,CLF,NHL,5.0,177.0,1.0,1.0,1.0,0.0,0.0,10.0,,,,,,,,,,
tugnuro01,1987,1,QUE,NHL,6.0,284.0,2.0,3.0,0.0,0.0,0.0,16.0,123.0,,,,,,,,,
tugnuro01,1988,1,QUE,NHL,26.0,1367.0,10.0,10.0,3.0,1.0,0.0,82.0,756.0,,,,,,,,,
tugnuro01,1989,1,QUE,NHL,35.0,1978.0,5.0,24.0,3.0,4.0,0.0,152.0,1080.0,,,,,,,,,
tugnuro01,1990,1,QUE,NHL,56.0,3144.0,12.0,29.0,10.0,3.0,0.0,212.0,1851.0,,,,,,,,,
tugnuro01,1991,1,QUE,NHL,30.0,1583.0,6.0,17.0,3.0,5.0,1.0,106.0,782.0,,,,,,,,,
tugnuro01,1991,2,EDM,NHL,3.0,124.0,1.0,1.0,0.0,0.0,0.0,10.0,73.0,2.0,60.0,0.0,0.0,,0.0,0.0,3.0,34.0
tugnuro01,1992,1,EDM,NHL,26.0,1338.0,9.0,12.0,2.0,2.0,0.0,93.0,767.0,,,,,,,,,
tugnuro01,1993,1,ANA,NHL,28.0,1520.0,10.0,15.0,1.0,4.0,1.0,76.0,828.0,,,,,,,,,
tugnuro01,1993,2,MTL,NHL,8.0,378.0,2.0,3.0,1.0,0.0,0.0,24.0,172.0,1.0,59.0,0.0,1.0,,1.0,0.0,5.0,25.0
tugnuro01,1994,1,MTL,NHL,7.0,346.0,1.0,3.0,1.0,0.0,0.0,18.0,172.0,,,,,,,,,
tugnuro01,1996,1,OTT,NHL,37.0,1991.0,17.0,15.0,1.0,2.0,3.0,93.0,882.0,7.0,425.0,3.0,4.0,,0.0,1.0,14.0,169.0
tugnuro01,1997,1,OTT,NHL,42.0,2236.0,15.0,14.0,8.0,6.0,3.0,84.0,882.0,2.0,74.0,0.0,1.0,,0.0,0.0,6.0,25.0
tugnuro01,1998,1,OTT,NHL,43.0,2508.0,22.0,10.0,8.0,2.0,3.0,75.0,1005.0,2.0,118.0,0.0,2.0,,0.0,0.0,6.0,41.0
tugnuro01,1999,1,OTT,NHL,44.0,2435.0,18.0,12.0,8.0,2.0,4.0,103.0,1020.0,,,,,,,,,
tugnuro01,1999,2,PIT,NHL,7.0,374.0,4.0,2.0,0.0,0.0,0.0,15.0,197.0,11.0,746.0,6.0,5.0,,0.0,2.0,22.0,398.0
tugnuro01,2000,1,CBS,NHL,53.0,3129.0,22.0,25.0,5.0,5.0,4.0,127.0,1528.0,,,,,,,,,
tugnuro01,2001,1,CBS,NHL,44.0,2502.0,12.0,27.0,3.0,4.0,2.0,119.0,1195.0,,,,,,,,,
tugnuro01,2002,1,DAL,NHL,31.0,1701.0,15.0,10.0,5.0,0.0,4.0,70.0,672.0,,,,,,,,,
tugnuro01,2003,1,DAL,NHL,11.0,548.0,3.0,7.0,0.0,0.0,1.0,22.0,220.0,,,,,,,,,
tumilgo01,1972,1,WIJ,WHA,3.0,138.0,0.0,2.0,0.0,0.0,0.0,10.0,65.0,,,,,,,,,
turcoma01,2000,1,DAL,NHL,26.0,1266.0,13.0,6.0,1.0,1.0,3.0,40.0,532.0,,,,,,,,,
turcoma01,2001,1,DAL,NHL,31.0,1519.0,15.0,6.0,2.0,4.0,2.0,53.0,670.0,,,,,,,,,
turcoma01,2002,1,DAL,NHL,55.0,3203.0,31.0,10.0,10.0,3.0,7.0,92.0,1359.0,12.0,798.0,6.0,6.0,,0.0,0.0,25.0,310.0
turcoma01,2003,1,DAL,NHL,73.0,4359.0,37.0,21.0,13.0,6.0,9.0,144.0,1648.0,5.0,325.0,1.0,4.0,,1.0,0.0,18.0,119.0
turcoma01,2005,1,DAL,NHL,68.0,3910.0,41.0,19.0,5.0,2.0,3.0,166.0,1624.0,5.0,319.0,1.0,4.0,,0.0,0.0,18.0,136.0
turcoma01,2006,1,DAL,NHL,67.0,3764.0,38.0,20.0,5.0,5.0,6.0,140.0,1564.0,7.0,509.0,3.0,4.0,,2.0,3.0,11.0,229.0
turcoma01,2007,1,DAL,NHL,62.0,3629.0,32.0,21.0,6.0,5.0,3.0,140.0,1543.0,18.0,1152.0,10.0,8.0,,1.0,1.0,40.0,511.0
turcoma01,2008,1,DAL,NHL,74.0,4327.0,33.0,31.0,10.0,8.0,3.0,203.0,1993.0,,,,,,,,,
turcoma01,2009,1,DAL,NHL,53.0,3088.0,22.0,20.0,11.0,8.0,4.0,140.0,1605.0,,,,,,,,,
turekro01,1996,1,DAL,NHL,6.0,263.0,3.0,1.0,0.0,0.0,0.0,9.0,129.0,,,,,,,,,
turekro01,1997,1,DAL,NHL,23.0,1324.0,11.0,10.0,1.0,3.0,1.0,49.0,496.0,,,,,,,,,
turekro01,1998,1,DAL,NHL,26.0,1382.0,16.0,3.0,3.0,1.0,1.0,48.0,562.0,,,,,,,,,
turekro01,1999,1,STL,NHL,67.0,3960.0,42.0,15.0,9.0,3.0,7.0,129.0,1470.0,7.0,415.0,3.0,4.0,,1.0,0.0,19.0,161.0
turekro01,2000,1,STL,NHL,54.0,3232.0,24.0,18.0,10.0,7.0,6.0,123.0,1248.0,14.0,908.0,9.0,5.0,,1.0,0.0,31.0,382.0
turekro01,2001,1,CAL,NHL,69.0,4081.0,30.0,28.0,11.0,6.0,5.0,172.0,1839.0,,,,,,,,,
turekro01,2002,1,CAL,NHL,65.0,3822.0,27.0,29.0,9.0,4.0,4.0,164.0,1679.0,,,,,,,,,
turekro01,2003,1,CAL,NHL,18.0,1031.0,6.0,11.0,0.0,2.0,3.0,40.0,463.0,1.0,19.0,0.0,0.0,,0.0,0.0,0.0,3.0
turnbfr01,1975,1,EDO,WHA,3.0,106.0,0.0,1.0,0.0,0.0,0.0,9.0,65.0,,,,,,,,,
turnbfr01,1977,1,EDO,WHA,1.0,60.0,0.0,1.0,0.0,0.0,0.0,6.0,24.0,,,,,,,,,
turnejo01,1941,1,DET,NHL,1.0,70.0,0.0,0.0,1.0,,0.0,3.0,,,,,,,,,,
underma01,2003,1,CHI,NHL,1.0,61.0,0.0,1.0,0.0,0.0,0.0,4.0,33.0,,,,,,,,,
vachoro01,1966,1,MTL,NHL,19.0,1137.0,11.0,3.0,4.0,1.0,1.0,47.0,,9.0,555.0,6.0,3.0,,0.0,0.0,22.0,
vachoro01,1967,1,MTL,NHL,39.0,2227.0,23.0,13.0,2.0,1.0,4.0,92.0,,2.0,113.0,1.0,1.0,,0.0,0.0,4.0,
vachoro01,1968,1,MTL,NHL,36.0,2051.0,22.0,9.0,3.0,0.0,2.0,98.0,,8.0,507.0,7.0,1.0,,0.0,1.0,12.0,
vachoro01,1969,1,MTL,NHL,64.0,3697.0,31.0,18.0,12.0,6.0,4.0,162.0,,,,,,,,,,
vachoro01,1970,1,MTL,NHL,47.0,2676.0,23.0,12.0,9.0,1.0,2.0,118.0,,,,,,,,,,
vachoro01,1971,1,MTL,NHL,1.0,20.0,0.0,1.0,0.0,0.0,0.0,4.0,,,,,,,,,,
vachoro01,1971,2,LAK,NHL,28.0,1586.0,6.0,18.0,3.0,0.0,0.0,107.0,,,,,,,,,,
vachoro01,1972,1,LAK,NHL,53.0,3120.0,22.0,20.0,10.0,3.0,4.0,148.0,,,,,,,,,,
vachoro01,1973,1,LAK,NHL,65.0,3751.0,28.0,26.0,10.0,5.0,5.0,175.0,,4.0,240.0,0.0,4.0,,2.0,0.0,7.0,
vachoro01,1974,1,LAK,NHL,54.0,3239.0,27.0,14.0,13.0,2.0,6.0,121.0,,3.0,199.0,1.0,2.0,,0.0,0.0,7.0,
vachoro01,1975,1,LAK,NHL,51.0,3060.0,26.0,20.0,5.0,1.0,5.0,160.0,,7.0,439.0,4.0,3.0,,1.0,1.0,17.0,
vachoro01,1976,1,LAK,NHL,68.0,4059.0,33.0,23.0,12.0,1.0,8.0,184.0,,9.0,520.0,4.0,5.0,,0.0,0.0,36.0,
vachoro01,1977,1,LAK,NHL,70.0,4107.0,29.0,27.0,13.0,4.0,4.0,196.0,,2.0,120.0,0.0,2.0,,0.0,0.0,11.0,
vachoro01,1978,1,DET,NHL,50.0,2908.0,10.0,27.0,11.0,1.0,0.0,189.0,,,,,,,,,,
vachoro01,1979,1,DET,NHL,59.0,3474.0,20.0,30.0,8.0,4.0,4.0,209.0,,,,,,,,,,
vachoro01,1980,1,BOS,NHL,53.0,3021.0,25.0,19.0,6.0,0.0,1.0,168.0,,3.0,164.0,0.0,2.0,,1.0,0.0,16.0,
vachoro01,1981,1,BOS,NHL,38.0,2165.0,19.0,11.0,6.0,0.0,1.0,132.0,,1.0,20.0,0.0,0.0,,0.0,0.0,1.0,
valiqst01,1999,1,NYI,NHL,6.0,193.0,2.0,0.0,0.0,0.0,0.0,6.0,117.0,,,,,,,,,
valiqst01,2003,1,EDM,NHL,1.0,14.0,0.0,0.0,0.0,0.0,0.0,2.0,7.0,,,,,,,,,
valiqst01,2003,2,NYR,NHL,2.0,120.0,1.0,1.0,0.0,0.0,0.0,6.0,71.0,,,,,,,,,
valiqst01,2006,1,NYR,NHL,3.0,115.0,1.0,2.0,0.0,0.0,0.0,6.0,45.0,,,,,,,,,
valiqst01,2007,1,NYR,NHL,13.0,686.0,5.0,3.0,3.0,1.0,2.0,25.0,296.0,,,,,,,,,
valiqst01,2008,1,NYR,NHL,15.0,823.0,5.0,5.0,2.0,2.0,1.0,39.0,421.0,2.0,40.0,0.0,0.0,,0.0,0.0,0.0,9.0
valiqst01,2009,1,NYR,NHL,6.0,305.0,2.0,3.0,0.0,0.0,1.0,19.0,128.0,,,,,,,,,
vanbijo01,1981,1,NYR,NHL,1.0,60.0,1.0,0.0,0.0,0.0,0.0,1.0,,,,,,,,,,
vanbijo01,1983,1,NYR,NHL,3.0,180.0,2.0,1.0,0.0,1.0,0.0,10.0,85.0,1.0,1.0,0.0,0.0,,0.0,0.0,0.0,0.0
vanbijo01,1984,1,NYR,NHL,42.0,2358.0,12.0,24.0,3.0,3.0,1.0,166.0,1346.0,1.0,20.0,0.0,0.0,,0.0,0.0,0.0,12.0
vanbijo01,1985,1,NYR,NHL,61.0,3326.0,31.0,21.0,5.0,2.0,3.0,184.0,1625.0,16.0,899.0,8.0,8.0,,0.0,1.0,49.0,477.0
vanbijo01,1986,1,NYR,NHL,50.0,2656.0,18.0,20.0,5.0,6.0,0.0,161.0,1369.0,4.0,195.0,1.0,3.0,,0.0,1.0,11.0,110.0
vanbijo01,1987,1,NYR,NHL,56.0,3319.0,27.0,22.0,7.0,3.0,2.0,187.0,1700.0,,,,,,,,,
vanbijo01,1988,1,NYR,NHL,56.0,3207.0,28.0,21.0,4.0,4.0,0.0,197.0,1666.0,2.0,107.0,0.0,1.0,,1.0,0.0,6.0,55.0
vanbijo01,1989,1,NYR,NHL,47.0,2734.0,19.0,19.0,7.0,1.0,1.0,154.0,1362.0,6.0,298.0,2.0,3.0,,1.0,0.0,15.0,153.0
vanbijo01,1990,1,NYR,NHL,40.0,2257.0,15.0,18.0,6.0,1.0,3.0,126.0,1154.0,1.0,52.0,0.0,0.0,,0.0,0.0,1.0,22.0
vanbijo01,1991,1,NYR,NHL,45.0,2526.0,27.0,13.0,3.0,4.0,2.0,120.0,1331.0,7.0,368.0,2.0,5.0,,2.0,0.0,23.0,179.0
vanbijo01,1992,1,NYR,NHL,48.0,2757.0,20.0,18.0,7.0,3.0,4.0,152.0,1525.0,,,,,,,,,
vanbijo01,1993,1,FLO,NHL,57.0,3440.0,21.0,25.0,11.0,4.0,1.0,145.0,1912.0,,,,,,,,,
vanbijo01,1994,1,FLO,NHL,37.0,2087.0,14.0,15.0,4.0,4.0,4.0,86.0,1000.0,,,,,,,,,
vanbijo01,1995,1,FLO,NHL,57.0,3178.0,26.0,20.0,7.0,2.0,2.0,142.0,1473.0,22.0,1332.0,12.0,10.0,,1.0,1.0,50.0,735.0
vanbijo01,1996,1,FLO,NHL,57.0,3347.0,27.0,19.0,10.0,3.0,2.0,128.0,1582.0,5.0,328.0,1.0,4.0,,0.0,1.0,13.0,184.0
vanbijo01,1997,1,FLO,NHL,60.0,3451.0,18.0,29.0,11.0,4.0,4.0,165.0,1638.0,,,,,,,,,
vanbijo01,1998,1,PHI,NHL,62.0,3712.0,27.0,18.0,15.0,4.0,6.0,135.0,1380.0,6.0,369.0,2.0,4.0,,0.0,1.0,9.0,146.0
vanbijo01,1999,1,PHI,NHL,50.0,2950.0,25.0,15.0,9.0,3.0,3.0,108.0,1143.0,,,,,,,,,
vanbijo01,2000,1,NYI,NHL,44.0,2390.0,10.0,25.0,5.0,4.0,1.0,120.0,1177.0,,,,,,,,,
vanbijo01,2000,2,NJD,NHL,4.0,240.0,4.0,0.0,0.0,0.0,1.0,6.0,93.0,,,,,,,,,
vanbijo01,2001,1,NJD,NHL,5.0,300.0,2.0,3.0,0.0,2.0,0.0,10.0,117.0,,,,,,,,,
varlasi01,2008,1,WAS,NHL,6.0,329.0,4.0,0.0,1.0,0.0,0.0,13.0,159.0,13.0,759.0,7.0,6.0,,0.0,2.0,32.0,389.0
varlasi01,2009,1,WAS,NHL,26.0,1527.0,15.0,4.0,6.0,0.0,2.0,65.0,718.0,6.0,349.0,3.0,3.0,,1.0,0.0,14.0,153.0
vasilmi01,1977,1,SOV,WHA,3.0,180.0,0.0,3.0,0.0,0.0,0.0,19.0,87.0,,,,,,,,,
veisomi01,1973,1,CHI,NHL,10.0,537.0,7.0,0.0,2.0,0.0,1.0,20.0,,2.0,80.0,0.0,1.0,,0.0,0.0,5.0,
veisomi01,1974,1,CHI,NHL,9.0,460.0,1.0,5.0,1.0,0.0,0.0,36.0,,,,,,,,,,
veisomi01,1976,1,CHI,NHL,3.0,180.0,1.0,2.0,0.0,0.0,0.0,13.0,,,,,,,,,,
veisomi01,1977,1,CHI,NHL,12.0,720.0,3.0,4.0,5.0,0.0,2.0,31.0,,,,,,,,,,
veisomi01,1978,1,CHI,NHL,17.0,1020.0,5.0,8.0,4.0,2.0,0.0,60.0,,,,,,,,,,
veisomi01,1979,1,CHI,NHL,11.0,660.0,3.0,5.0,3.0,2.0,0.0,37.0,,1.0,60.0,0.0,1.0,,0.0,0.0,6.0,
veisomi01,1980,1,HAR,NHL,29.0,1588.0,6.0,13.0,6.0,3.0,1.0,118.0,,,,,,,,,,
veisomi01,1981,1,HAR,NHL,13.0,701.0,5.0,5.0,2.0,0.0,0.0,53.0,,,,,,,,,,
veisomi01,1982,1,HAR,NHL,23.0,1280.0,5.0,16.0,1.0,0.0,1.0,118.0,815.0,,,,,,,,,
veisomi01,1983,1,HAR,NHL,4.0,240.0,1.0,3.0,0.0,0.0,0.0,20.0,114.0,,,,,,,,,
veisomi01,1983,2,WIN,NHL,8.0,420.0,4.0,1.0,2.0,0.0,0.0,26.0,172.0,1.0,40.0,0.0,0.0,,0.0,0.0,4.0,29.0
vernomi01,1982,1,CAL,NHL,2.0,100.0,0.0,2.0,0.0,0.0,0.0,11.0,46.0,,,,,,,,,
vernomi01,1983,1,CAL,NHL,1.0,11.0,0.0,1.0,0.0,0.0,0.0,4.0,6.0,,,,,,,,,
vernomi01,1985,1,CAL,NHL,18.0,921.0,9.0,3.0,3.0,0.0,1.0,52.0,417.0,21.0,1229.0,12.0,9.0,,2.0,0.0,60.0,583.0
vernomi01,1986,1,CAL,NHL,54.0,2957.0,30.0,21.0,1.0,2.0,1.0,178.0,1528.0,5.0,263.0,2.0,3.0,,0.0,0.0,16.0,136.0
vernomi01,1987,1,CAL,NHL,64.0,3565.0,39.0,16.0,7.0,1.0,1.0,210.0,1708.0,9.0,515.0,4.0,4.0,,0.0,0.0,34.0,210.0
vernomi01,1988,1,CAL,NHL,52.0,2938.0,37.0,6.0,5.0,0.0,0.0,130.0,1263.0,22.0,1381.0,16.0,5.0,,1.0,3.0,52.0,550.0
vernomi01,1989,1,CAL,NHL,47.0,2795.0,23.0,14.0,9.0,2.0,0.0,146.0,1122.0,6.0,342.0,2.0,3.0,,1.0,0.0,19.0,150.0
vernomi01,1990,1,CAL,NHL,54.0,3121.0,31.0,19.0,3.0,2.0,1.0,172.0,1406.0,7.0,427.0,3.0,4.0,,0.0,0.0,21.0,204.0
vernomi01,1991,1,CAL,NHL,63.0,3640.0,24.0,30.0,9.0,2.0,0.0,217.0,1853.0,,,,,,,,,
vernomi01,1992,1,CAL,NHL,64.0,3732.0,29.0,26.0,9.0,4.0,2.0,203.0,1804.0,4.0,150.0,1.0,1.0,,0.0,0.0,15.0,81.0
vernomi01,1993,1,CAL,NHL,48.0,2798.0,26.0,17.0,5.0,4.0,3.0,131.0,1209.0,7.0,466.0,3.0,4.0,,0.0,0.0,23.0,220.0
vernomi01,1994,1,DET,NHL,30.0,1807.0,19.0,6.0,4.0,0.0,1.0,76.0,710.0,18.0,1063.0,12.0,6.0,,1.0,1.0,41.0,370.0
vernomi01,1995,1,DET,NHL,32.0,1855.0,21.0,7.0,2.0,1.0,3.0,70.0,723.0,4.0,243.0,2.0,2.0,,0.0,0.0,11.0,81.0
vernomi01,1996,1,DET,NHL,33.0,1952.0,13.0,11.0,8.0,1.0,0.0,79.0,782.0,20.0,1229.0,16.0,4.0,,0.0,1.0,36.0,494.0
vernomi01,1997,1,SJS,NHL,62.0,3564.0,30.0,22.0,8.0,2.0,5.0,146.0,1401.0,6.0,348.0,2.0,4.0,,1.0,1.0,14.0,138.0
vernomi01,1998,1,SJS,NHL,49.0,2831.0,16.0,22.0,10.0,3.0,4.0,107.0,1200.0,5.0,321.0,2.0,3.0,,0.0,0.0,13.0,172.0
vernomi01,1999,1,SJS,NHL,15.0,772.0,6.0,5.0,1.0,0.0,0.0,32.0,360.0,,,,,,,,,
vernomi01,1999,2,FLO,NHL,34.0,2019.0,18.0,13.0,2.0,2.0,1.0,83.0,1020.0,4.0,237.0,0.0,4.0,,0.0,0.0,12.0,136.0
vernomi01,2000,1,CAL,NHL,41.0,2246.0,12.0,23.0,5.0,3.0,3.0,121.0,1034.0,,,,,,,,,
vernomi01,2001,1,CAL,NHL,18.0,825.0,2.0,9.0,1.0,1.0,1.0,38.0,375.0,,,,,,,,,
vezinge01,1910,1,MOC,NHA,16.0,980.0,8.0,8.0,0.0,,0.0,62.0,,,,,,,,,,
vezinge01,1911,1,MOC,NHA,18.0,1109.0,8.0,10.0,0.0,,0.0,66.0,,,,,,,,,,
vezinge01,1912,1,MOC,NHA,20.0,1217.0,9.0,11.0,0.0,,1.0,81.0,,,,,,,,,,
vezinge01,1913,1,MOC,NHA,20.0,1222.0,13.0,7.0,0.0,,1.0,64.0,,2.0,120.0,1.0,1.0,0.0,,1.0,6.0,
vezinge01,1914,1,MOC,NHA,20.0,1257.0,6.0,14.0,0.0,,0.0,81.0,,,,,,,,,,
vezinge01,1915,1,MOC,NHA,24.0,1482.0,16.0,7.0,1.0,,0.0,76.0,,,,,,,,,,
vezinge01,1916,1,MOC,NHA,20.0,1200.0,10.0,10.0,0.0,,0.0,80.0,,2.0,120.0,1.0,1.0,0.0,,0.0,6.0,
vezinge01,1917,1,MTL,NHL,21.0,1282.0,12.0,9.0,0.0,,1.0,84.0,,2.0,120.0,1.0,1.0,0.0,,0.0,10.0,
vezinge01,1918,1,MTL,NHL,18.0,1117.0,10.0,8.0,0.0,,1.0,78.0,,5.0,300.0,4.0,1.0,0.0,,0.0,18.0,
vezinge01,1919,1,MTL,NHL,24.0,1456.0,13.0,11.0,0.0,,0.0,113.0,,,,,,,,,,
vezinge01,1920,1,MTL,NHL,24.0,1441.0,13.0,11.0,0.0,,1.0,99.0,,,,,,,,,,
vezinge01,1921,1,MTL,NHL,24.0,1469.0,12.0,11.0,1.0,,0.0,94.0,,,,,,,,,,
vezinge01,1922,1,MTL,NHL,24.0,1488.0,13.0,9.0,2.0,,2.0,61.0,,2.0,120.0,1.0,1.0,0.0,,0.0,3.0,
vezinge01,1923,1,MTL,NHL,24.0,1459.0,13.0,11.0,0.0,,3.0,48.0,,2.0,120.0,2.0,0.0,0.0,,1.0,2.0,
vezinge01,1924,1,MTL,NHL,30.0,1860.0,17.0,11.0,2.0,,5.0,56.0,,2.0,120.0,2.0,0.0,0.0,,1.0,2.0,
vezinge01,1925,1,MTL,NHL,1.0,20.0,0.0,0.0,0.0,,0.0,0.0,,,,,,,,,,
vienma01,1975,1,TOT,WHA,26.0,1228.0,4.0,14.0,3.0,0.0,0.0,105.0,830.0,,,,,,,,,
villegi01,1963,1,NYR,NHL,5.0,300.0,0.0,2.0,3.0,0.0,0.0,18.0,,,,,,,,,,
villegi01,1967,1,NYR,NHL,4.0,200.0,1.0,2.0,0.0,0.0,1.0,8.0,,,,,,,,,,
villegi01,1968,1,NYR,NHL,4.0,240.0,2.0,1.0,1.0,0.0,0.0,9.0,,1.0,60.0,0.0,1.0,,0.0,0.0,4.0,
villegi01,1970,1,NYR,NHL,34.0,2039.0,22.0,8.0,4.0,1.0,4.0,78.0,,2.0,80.0,0.0,1.0,,0.0,0.0,6.0,
villegi01,1971,1,NYR,NHL,37.0,2129.0,24.0,7.0,4.0,1.0,3.0,74.0,,6.0,360.0,4.0,2.0,,0.0,0.0,14.0,
villegi01,1972,1,NYR,NHL,34.0,2040.0,20.0,12.0,2.0,2.0,3.0,78.0,,2.0,61.0,0.0,1.0,,0.0,0.0,2.0,
villegi01,1973,1,NYR,NHL,21.0,1054.0,7.0,7.0,3.0,2.0,0.0,62.0,,1.0,1.0,0.0,0.0,,0.0,0.0,0.0,
villegi01,1974,1,NYR,NHL,45.0,2470.0,22.0,14.0,6.0,5.0,2.0,130.0,,2.0,94.0,1.0,0.0,,0.0,0.0,6.0,
villegi01,1975,1,CHI,NHL,15.0,797.0,2.0,7.0,5.0,2.0,0.0,57.0,,,,,,,,,,
villegi01,1976,1,CHI,NHL,6.0,312.0,0.0,4.0,1.0,1.0,0.0,28.0,,,,,,,,,,
virtajo01,1978,1,FIN,WHA,1.0,60.0,0.0,1.0,0.0,0.0,0.0,8.0,69.0,,,,,,,,,
vokouto01,1996,1,MTL,NHL,1.0,20.0,0.0,0.0,0.0,0.0,0.0,4.0,14.0,,,,,,,,,
vokouto01,1998,1,NAS,NHL,37.0,1954.0,12.0,18.0,4.0,4.0,1.0,96.0,1041.0,,,,,,,,,
vokouto01,1999,1,NAS,NHL,33.0,1879.0,9.0,20.0,1.0,4.0,1.0,87.0,908.0,,,,,,,,,
vokouto01,2000,1,NAS,NHL,37.0,2088.0,13.0,17.0,5.0,4.0,2.0,85.0,940.0,,,,,,,,,
vokouto01,2001,1,NAS,NHL,29.0,1471.0,5.0,14.0,4.0,4.0,2.0,66.0,678.0,,,,,,,,,
vokouto01,2002,1,NAS,NHL,69.0,3974.0,25.0,31.0,11.0,5.0,3.0,146.0,1771.0,,,,,,,,,
vokouto01,2003,1,NAS,NHL,73.0,4221.0,34.0,29.0,10.0,9.0,3.0,178.0,1958.0,6.0,356.0,2.0,4.0,,0.0,1.0,12.0,197.0
vokouto01,2005,1,NAS,NHL,61.0,3601.0,36.0,18.0,7.0,1.0,4.0,160.0,1984.0,,,,,,,,,
vokouto01,2006,1,NAS,NHL,44.0,2601.0,27.0,12.0,4.0,3.0,5.0,104.0,1299.0,5.0,324.0,1.0,4.0,,0.0,0.0,16.0,163.0
vokouto01,2007,1,FLO,NHL,69.0,4031.0,30.0,29.0,8.0,5.0,4.0,180.0,2213.0,,,,,,,,,
vokouto01,2008,1,FLO,NHL,59.0,3324.0,26.0,23.0,6.0,11.0,6.0,138.0,1855.0,,,,,,,,,
vokouto01,2009,1,FLO,NHL,63.0,3695.0,23.0,28.0,11.0,9.0,7.0,157.0,2081.0,,,,,,,,,
waiteji01,1988,1,CHI,NHL,11.0,494.0,0.0,7.0,1.0,2.0,0.0,43.0,253.0,,,,,,,,,
waiteji01,1989,1,CHI,NHL,4.0,183.0,2.0,0.0,0.0,0.0,0.0,14.0,92.0,,,,,,,,,
waiteji01,1990,1,CHI,NHL,1.0,60.0,1.0,0.0,0.0,0.0,0.0,2.0,28.0,,,,,,,,,
waiteji01,1991,1,CHI,NHL,17.0,877.0,4.0,7.0,4.0,1.0,0.0,54.0,347.0,,,,,,,,,
waiteji01,1992,1,CHI,NHL,20.0,996.0,6.0,7.0,1.0,3.0,2.0,49.0,411.0,,,,,,,,,
waiteji01,1993,1,SJS,NHL,15.0,697.0,3.0,7.0,0.0,2.0,0.0,50.0,319.0,2.0,40.0,0.0,0.0,,0.0,0.0,3.0,17.0
waiteji01,1994,1,CHI,NHL,2.0,119.0,1.0,1.0,0.0,0.0,0.0,5.0,51.0,,,,,,,,,
waiteji01,1995,1,CHI,NHL,1.0,31.0,0.0,0.0,0.0,0.0,0.0,0.0,8.0,,,,,,,,,
waiteji01,1996,1,CHI,NHL,2.0,105.0,0.0,1.0,1.0,0.0,0.0,7.0,58.0,,,,,,,,,
waiteji01,1997,1,PHO,NHL,17.0,793.0,5.0,6.0,1.0,1.0,1.0,28.0,322.0,4.0,171.0,0.0,3.0,,0.0,0.0,11.0,97.0
waiteji01,1998,1,PHO,NHL,16.0,898.0,6.0,5.0,4.0,0.0,1.0,41.0,390.0,,,,,,,,,
wakalda01,1988,1,BUF,NHL,6.0,214.0,1.0,3.0,0.0,1.0,0.0,15.0,90.0,,,,,,,,,
wakalda01,1990,1,BUF,NHL,16.0,630.0,4.0,5.0,3.0,2.0,0.0,35.0,292.0,2.0,37.0,0.0,1.0,,0.0,0.0,2.0,22.0
wakalda01,1991,1,MNS,NHL,36.0,1905.0,13.0,19.0,1.0,3.0,1.0,104.0,874.0,,,,,,,,,
wakalda01,1992,1,MNS,NHL,29.0,1596.0,10.0,12.0,5.0,0.0,1.0,97.0,803.0,,,,,,,,,
wakalda01,1993,1,DAL,NHL,36.0,2000.0,18.0,9.0,6.0,0.0,3.0,88.0,978.0,5.0,307.0,4.0,1.0,,1.0,0.0,15.0,168.0
wakalda01,1994,1,DAL,NHL,15.0,754.0,4.0,8.0,0.0,1.0,2.0,40.0,341.0,1.0,20.0,0.0,0.0,,0.0,0.0,1.0,9.0
wakalda01,1995,1,DAL,NHL,37.0,1875.0,9.0,16.0,5.0,4.0,1.0,106.0,975.0,,,,,,,,,
wakalda01,1996,1,PHO,NHL,16.0,782.0,8.0,3.0,1.0,0.0,1.0,39.0,386.0,,,,,,,,,
wakeler01,1962,1,MTL,NHL,1.0,60.0,1.0,0.0,0.0,,0.0,3.0,,,,,,,,,,
wakeler01,1968,1,MTL,NHL,1.0,60.0,0.0,1.0,0.0,0.0,0.0,4.0,,,,,,,,,,
wakeler01,1969,1,STL,NHL,30.0,1651.0,12.0,9.0,4.0,0.0,4.0,58.0,,4.0,216.0,0.0,4.0,,0.0,0.0,17.0,
wakeler01,1970,1,STL,NHL,51.0,2859.0,20.0,14.0,11.0,0.0,3.0,133.0,,3.0,180.0,2.0,1.0,,0.0,1.0,7.0,
wakeler01,1971,1,STL,NHL,30.0,1614.0,8.0,18.0,2.0,2.0,1.0,92.0,,3.0,113.0,0.0,1.0,,0.0,0.0,13.0,
wakeler01,1972,1,WIJ,WHA,49.0,2894.0,26.0,19.0,3.0,2.0,2.0,152.0,1411.0,7.0,420.0,4.0,3.0,,1.0,2.0,22.0,210.0
wakeler01,1973,1,WIJ,WHA,37.0,2254.0,15.0,18.0,4.0,2.0,3.0,123.0,1184.0,,,,,,,,,
wakeler01,1974,1,WIJ,WHA,6.0,355.0,3.0,3.0,0.0,0.0,1.0,16.0,213.0,,,,,,,,,
wakeler01,1974,2,SDM,WHA,35.0,2062.0,20.0,12.0,2.0,3.0,2.0,115.0,1091.0,10.0,520.0,4.0,6.0,,0.0,0.0,39.0,
wakeler01,1975,1,SDM,WHA,67.0,3823.0,35.0,27.0,4.0,3.0,3.0,208.0,1980.0,11.0,640.0,5.0,6.0,,0.0,0.0,39.0,
wakeler01,1976,1,SDM,WHA,46.0,2506.0,22.0,18.0,3.0,2.0,3.0,129.0,1242.0,3.0,160.0,2.0,1.0,,0.0,0.0,9.0,75.0
wakeler01,1977,1,CIN,WHA,6.0,311.0,0.0,5.0,0.0,0.0,0.0,26.0,146.0,,,,,,,,,
wakeler01,1977,2,HOU,WHA,51.0,3070.0,28.0,18.0,4.0,3.0,2.0,166.0,1608.0,,,,,,,,,
wakeler01,1978,1,BIR,WHA,37.0,2060.0,15.0,17.0,1.0,2.0,0.0,129.0,1073.0,,,,,,,,,
wallmi01,2006,1,AND,NHL,4.0,202.0,2.0,2.0,0.0,1.0,0.0,10.0,81.0,,,,,,,,,
walshed01,1978,1,EDO,WHA,3.0,144.0,0.0,2.0,0.0,0.0,0.0,9.0,55.0,,,,,,,,,
walshfl01,1926,1,MTM,NHL,1.0,60.0,0.0,1.0,0.0,,0.0,3.0,,,,,,,,,,
walshfl01,1927,1,MTM,NHL,1.0,40.0,0.0,0.0,0.0,,0.0,1.0,,,,,,,,,,
walshfl01,1928,1,NYA,NHL,4.0,260.0,2.0,0.0,2.0,,3.0,1.0,,,,,,,,,,
walshfl01,1928,2,MTM,NHL,7.0,450.0,1.0,4.0,2.0,,1.0,8.0,,,,,,,,,,
walshfl01,1929,1,MTM,NHL,30.0,1897.0,16.0,10.0,4.0,,2.0,74.0,,4.0,312.0,1.0,3.0,0.0,,1.0,11.0,
walshfl01,1930,1,MTM,NHL,16.0,961.0,7.0,7.0,2.0,,2.0,36.0,,,,,,,,,,
walshfl01,1931,1,MTM,NHL,27.0,1670.0,14.0,10.0,3.0,,2.0,77.0,,4.0,238.0,1.0,1.0,2.0,,1.0,5.0,
walshfl01,1932,1,MTM,NHL,22.0,1303.0,8.0,11.0,3.0,,2.0,56.0,,,,,,,,,,
wamslri01,1980,1,MTL,NHL,5.0,253.0,3.0,0.0,1.0,0.0,1.0,8.0,,,,,,,,,,
wamslri01,1981,1,MTL,NHL,38.0,2206.0,23.0,7.0,7.0,0.0,2.0,101.0,,5.0,300.0,2.0,3.0,,0.0,0.0,11.0,
wamslri01,1982,1,MTL,NHL,46.0,2583.0,27.0,12.0,5.0,2.0,0.0,151.0,1240.0,3.0,152.0,0.0,3.0,,1.0,0.0,7.0,
wamslri01,1983,1,MTL,NHL,42.0,2333.0,19.0,17.0,3.0,1.0,2.0,144.0,977.0,1.0,32.0,0.0,0.0,,0.0,0.0,0.0,12.0
wamslri01,1984,1,STL,NHL,40.0,2319.0,23.0,12.0,5.0,3.0,0.0,126.0,1094.0,2.0,120.0,0.0,2.0,,0.0,0.0,7.0,56.0
wamslri01,1985,1,STL,NHL,42.0,2517.0,22.0,16.0,3.0,0.0,1.0,144.0,1354.0,10.0,569.0,4.0,6.0,,1.0,0.0,37.0,307.0
wamslri01,1986,1,STL,NHL,41.0,2410.0,17.0,15.0,6.0,2.0,0.0,142.0,1212.0,2.0,120.0,1.0,1.0,,0.0,0.0,5.0,54.0
wamslri01,1987,1,STL,NHL,31.0,1818.0,13.0,16.0,1.0,4.0,2.0,103.0,922.0,,,,,,,,,
wamslri01,1987,2,CAL,NHL,2.0,73.0,1.0,0.0,0.0,0.0,0.0,5.0,36.0,1.0,33.0,0.0,1.0,,0.0,0.0,2.0,8.0
wamslri01,1988,1,CAL,NHL,35.0,1927.0,17.0,11.0,4.0,1.0,2.0,95.0,796.0,1.0,20.0,0.0,1.0,,0.0,0.0,2.0,10.0
wamslri01,1989,1,CAL,NHL,36.0,1969.0,18.0,8.0,6.0,2.0,2.0,107.0,855.0,1.0,49.0,0.0,1.0,,0.0,0.0,9.0,23.0
wamslri01,1990,1,CAL,NHL,29.0,1670.0,14.0,7.0,5.0,0.0,0.0,85.0,762.0,1.0,2.0,0.0,0.0,,0.0,0.0,1.0,2.0
wamslri01,1991,1,CAL,NHL,9.0,457.0,3.0,4.0,0.0,0.0,0.0,34.0,226.0,,,,,,,,,
wamslri01,1991,2,TOR,NHL,8.0,428.0,4.0,3.0,0.0,0.0,0.0,27.0,218.0,,,,,,,,,
wamslri01,1992,1,TOR,NHL,3.0,160.0,0.0,3.0,0.0,0.0,0.0,15.0,91.0,,,,,,,,,
wardca01,2005,1,CAR,NHL,28.0,1484.0,14.0,8.0,2.0,0.0,0.0,91.0,773.0,23.0,1320.0,15.0,8.0,,0.0,2.0,47.0,584.0
wardca01,2006,1,CAR,NHL,60.0,3422.0,30.0,21.0,6.0,3.0,2.0,167.0,1625.0,,,,,,,,,
wardca01,2007,1,CAR,NHL,69.0,3930.0,37.0,25.0,5.0,3.0,4.0,180.0,1870.0,,,,,,,,,
wardca01,2008,1,CAR,NHL,68.0,3928.0,39.0,23.0,5.0,10.0,6.0,160.0,1901.0,18.0,1101.0,8.0,10.0,,3.0,2.0,49.0,576.0
wardca01,2009,1,CAR,NHL,47.0,2651.0,18.0,23.0,5.0,11.0,0.0,119.0,1409.0,,,,,,,,,
warwige01,1913,1,MOW,NHA,7.0,291.0,1.0,4.0,0.0,,0.0,36.0,,,,,,,,,,
wattji01,1973,1,STL,NHL,1.0,20.0,0.0,0.0,0.0,0.0,0.0,2.0,,,,,,,,,,
weekeke01,1997,1,FLO,NHL,11.0,485.0,0.0,5.0,1.0,1.0,0.0,32.0,247.0,,,,,,,,,
weekeke01,1998,1,VAN,NHL,11.0,532.0,0.0,8.0,1.0,0.0,0.0,34.0,257.0,,,,,,,,,
weekeke01,1999,1,VAN,NHL,20.0,987.0,6.0,7.0,4.0,3.0,1.0,47.0,461.0,,,,,,,,,
weekeke01,1999,2,NYI,NHL,36.0,2026.0,10.0,20.0,4.0,3.0,1.0,115.0,1173.0,,,,,,,,,
weekeke01,2000,1,TBL,NHL,61.0,3378.0,20.0,33.0,3.0,8.0,4.0,177.0,1742.0,,,,,,,,,
weekeke01,2001,1,TBL,NHL,19.0,830.0,3.0,9.0,0.0,3.0,2.0,40.0,470.0,,,,,,,,,
weekeke01,2001,2,CAR,NHL,2.0,120.0,2.0,0.0,0.0,0.0,0.0,3.0,41.0,8.0,408.0,3.0,2.0,,1.0,2.0,11.0,180.0
weekeke01,2002,1,CAR,NHL,51.0,2965.0,14.0,24.0,9.0,2.0,5.0,126.0,1438.0,,,,,,,,,
weekeke01,2003,1,CAR,NHL,66.0,3765.0,23.0,30.0,11.0,5.0,6.0,146.0,1652.0,,,,,,,,,
weekeke01,2005,1,NYR,NHL,32.0,1850.0,14.0,14.0,3.0,2.0,0.0,91.0,867.0,1.0,60.0,0.0,1.0,,0.0,0.0,4.0,25.0
weekeke01,2006,1,NYR,NHL,14.0,761.0,4.0,6.0,2.0,0.0,0.0,43.0,355.0,,,,,,,,,
weekeke01,2007,1,NJD,NHL,9.0,343.0,2.0,2.0,1.0,0.0,0.0,17.0,160.0,,,,,,,,,
weekeke01,2008,1,NJD,NHL,16.0,795.0,7.0,5.0,0.0,1.0,0.0,32.0,399.0,,,,,,,,,
weeksst01,1980,1,NYR,NHL,1.0,60.0,0.0,1.0,0.0,0.0,0.0,2.0,,1.0,14.0,0.0,0.0,,0.0,0.0,1.0,
weeksst01,1981,1,NYR,NHL,49.0,2852.0,23.0,16.0,9.0,3.0,1.0,179.0,,4.0,127.0,1.0,2.0,,1.0,0.0,9.0,
weeksst01,1982,1,NYR,NHL,18.0,1040.0,9.0,5.0,3.0,0.0,0.0,68.0,491.0,,,,,,,,,
weeksst01,1983,1,NYR,NHL,26.0,1361.0,10.0,11.0,2.0,2.0,0.0,90.0,667.0,,,,,,,,,
weeksst01,1984,1,HAR,NHL,23.0,1397.0,9.0,12.0,2.0,0.0,2.0,91.0,700.0,,,,,,,,,
weeksst01,1985,1,HAR,NHL,27.0,1544.0,13.0,13.0,0.0,2.0,1.0,99.0,723.0,3.0,169.0,1.0,2.0,,1.0,0.0,8.0,64.0
weeksst01,1986,1,HAR,NHL,25.0,1367.0,12.0,8.0,2.0,2.0,1.0,78.0,615.0,1.0,36.0,0.0,0.0,,0.0,0.0,1.0,22.0
weeksst01,1987,1,HAR,NHL,18.0,918.0,6.0,7.0,2.0,0.0,0.0,55.0,388.0,,,,,,,,,
weeksst01,1987,2,VAN,NHL,9.0,550.0,4.0,3.0,2.0,2.0,0.0,31.0,286.0,,,,,,,,,
weeksst01,1988,1,VAN,NHL,35.0,2056.0,11.0,19.0,5.0,7.0,0.0,102.0,953.0,3.0,140.0,1.0,1.0,,0.0,0.0,8.0,79.0
weeksst01,1989,1,VAN,NHL,21.0,1142.0,4.0,11.0,4.0,4.0,0.0,79.0,623.0,,,,,,,,,
weeksst01,1990,1,VAN,NHL,1.0,59.0,0.0,1.0,0.0,0.0,0.0,6.0,29.0,,,,,,,,,
weeksst01,1991,1,NYI,NHL,23.0,1032.0,9.0,4.0,2.0,0.0,0.0,62.0,566.0,,,,,,,,,
weeksst01,1991,2,LAK,NHL,7.0,252.0,1.0,3.0,0.0,1.0,0.0,17.0,136.0,,,,,,,,,
weeksst01,1992,1,OTT,NHL,7.0,249.0,0.0,5.0,0.0,0.0,0.0,30.0,144.0,,,,,,,,,
weimaty01,2007,1,COL,NHL,1.0,16.0,0.0,0.0,0.0,0.0,0.0,0.0,10.0,,,,,,,,,
wetzeca01,1964,1,DET,NHL,2.0,33.0,0.0,1.0,0.0,0.0,0.0,4.0,,,,,,,,,,
wetzeca01,1967,1,MNS,NHL,5.0,269.0,1.0,2.0,1.0,0.0,0.0,18.0,,,,,,,,,,
wetzeca01,1972,1,MFS,WHA,1.0,60.0,0.0,1.0,0.0,0.0,0.0,3.0,35.0,,,,,,,,,
whiddbo01,1972,1,CLC,WHA,26.0,1609.0,11.0,12.0,3.0,0.0,0.0,88.0,886.0,,,,,,,,,
whiddbo01,1973,1,CLC,WHA,22.0,1232.0,7.0,12.0,3.0,0.0,1.0,80.0,680.0,,,,,,,,,
whiddbo01,1974,1,CLC,WHA,29.0,1654.0,9.0,16.0,1.0,0.0,0.0,89.0,918.0,,,,,,,,,
whiddbo01,1975,1,CLC,WHA,21.0,1230.0,7.0,11.0,2.0,1.0,1.0,70.0,650.0,,,,,,,,,
whitmka01,1988,1,HAR,NHL,3.0,180.0,2.0,1.0,0.0,0.0,0.0,10.0,96.0,2.0,135.0,0.0,2.0,,0.0,0.0,10.0,73.0
whitmka01,1989,1,HAR,NHL,9.0,442.0,4.0,2.0,1.0,0.0,0.0,26.0,183.0,,,,,,,,,
whitmka01,1990,1,HAR,NHL,18.0,850.0,3.0,9.0,3.0,0.0,0.0,52.0,379.0,,,,,,,,,
whitmka01,1991,1,HAR,NHL,45.0,2567.0,14.0,21.0,6.0,2.0,3.0,155.0,1292.0,1.0,19.0,0.0,0.0,,0.0,0.0,1.0,5.0
whitmka01,1992,1,VAN,NHL,31.0,1817.0,18.0,8.0,4.0,0.0,1.0,94.0,858.0,,,,,,,,,
whitmka01,1993,1,VAN,NHL,32.0,1921.0,18.0,14.0,0.0,2.0,0.0,113.0,848.0,,,,,,,,,
whitmka01,1994,1,VAN,NHL,11.0,558.0,0.0,6.0,2.0,1.0,0.0,37.0,279.0,1.0,20.0,0.0,0.0,,0.0,0.0,2.0,18.0
whitmka01,2000,1,BOS,NHL,5.0,203.0,1.0,2.0,0.0,0.0,0.0,18.0,94.0,,,,,,,,,
whitmka01,2001,1,CAL,NHL,1.0,58.0,0.0,1.0,0.0,0.0,0.0,3.0,21.0,,,,,,,,,
wilkide01,1995,1,TBL,NHL,4.0,200.0,0.0,3.0,0.0,0.0,0.0,15.0,105.0,,,,,,,,,
wilkide01,1996,1,TBL,NHL,5.0,169.0,0.0,2.0,1.0,1.0,0.0,12.0,72.0,,,,,,,,,
wilkide01,1997,1,TBL,NHL,8.0,311.0,2.0,4.0,1.0,1.0,0.0,17.0,148.0,,,,,,,,,
wilkide01,1998,1,TBL,NHL,5.0,253.0,1.0,3.0,1.0,0.0,0.0,13.0,128.0,,,,,,,,,
wilkiia01,1972,1,NRA,WHA,5.0,253.0,1.0,3.0,0.0,0.0,0.0,27.0,172.0,,,,,,,,,
wilkiia01,1973,1,LAS,WHA,23.0,1257.0,11.0,9.0,0.0,0.0,1.0,82.0,592.0,,,,,,,,,
wilkiia01,1973,2,EDO,WHA,5.0,256.0,3.0,1.0,1.0,0.0,0.0,9.0,128.0,1.0,41.0,0.0,1.0,,0.0,0.0,4.0,28.0
willijo01,1995,1,DAL,NHL,1.0,19.0,0.0,1.0,0.0,0.0,0.0,1.0,14.0,,,,,,,,,
wilsocl01,1913,1,TBS,NHA,2.0,16.0,0.0,0.0,0.0,,0.0,0.0,,,,,,,,,,
wilsodu01,1969,1,PHI,NHL,1.0,60.0,0.0,1.0,0.0,0.0,0.0,3.0,,,,,,,,,,
wilsodu01,1970,1,VAN,NHL,35.0,1791.0,3.0,25.0,2.0,3.0,0.0,128.0,,,,,,,,,,
wilsodu01,1971,1,VAN,NHL,53.0,2870.0,16.0,30.0,3.0,1.0,1.0,173.0,,,,,,,,,,
wilsodu01,1972,1,VAN,NHL,43.0,2423.0,13.0,21.0,5.0,1.0,1.0,159.0,,,,,,,,,,
wilsodu01,1973,1,TOR,NHL,24.0,1412.0,9.0,11.0,3.0,3.0,1.0,68.0,,,,,,,,,,
wilsodu01,1974,1,TOR,NHL,25.0,1393.0,8.0,11.0,4.0,1.0,0.0,86.0,,,,,,,,,,
wilsodu01,1974,2,NYR,NHL,3.0,180.0,1.0,2.0,0.0,0.0,0.0,13.0,,,,,,,,,,
wilsodu01,1975,1,NYR,NHL,20.0,1080.0,5.0,9.0,3.0,1.0,0.0,76.0,,,,,,,,,,
wilsodu01,1976,1,PIT,NHL,45.0,2627.0,18.0,19.0,8.0,1.0,5.0,129.0,,,,,,,,,,
wilsodu01,1977,1,PIT,NHL,21.0,1180.0,5.0,11.0,3.0,0.0,0.0,95.0,,,,,,,,,,
wilsodu01,1978,1,VAN,NHL,17.0,835.0,2.0,10.0,2.0,1.0,0.0,58.0,,,,,,,,,,
wilsole01,1953,1,DET,NHL,1.0,16.0,0.0,0.0,0.0,,0.0,0.0,,,,,,,,,,
wilsole01,1955,1,TOR,NHL,1.0,13.0,0.0,0.0,0.0,,0.0,0.0,,,,,,,,,,
wilsole01,1957,1,BOS,NHL,1.0,52.0,0.0,0.0,1.0,,0.0,1.0,,,,,,,,,,
winchja01,1909,1,MOS,NHA,5.0,301.0,2.0,2.0,1.0,,0.0,26.0,,,,,,,,,,
winklha01,1921,1,EDE,WCHL,15.0,891.0,10.0,4.0,0.0,,1.0,36.0,,2.0,120.0,0.0,1.0,1.0,,0.0,3.0,
winklha01,1922,1,EDE,WCHL,29.0,1797.0,18.0,10.0,1.0,,1.0,89.0,,2.0,150.0,1.0,0.0,1.0,,1.0,3.0,
winklha01,1923,1,EDE,WCHL,26.0,1632.0,9.0,13.0,4.0,,2.0,69.0,,,,,,,,,,
winklha01,1924,1,CAT,WCHL,28.0,1680.0,17.0,11.0,0.0,,2.0,80.0,,2.0,120.0,0.0,1.0,1.0,,0.0,3.0,
winklha01,1925,1,CAT,WCHL,30.0,1843.0,10.0,17.0,3.0,,6.0,80.0,,,,,,,,,,
winklha01,1926,1,NYR,NHL,8.0,514.0,3.0,4.0,1.0,,2.0,16.0,,,,,,,,,,
winklha01,1926,2,BOS,NHL,23.0,1445.0,12.0,9.0,2.0,,4.0,40.0,,8.0,520.0,2.0,2.0,4.0,,2.0,13.0,
winklha01,1927,1,BOS,NHL,44.0,2780.0,20.0,13.0,11.0,,15.0,70.0,,2.0,120.0,0.0,1.0,1.0,,0.0,5.0,
wolfebe01,1975,1,WAS,NHL,40.0,2134.0,5.0,23.0,7.0,2.0,0.0,148.0,,,,,,,,,,
wolfebe01,1976,1,WAS,NHL,37.0,1779.0,7.0,15.0,9.0,2.0,1.0,114.0,,,,,,,,,,
wolfebe01,1977,1,WAS,NHL,25.0,1328.0,4.0,14.0,4.0,1.0,0.0,94.0,,,,,,,,,,
wolfebe01,1978,1,WAS,NHL,18.0,863.0,4.0,9.0,1.0,0.0,0.0,68.0,,,,,,,,,,
woodal01,1936,1,NYA,NHL,1.0,70.0,0.0,1.0,0.0,,0.0,3.0,,,,,,,,,,
woodwa01,1974,1,VAB,WHA,11.0,512.0,4.0,4.0,0.0,0.0,0.0,30.0,263.0,,,,,,,,,
woodwa01,1975,1,CAC,WHA,19.0,880.0,9.0,3.0,1.0,0.0,1.0,45.0,415.0,,,,,,,,,
woodwa01,1975,2,TOT,WHA,13.0,781.0,6.0,7.0,0.0,0.0,0.0,62.0,474.0,,,,,,,,,
woodwa01,1976,1,BIR,WHA,23.0,1132.0,7.0,12.0,0.0,3.0,0.0,78.0,669.0,,,,,,,,,
woodwa01,1977,1,BIR,WHA,32.0,1551.0,12.0,10.0,2.0,0.0,1.0,99.0,794.0,1.0,29.0,0.0,0.0,,0.0,0.0,3.0,
woodwa01,1978,1,BIR,WHA,6.0,311.0,1.0,3.0,0.0,0.0,0.0,21.0,156.0,,,,,,,,,
worslgu01,1952,1,NYR,NHL,50.0,3000.0,13.0,29.0,8.0,,2.0,153.0,,,,,,,,,,
worslgu01,1954,1,NYR,NHL,65.0,3900.0,15.0,33.0,17.0,,4.0,197.0,,,,,,,,,,
worslgu01,1955,1,NYR,NHL,70.0,4200.0,32.0,28.0,10.0,,4.0,203.0,,3.0,180.0,0.0,3.0,,,0.0,15.0,
worslgu01,1956,1,NYR,NHL,68.0,4080.0,26.0,28.0,14.0,,3.0,220.0,,5.0,315.0,1.0,4.0,,,0.0,22.0,
worslgu01,1957,1,NYR,NHL,37.0,2220.0,21.0,10.0,6.0,,4.0,86.0,,6.0,365.0,2.0,4.0,,,0.0,28.0,
worslgu01,1958,1,NYR,NHL,67.0,4001.0,26.0,30.0,11.0,,2.0,205.0,,,,,,,,,,
worslgu01,1959,1,NYR,NHL,39.0,2301.0,7.0,23.0,8.0,,0.0,137.0,,,,,,,,,,
worslgu01,1960,1,NYR,NHL,59.0,3473.0,20.0,29.0,8.0,,1.0,193.0,,,,,,,,,,
worslgu01,1961,1,NYR,NHL,60.0,3531.0,22.0,27.0,9.0,,2.0,174.0,,6.0,384.0,2.0,4.0,,,0.0,22.0,
worslgu01,1962,1,NYR,NHL,67.0,3980.0,22.0,34.0,10.0,,2.0,219.0,,,,,,,,,,
worslgu01,1963,1,MTL,NHL,8.0,444.0,3.0,2.0,2.0,0.0,1.0,22.0,,,,,,,,,,
worslgu01,1964,1,MTL,NHL,19.0,1080.0,10.0,7.0,1.0,0.0,1.0,50.0,,8.0,501.0,5.0,3.0,,2.0,2.0,14.0,
worslgu01,1965,1,MTL,NHL,51.0,2899.0,29.0,14.0,6.0,3.0,2.0,114.0,,10.0,603.0,8.0,2.0,,0.0,1.0,20.0,
worslgu01,1966,1,MTL,NHL,18.0,888.0,9.0,6.0,2.0,0.0,1.0,47.0,,2.0,80.0,0.0,1.0,,1.0,0.0,2.0,
worslgu01,1967,1,MTL,NHL,40.0,2213.0,19.0,9.0,8.0,1.0,6.0,73.0,,12.0,669.0,11.0,0.0,,0.0,1.0,21.0,
worslgu01,1968,1,MTL,NHL,30.0,1703.0,19.0,5.0,4.0,0.0,5.0,64.0,,7.0,370.0,5.0,1.0,,0.0,0.0,14.0,
worslgu01,1969,1,MTL,NHL,6.0,360.0,3.0,1.0,2.0,0.0,0.0,14.0,,,,,,,,,,
worslgu01,1969,2,MNS,NHL,8.0,453.0,5.0,1.0,1.0,0.0,1.0,20.0,,3.0,180.0,1.0,2.0,,0.0,0.0,14.0,
worslgu01,1970,1,MNS,NHL,24.0,1369.0,4.0,10.0,8.0,0.0,0.0,57.0,,4.0,240.0,3.0,1.0,,0.0,0.0,13.0,
worslgu01,1971,1,MNS,NHL,34.0,1923.0,16.0,10.0,7.0,0.0,2.0,68.0,,4.0,194.0,2.0,1.0,,0.0,1.0,7.0,
worslgu01,1972,1,MNS,NHL,12.0,624.0,6.0,2.0,3.0,0.0,0.0,30.0,,,,,,,,,,
worslgu01,1973,1,MNS,NHL,29.0,1601.0,8.0,14.0,5.0,0.0,0.0,86.0,,,,,,,,,,
wortero01,1925,1,PIP,NHL,35.0,2145.0,18.0,16.0,1.0,,7.0,68.0,,2.0,120.0,0.0,1.0,1.0,,0.0,6.0,
wortero01,1926,1,PIP,NHL,44.0,2711.0,15.0,26.0,3.0,,4.0,108.0,,,,,,,,,,
wortero01,1927,1,PIP,NHL,44.0,2740.0,19.0,17.0,8.0,,11.0,76.0,,2.0,120.0,1.0,1.0,0.0,,0.0,6.0,
wortero01,1928,1,NYA,NHL,38.0,2390.0,16.0,12.0,10.0,,13.0,46.0,,2.0,150.0,0.0,1.0,1.0,,1.0,1.0,
wortero01,1929,1,MTL,NHL,1.0,60.0,1.0,0.0,0.0,,0.0,2.0,,,,,,,,,,
wortero01,1929,2,NYA,NHL,36.0,2270.0,11.0,21.0,4.0,,2.0,135.0,,,,,,,,,,
wortero01,1930,1,NYA,NHL,44.0,2760.0,18.0,16.0,10.0,,8.0,74.0,,,,,,,,,,
wortero01,1931,1,NYA,NHL,40.0,2459.0,12.0,20.0,8.0,,5.0,110.0,,,,,,,,,,
wortero01,1932,1,NYA,NHL,47.0,2970.0,15.0,22.0,10.0,,5.0,116.0,,,,,,,,,,
wortero01,1933,1,NYA,NHL,36.0,2240.0,12.0,13.0,10.0,,4.0,75.0,,,,,,,,,,
wortero01,1934,1,NYA,NHL,48.0,3000.0,12.0,27.0,9.0,,3.0,142.0,,,,,,,,,,
wortero01,1935,1,NYA,NHL,48.0,3000.0,16.0,25.0,7.0,,3.0,122.0,,5.0,300.0,2.0,3.0,,,2.0,11.0,
wortero01,1936,1,NYA,NHL,23.0,1430.0,6.0,14.0,3.0,,2.0,69.0,,,,,,,,,,
worthch01,1968,1,OAK,NHL,14.0,786.0,4.0,6.0,3.0,0.0,0.0,54.0,,,,,,,,,,
worthch01,1969,1,OAK,NHL,1.0,60.0,0.0,1.0,0.0,0.0,0.0,5.0,,,,,,,,,,
worthch01,1970,1,CLF,NHL,11.0,480.0,1.0,3.0,1.0,1.0,0.0,39.0,,,,,,,,,,
worthch01,1973,1,EDO,WHA,29.0,1452.0,11.0,12.0,1.0,1.0,1.0,92.0,866.0,3.0,146.0,1.0,1.0,,1.0,0.0,8.0,72.0
worthch01,1974,1,EDO,WHA,29.0,1660.0,11.0,13.0,3.0,0.0,1.0,99.0,929.0,,,,,,,,,
worthch01,1975,1,EDO,WHA,24.0,1256.0,5.0,14.0,0.0,1.0,1.0,98.0,711.0,1.0,60.0,0.0,1.0,,0.0,0.0,7.0,
wreggke01,1983,1,TOR,NHL,3.0,165.0,1.0,1.0,1.0,0.0,0.0,14.0,128.0,,,,,,,,,
wreggke01,1984,1,TOR,NHL,23.0,1278.0,2.0,15.0,3.0,4.0,0.0,103.0,752.0,,,,,,,,,
wreggke01,1985,1,TOR,NHL,30.0,1566.0,9.0,13.0,4.0,3.0,0.0,113.0,901.0,10.0,607.0,6.0,4.0,,1.0,1.0,32.0,323.0
wreggke01,1986,1,TOR,NHL,56.0,3026.0,22.0,28.0,3.0,3.0,0.0,200.0,1598.0,13.0,761.0,7.0,6.0,,2.0,1.0,29.0,368.0
wreggke01,1987,1,TOR,NHL,56.0,3000.0,12.0,35.0,4.0,3.0,2.0,222.0,1712.0,2.0,108.0,0.0,1.0,,0.0,0.0,11.0,62.0
wreggke01,1988,1,TOR,NHL,32.0,1888.0,9.0,20.0,2.0,1.0,0.0,139.0,1037.0,,,,,,,,,
wreggke01,1988,2,PHI,NHL,3.0,130.0,1.0,1.0,0.0,0.0,0.0,13.0,73.0,5.0,268.0,2.0,2.0,,1.0,0.0,10.0,139.0
wreggke01,1989,1,PHI,NHL,51.0,2961.0,22.0,24.0,3.0,3.0,0.0,169.0,1560.0,,,,,,,,,
wreggke01,1990,1,PHI,NHL,30.0,1484.0,10.0,14.0,3.0,3.0,0.0,88.0,660.0,,,,,,,,,
wreggke01,1991,1,PHI,NHL,23.0,1259.0,9.0,8.0,3.0,1.0,0.0,75.0,557.0,,,,,,,,,
wreggke01,1991,2,PIT,NHL,9.0,448.0,5.0,3.0,0.0,2.0,0.0,31.0,202.0,1.0,40.0,0.0,0.0,,0.0,0.0,4.0,16.0
wreggke01,1992,1,PIT,NHL,25.0,1368.0,13.0,7.0,2.0,2.0,0.0,78.0,692.0,,,,,,,,,
wreggke01,1993,1,PIT,NHL,42.0,2456.0,21.0,12.0,7.0,0.0,1.0,138.0,1291.0,,,,,,,,,
wreggke01,1994,1,PIT,NHL,38.0,2208.0,25.0,9.0,2.0,1.0,0.0,118.0,1219.0,11.0,661.0,5.0,6.0,,2.0,1.0,33.0,349.0
wreggke01,1995,1,PIT,NHL,37.0,2132.0,20.0,13.0,2.0,4.0,3.0,115.0,1205.0,9.0,599.0,7.0,2.0,,1.0,0.0,23.0,328.0
wreggke01,1996,1,PIT,NHL,46.0,2514.0,17.0,17.0,6.0,6.0,2.0,136.0,1383.0,5.0,297.0,1.0,4.0,,2.0,0.0,18.0,211.0
wreggke01,1997,1,PIT,NHL,15.0,611.0,3.0,6.0,2.0,2.0,0.0,28.0,293.0,,,,,,,,,
wreggke01,1998,1,CAL,NHL,27.0,1590.0,10.0,12.0,4.0,2.0,1.0,67.0,712.0,,,,,,,,,
wreggke01,1999,1,DET,NHL,29.0,1579.0,14.0,10.0,2.0,1.0,0.0,70.0,700.0,,,,,,,,,
yeatsma01,2003,1,WAS,NHL,5.0,258.0,1.0,3.0,0.0,0.0,0.0,13.0,141.0,,,,,,,,,
yeremvi01,2000,1,NYR,NHL,4.0,212.0,0.0,4.0,0.0,0.0,0.0,16.0,104.0,,,,,,,,,
youngdo01,1933,1,DET,NHL,1.0,21.0,0.0,0.0,0.0,,0.0,1.0,,,,,,,,,,
youngwe01,1985,1,VAN,NHL,22.0,1023.0,4.0,9.0,3.0,1.0,0.0,61.0,536.0,1.0,60.0,0.0,1.0,,0.0,0.0,5.0,32.0
youngwe01,1986,1,VAN,NHL,8.0,420.0,1.0,6.0,1.0,2.0,0.0,35.0,224.0,,,,,,,,,
youngwe01,1987,1,PHI,NHL,6.0,320.0,3.0,2.0,0.0,1.0,0.0,20.0,149.0,,,,,,,,,
youngwe01,1988,1,PIT,NHL,22.0,1150.0,12.0,9.0,0.0,0.0,0.0,92.0,673.0,1.0,39.0,0.0,0.0,,0.0,0.0,1.0,11.0
youngwe01,1989,1,PIT,NHL,43.0,2318.0,16.0,20.0,3.0,4.0,1.0,161.0,1267.0,,,,,,,,,
youngwe01,1990,1,PIT,NHL,18.0,773.0,4.0,6.0,2.0,0.0,0.0,52.0,428.0,,,,,,,,,
youngwe01,1991,1,PIT,NHL,18.0,838.0,7.0,6.0,0.0,4.0,0.0,53.0,476.0,,,,,,,,,
youngwe01,1992,1,TBL,NHL,31.0,1591.0,7.0,19.0,2.0,2.0,0.0,97.0,758.0,,,,,,,,,
youngwe01,1993,1,TBL,NHL,9.0,480.0,2.0,3.0,1.0,1.0,1.0,20.0,211.0,,,,,,,,,
youngwe01,1994,1,PIT,NHL,10.0,497.0,3.0,6.0,0.0,1.0,0.0,27.0,255.0,,,,,,,,,
zabama01,2009,1,NYR,NHL,1.0,34.0,0.0,0.0,0.0,0.0,0.0,2.0,16.0,,,,,,,,,
zaniemi01,1984,1,EDM,NHL,3.0,185.0,1.0,1.0,1.0,0.0,0.0,12.0,100.0,,,,,,,,,
zimmely01,1975,1,DOT,WHA,8.0,495.0,2.0,6.0,0.0,0.0,0.0,31.0,301.0,,,,,,,,,
zimmely01,1977,1,HOU,WHA,20.0,1166.0,10.0,9.0,0.0,2.0,0.0,84.0,641.0,4.0,131.0,1.0,2.0,,0.0,0.0,8.0,
